Date,AAPL,ADBE,AMAT,AMD,AMGN,AMZN,APH,ASML,AVGO,BA,BABA,BAC,BKNG,C,CAT,COST,CRM,CSCO,CVX,DIS,ETN,GE,GOOGL,GS,HD,HSBC,IBM,JNJ,JPM,KO,LLY,LRCX,MA,META,MS,MSFT,NEE,NFLX,NVDA,NVS,ORCL,PFE,PG,PLTR,PM,QCOM,SAN,SAP,TM,TSLA,TSM,UNH,V,VZ,WFC,WMT,XOM
2023-01-03,123.33065032958984,336.9200134277344,94.34111785888672,64.0199966430664,239.42544555664062,85.81999969482422,37.28932571411133,535.6754760742188,53.020179748535156,195.38999938964844,87.35295104980469,31.135231018066406,2003.318603515625,41.29408645629883,227.6172637939453,435.6617736816406,133.37701416015625,43.91538619995117,155.10035705566406,87.5111312866211,151.51625061035156,52.20121383666992,88.50955200195312,322.68597412109375,294.6044921875,25.537296295166016,127.56920623779297,163.68861389160156,125.49221801757812,57.92315673828125,356.9464111328125,40.21726608276367,340.7566223144531,123.97571563720703,77.92536163330078,234.42356872558594,77.34491729736328,294.95001220703125,14.30147933959961,82.09526062011719,80.66851806640625,43.85123825073242,141.4970703125,6.389999866485596,89.05001068115234,100.65719604492188,2.7109203338623047,100.1070785522461,128.38607788085938,108.0999984741211,71.0671157836914,494.2808837890625,203.1567840576172,32.78288269042969,38.84187316894531,46.2414665222168,96.91059112548828
2023-01-04,124.60270690917969,341.4100036621094,96.85739135742188,64.66000366210938,241.93272399902344,85.13999938964844,37.84085464477539,556.3980102539062,53.66774368286133,203.63999938964844,98.69230651855469,31.7205867767334,2080.436279296875,42.35846710205078,229.98033142089844,438.8143005371094,138.1369171142578,43.90615463256836,153.45120239257812,90.4717788696289,152.54397583007812,55.23954391479492,87.47666931152344,324.0654296875,298.1668395996094,26.38503646850586,128.5155029296875,165.4707489013672,126.6624755859375,57.89555358886719,355.09808349609375,41.00937271118164,348.9610595703125,126.58961486816406,78.77079772949219,224.16915893554688,77.95384979248047,309.4100036621094,14.735071182250977,81.76583862304688,81.40081787109375,42.88456726074219,142.11318969726562,6.579999923706055,88.98847961425781,104.72291564941406,2.81935715675354,102.90868377685547,127.37406158447266,113.63999938964844,73.26546478271484,480.80511474609375,208.27024841308594,33.608184814453125,39.64120101928711,46.292972564697266,97.19265747070312
2023-01-05,123.28134155273438,328.44000244140625,95.50172424316406,62.33000183105469,244.19288635253906,83.12000274658203,37.43574523925781,551.0272827148438,53.167701721191406,204.99000549316406,99.31910705566406,31.65555191040039,2114.44580078125,42.16904830932617,228.9512481689453,432.6919250488281,134.92076110839844,43.28750228881836,156.2146453857422,90.41275024414062,150.98800659179688,56.097251892089844,85.60953521728516,320.39324951171875,294.194091796875,27.25700569152832,127.17266082763672,164.24899291992188,126.63439178466797,57.23305130004883,351.01019287109375,40.48518753051758,345.63995361328125,126.1622543334961,78.107177734375,217.52528381347656,76.23773956298828,309.70001220703125,14.251526832580566,80.83992767333984,81.23701477050781,42.48249053955078,140.34881591796875,6.320000171661377,88.6280517578125,102.72293090820312,2.8103206157684326,102.20588684082031,125.82356262207031,110.33999633789062,72.69908905029297,466.9479675292969,206.8008575439453,34.07394027709961,39.42741775512695,46.13518524169922,99.36725616455078
2023-01-06,127.81737518310547,332.75,101.69489288330078,63.959999084472656,251.82452392578125,86.08000183105469,38.348453521728516,580.7853393554688,56.368186950683594,213.0,101.99724578857422,31.97145652770996,2148.268310546875,42.67417526245117,237.126708984375,464.1016845703125,139.04733276367188,44.617149353027344,157.3913116455078,92.37995910644531,154.73390197753906,56.608734130859375,86.74172973632812,324.4195556640625,296.1151428222656,27.70106315612793,129.50685119628906,165.58096313476562,129.0576171875,58.337215423583984,354.94158935546875,43.2236213684082,361.8492431640625,129.223388671875,79.59803771972656,220.08888244628906,77.1788330078125,315.54998779296875,14.844965934753418,82.1664810180664,82.5378189086914,43.560386657714844,143.69091796875,6.400000095367432,90.97517395019531,108.30037689208984,2.891648292541504,105.0459976196289,129.02670288085938,113.05999755859375,74.94541931152344,466.986083984375,213.3053436279297,34.474327087402344,39.78061294555664,47.26546859741211,100.56826782226562
2023-01-09,128.33999633789062,341.9800109863281,103.86006927490234,67.23999786376953,247.17605590820312,87.36000061035156,38.61690139770508,605.6211547851562,55.26271438598633,208.57000732421875,105.25470733642578,31.488306045532227,2177.01318359375,42.88163375854492,234.9923553466797,460.1418151855469,145.56875610351562,44.85723114013672,156.1611328125,93.21601104736328,154.52256774902344,57.183162689208984,87.41706848144531,329.00518798828125,296.37628173828125,27.579954147338867,129.37164306640625,161.291015625,128.52432250976562,57.61030197143555,342.1204833984375,43.91865921020508,365.09698486328125,128.67672729492188,79.6707763671875,222.2317352294922,77.56632995605469,315.1700134277344,15.613239288330078,80.08316040039062,83.58235168457031,41.396053314208984,141.93580627441406,6.5,89.92908477783203,107.61494445800781,2.9006845951080322,107.28921508789062,129.92730712890625,119.7699966430664,77.09576416015625,467.04327392578125,214.13800048828125,34.33572006225586,39.3995361328125,46.67617416381836,98.69393920898438
2023-01-10,128.9119110107422,338.70001220703125,105.37179565429688,68.05000305175781,250.61663818359375,89.87000274658203,38.70475769042969,617.3762817382812,55.0749626159668,206.69000244140625,109.10095977783203,31.70200538635254,2189.375,43.46794128417969,238.6989288330078,462.6888427734375,145.9051971435547,45.06959915161133,156.92779541015625,93.99307250976562,154.07113647460938,59.229068756103516,87.81433868408203,333.06878662109375,299.0060729980469,27.765649795532227,130.4982147216797,160.9051971435547,129.67510986328125,57.16863250732422,344.9761047363281,44.51856231689453,365.1363525390625,132.1751708984375,80.83436584472656,223.92454528808594,77.99998474121094,327.5400085449219,15.893973350524902,80.51941680908203,83.65972900390625,40.737342834472656,141.7957763671875,6.699999809265137,89.83238983154297,109.77456665039062,2.9277937412261963,109.19546508789062,129.18453979492188,118.8499984741211,78.01736450195312,463.1739807128906,216.5771484375,34.817108154296875,39.37165451049805,46.64720153808594,100.16793823242188
2023-01-11,131.633544921875,342.92999267578125,107.34190368652344,69.05999755859375,249.72903442382812,95.08999633789062,39.37831115722656,628.3807983398438,55.38246154785156,208.02999877929688,109.23391723632812,31.943586349487305,2193.18017578125,43.936988830566406,238.90850830078125,465.4856872558594,143.39163208007812,45.43894577026367,156.17898559570312,94.75045013427734,157.60569763183594,61.13332748413086,90.89309692382812,339.704833984375,306.81158447265625,27.935195922851562,130.91278076171875,160.64801025390625,130.6387939453125,57.0582160949707,352.46734619140625,45.0709114074707,371.8779296875,132.07577514648438,81.29801177978516,230.6956024169922,78.42440032958984,327.260009765625,15.985886573791504,80.54612731933594,85.69076538085938,40.5919189453125,140.6475372314453,6.980000019073486,89.71809387207031,111.16423797607422,2.9097213745117188,110.59146118164062,128.91531372070312,123.22000122070312,78.5069351196289,470.2264404296875,217.56654357910156,34.17802810668945,39.724853515625,47.056156158447266,101.33257293701172
2023-01-12,131.55467224121094,344.5400085449219,107.47845458984375,70.80000305175781,247.90805053710938,95.2699966430664,39.485679626464844,636.0616455078125,55.74647521972656,214.32000732421875,107.45799255371094,32.0272102355957,2224.685791015625,44.27975082397461,243.0439453125,463.6788024902344,148.04270935058594,45.24504470825195,157.8548583984375,98.17337799072266,158.20123291015625,62.053993225097656,90.5057601928711,344.7936706542969,307.6229553222656,28.597248077392578,131.1741180419922,159.83958435058594,130.50779724121094,56.322105407714844,351.20574951171875,45.628116607666016,373.7970275878906,135.87240600585938,82.29798889160156,233.37661743164062,78.4889907836914,330.1300048828125,16.495403289794922,80.62625122070312,85.8648681640625,40.814334869384766,139.85401916503906,7.010000228881836,89.17308044433594,114.16893005371094,2.991048574447632,112.33403778076172,132.1741485595703,123.55999755859375,83.51801300048828,472.3898010253906,219.0554962158203,34.70090866088867,39.808502197265625,46.63109588623047,103.01585388183594
2023-01-13,132.88589477539062,344.3800048828125,107.25413513183594,71.0,248.64927673339844,98.12000274658203,39.22699737548828,643.0114135742188,55.464839935302734,214.1300048828125,111.12381744384766,32.73333740234375,2268.622314453125,45.02841567993164,246.27407836914062,466.38916015625,147.95364379882812,45.13423538208008,158.2827606201172,97.77011108398438,157.9514923095703,63.108428955078125,91.48899841308594,348.5776672363281,308.8725891113281,29.186634063720703,131.4805450439453,159.31597900390625,133.80111694335938,56.5245361328125,353.65069580078125,45.98048400878906,369.574951171875,136.14071655273438,83.32524871826172,234.0811309814453,78.12915802001953,332.82000732421875,16.883039474487305,81.07139587402344,86.27107238769531,40.93410110473633,140.85289001464844,6.960000038146973,89.4016342163086,112.90132141113281,3.045267105102539,112.6517562866211,130.2615509033203,122.4000015258789,83.3260269165039,466.5763244628906,218.50692749023438,34.74240493774414,41.10044479370117,46.78566360473633,102.9521484375
2023-01-17,134.0494842529297,344.3800048828125,106.70796203613281,71.58999633789062,246.53550720214844,96.05000305175781,39.3831901550293,641.5492553710938,55.48783493041992,211.41000366210938,109.39537048339844,32.07365798950195,2300.838134765625,45.38020706176758,244.1778106689453,467.85009765625,146.92446899414062,44.395545959472656,160.89466857910156,98.27174377441406,155.9921112060547,63.336631774902344,90.66466522216797,326.134521484375,305.4407958984375,29.307737350463867,130.84971618652344,158.3330841064453,131.73342895507812,56.75457000732422,349.85614013671875,45.72032165527344,369.0632019042969,134.5306854248047,88.25238037109375,235.177001953125,79.10716247558594,326.2200012207031,17.685283660888672,82.24661254882812,85.69076538085938,39.41992950439453,140.44215393066406,7.070000171661377,88.98847961425781,112.93889617919922,3.0091214179992676,111.88154602050781,134.41171264648438,131.49000549316406,85.42839050292969,462.2971496582031,218.44815063476562,33.90414047241211,41.00749206542969,46.50227737426758,102.75199127197266
2023-01-18,133.32962036132812,341.30999755859375,106.99079132080078,70.52999877929688,241.93272399902344,95.45999908447266,38.514408111572266,635.7984008789062,55.01365280151367,209.41000366210938,107.52447509765625,31.33035659790039,2263.8017578125,44.58643341064453,240.9000244140625,460.83380126953125,143.9359130859375,43.305965423583984,157.98858642578125,97.41600799560547,151.30494689941406,62.37662124633789,90.495849609375,325.3609619140625,301.8597106933594,29.210851669311523,126.54180145263672,155.94468688964844,127.77584075927734,55.033897399902344,344.25244140625,45.32232666015625,363.0794372558594,132.20501708984375,87.7978515625,230.73472595214844,77.31724548339844,326.3299865722656,17.360591888427734,82.05074310302734,83.86284637451172,38.49601745605469,136.6799774169922,6.900000095367432,87.2567138671875,114.59146881103516,3.0091214179992676,112.7191390991211,135.09877014160156,128.77999877929688,85.88917541503906,453.87237548828125,214.98043823242188,33.17376708984375,40.319698333740234,45.352699279785156,100.64108276367188
2023-01-19,133.38880920410156,342.5299987792969,103.5382308959961,67.70999908447266,239.77313232421875,93.68000030517578,37.767635345458984,614.3156127929688,53.953216552734375,207.08999633789062,110.71544647216797,30.87508201599121,2282.482421875,44.53230667114258,235.28009033203125,451.24169921875,144.8859405517578,42.89968490600586,159.56643676757812,97.45535278320312,145.85899353027344,60.48021697998047,92.41262817382812,326.9080810546875,289.9136657714844,29.380395889282227,126.73106384277344,155.7333984375,126.07301330566406,54.95108413696289,343.3429260253906,44.06038284301758,362.11492919921875,135.31582641601562,85.58879089355469,226.93821716308594,76.2008285522461,315.7799987792969,16.74916648864746,82.11306762695312,83.11813354492188,38.46179962158203,133.78944396972656,6.730000019073486,88.95331573486328,110.40367126464844,2.972975969314575,111.36165618896484,133.8639373779297,127.16999816894531,84.86199188232422,461.6109924316406,215.91102600097656,33.248470306396484,39.92002868652344,44.7054443359375,101.2870864868164
2023-01-20,135.95260620117188,356.3800048828125,106.9420394897461,70.06999969482422,240.88038635253906,97.25,38.10441589355469,632.4453735351562,54.67741394042969,206.75999450683594,113.8304443359375,31.451133728027344,2310.961669921875,46.08377456665039,239.07139587402344,461.448974609375,149.67556762695312,43.19516372680664,161.2601318359375,101.783203125,149.36476135253906,61.12546920776367,97.34856414794922,318.603759765625,293.75579833984375,29.743717193603516,127.25376892089844,155.0076904296875,126.38176727294922,55.2823371887207,338.4433898925781,45.866905212402344,370.32293701171875,138.51608276367188,87.48876190185547,235.04978942871094,75.49040985107422,342.5,17.82215118408203,81.97061920166016,84.38511657714844,38.590118408203125,134.30612182617188,7.019999980926514,89.50712585449219,115.39899444580078,3.0271944999694824,112.75765228271484,135.65585327148438,133.4199981689453,87.38672637939453,463.8601379394531,219.73141479492188,33.198665618896484,40.82160186767578,45.2560920715332,103.13412475585938
2023-01-23,139.14755249023438,364.9800109863281,111.34066772460938,76.52999877929688,238.80322265625,97.5199966430664,38.514408111572266,658.938232421875,55.7167854309082,209.97000122070312,113.51704406738281,31.887836456298828,2367.4375,46.886566162109375,241.9340057373047,473.4631042480469,154.24745178222656,43.859989166259766,161.04620361328125,103.95695495605469,152.64002990722656,62.77006149291992,99.10645294189453,325.4075622558594,294.2033996582031,29.72757339477539,127.84857177734375,154.61265563964844,128.4307403564453,55.42036056518555,334.6684265136719,47.64139175415039,372.5766296386719,142.3922119140625,88.29782104492188,237.3590087890625,76.27465057373047,357.4200134277344,19.17487335205078,82.09526062011719,86.04861450195312,38.478912353515625,132.50244140625,7.380000114440918,88.91814422607422,123.03277587890625,3.0271944999694824,112.36292266845703,135.58157348632812,143.75,91.8314208984375,462.9928894042969,219.6040802001953,32.891578674316406,41.853294372558594,45.93232345581055,102.59729766845703
2023-01-24,140.54782104492188,361.32000732421875,110.19955444335938,74.69999694824219,237.64111328125,96.31999969482422,38.77308654785156,653.0704956054688,56.042484283447266,211.97999572753906,113.43157196044922,32.12010955810547,2368.186279296875,46.38143539428711,246.63478088378906,472.98248291015625,153.2479705810547,44.14623260498047,161.19773864746094,104.26187896728516,155.30059814453125,63.50187683105469,97.03076171875,324.652587890625,296.2643737792969,29.622610092163086,127.51514434814453,154.61265563964844,129.5347442626953,55.71480941772461,338.7563171386719,47.323001861572266,373.99383544921875,142.2629852294922,86.82515716552734,236.8306427001953,77.40950012207031,363.8299865722656,19.246803283691406,81.92609405517578,86.75464630126953,38.2479362487793,133.22581481933594,7.019999980926514,89.05001068115234,122.72290802001953,3.0091214179992676,111.86229705810547,135.56298828125,143.88999938964844,90.77543640136719,468.5110168457031,219.3199920654297,33.5472526550293,41.314212799072266,46.0546875,103.55265808105469
2023-01-25,139.88714599609375,358.1700134277344,111.13582611083984,74.91000366210938,234.74952697753906,97.18000030517578,38.734039306640625,664.299072265625,56.10475158691406,212.67999267578125,114.20082092285156,32.39884948730469,2356.761474609375,46.81439971923828,247.429443359375,471.80035400390625,154.54432678222656,44.30320739746094,159.63772583007812,106.34712219238281,152.85133361816406,63.572696685791016,94.56775665283203,325.8641662597656,295.8634033203125,29.9374942779541,126.85723876953125,155.71499633789062,130.16162109375,56.06446075439453,342.0227355957031,47.41035842895508,376.3362121582031,140.633056640625,86.94331359863281,235.43141174316406,70.66499328613281,367.9599914550781,19.304752349853516,82.62944030761719,86.69661712646484,38.5558967590332,133.13186645507812,7.21999979019165,90.91365051269531,123.16424560546875,3.018157720565796,111.83341217041016,135.69297790527344,144.42999267578125,88.71150207519531,469.3686828613281,220.3094024658203,33.47256088256836,42.14142608642578,45.83571243286133,103.00675201416016
2023-01-26,141.95794677734375,365.82000732421875,112.72557830810547,75.16000366210938,233.23048400878906,99.22000122070312,38.26060104370117,666.6092529296875,57.34049606323242,212.72999572753906,114.50473022460938,32.835548400878906,2396.586669921875,47.075984954833984,250.95266723632812,478.93194580078125,163.37147521972656,44.635616302490234,167.402099609375,107.90120697021484,154.54176330566406,63.84809494018555,96.85198974609375,330.8412780761719,292.64605712890625,30.26044273376465,121.17046356201172,155.1454620361328,130.96620178222656,55.95404815673828,340.3406677246094,48.317996978759766,371.2677307128906,146.39749145507812,87.7251205444336,242.66233825683594,70.48969268798828,364.8699951171875,19.783294677734375,79.98522186279297,86.8803939819336,38.201942443847656,132.59642028808594,7.239999771118164,91.70481872558594,125.78394317626953,3.117558479309082,109.85013580322266,135.0616455078125,160.27000427246094,89.70988464355469,469.3496398925781,220.12327575683594,33.422760009765625,42.57826614379883,45.79385757446289,107.14665985107422
2023-01-27,143.9005584716797,370.7099914550781,109.72164916992188,75.4000015258789,232.10496520996094,102.23999786376953,38.38749694824219,650.5166625976562,56.61341094970703,211.1699981689453,112.42488861083984,32.9377555847168,2429.472412109375,46.7783203125,253.26959228515625,483.72796630859375,162.80738830566406,44.79258728027344,159.96759033203125,107.74382781982422,155.8288116455078,65.49270629882812,98.6893310546875,329.6575927734375,295.3318176269531,29.994009017944336,121.11640930175781,154.5391845703125,131.2843475341797,55.65959930419922,334.5609130859375,46.8745231628418,368.10858154296875,150.81028747558594,88.0523910522461,242.81890869140625,69.73314666748047,360.7699890136719,20.34576416015625,79.67361450195312,86.0679702758789,37.80481719970703,132.0515594482422,7.550000190734863,91.2125244140625,125.25812530517578,3.0814127922058105,108.99327850341797,136.63070678710938,177.89999389648438,89.56588745117188,463.2215576171875,226.7158660888672,33.7298469543457,42.866397857666016,46.14485168457031,105.19044494628906
2023-01-30,141.0113067626953,363.4200134277344,105.52784729003906,72.44999694824219,230.21994018554688,100.55000305175781,38.21179962158203,633.8685302734375,55.69953918457031,209.6699981689453,105.6060791015625,32.79838180541992,2402.334228515625,46.679100036621094,250.3590850830078,483.7184143066406,163.03501892089844,44.524810791015625,155.28756713867188,105.82579803466797,154.51295471191406,63.60417175292969,96.2759780883789,333.16192626953125,293.0470886230469,29.92134666442871,121.93653106689453,148.816162109375,130.17098999023438,55.7976188659668,332.99603271484375,46.46195983886719,365.2445373535156,146.15896606445312,87.9378433227539,237.4862060546875,69.24413299560547,353.1099853515625,19.143901824951172,79.80716705322266,84.4818115234375,37.59761428833008,132.4648895263672,7.369999885559082,91.2740707397461,123.5961685180664,3.0814127922058105,111.7660140991211,134.79238891601562,166.66000366210938,89.40267944335938,462.973876953125,224.42367553710938,34.070133209228516,43.024410247802734,45.77452850341797,103.32518005371094
2023-01-31,142.28335571289062,370.3399963378906,108.73660278320312,75.1500015258789,230.96115112304688,103.12999725341797,38.93415451049805,644.1323852539062,56.040565490722656,213.0,104.65638732910156,32.96562576293945,2399.495361328125,47.103050231933594,241.54144287109375,491.2728576660156,166.22149658203125,44.940330505371094,155.1270751953125,106.71104431152344,155.80003356933594,63.32875442504883,98.16295623779297,340.94439697265625,302.3073425292969,29.824459075927734,121.42280578613281,150.12062072753906,130.94752502441406,56.42332077026367,336.5657043457031,48.54611587524414,364.7328796386719,148.05726623535156,89.19332122802734,242.47645568847656,68.85662078857422,353.8599853515625,19.518550872802734,80.67967224121094,85.55536651611328,38.124244689941406,133.75186157226562,7.78000020980835,91.63448333740234,125.07972717285156,3.117558479309082,114.11512756347656,136.5843048095703,173.22000122070312,89.01869201660156,475.74444580078125,225.51101684570312,34.50171661376953,43.56348419189453,46.32840347290039,105.55440521240234
2023-02-01,143.40750122070312,383.9200134277344,116.07088470458984,84.63999938964844,225.47994995117188,105.1500015258789,39.60282516479492,661.375,57.739959716796875,214.75,107.14459228515625,33.374446868896484,2410.9697265625,47.0399055480957,238.90859985351562,497.7796630859375,170.03143310546875,44.847991943359375,152.75587463378906,107.59629821777344,156.88534545898438,64.77662658691406,99.74207305908203,340.8511657714844,305.9629821777344,29.824459075927734,121.74727630615234,151.49855041503906,130.60134887695312,56.43252182006836,335.0205383300781,51.47383117675781,368.1576843261719,152.18185424804688,89.98141479492188,247.3101348876953,68.49678802490234,361.989990234375,20.9232177734375,78.55183410644531,87.09318542480469,37.96022033691406,134.5127716064453,8.199999809265137,92.64541625976562,130.00930786132812,3.171776533126831,116.52201080322266,137.94911193847656,181.41000366210938,90.9482421875,473.6573486328125,226.18692016601562,34.6013069152832,43.99103927612305,46.58600616455078,104.39884948730469
2023-02-02,148.72254943847656,392.2300109863281,121.19120788574219,88.30999755859375,225.5897216796875,112.91000366210938,40.066497802734375,678.939453125,58.02925109863281,209.33999633789062,104.21952819824219,33.569557189941406,2419.7919921875,47.103050231933594,234.46630859375,503.9609680175781,172.8220672607422,45.5405158996582,150.66099548339844,111.35365295410156,155.5598907470703,66.05138397216797,107.00199127197266,344.35565185546875,316.8739318847656,29.251218795776367,122.91883850097656,152.06808471679688,129.9932098388672,55.466365814208984,323.412109375,52.52027893066406,369.004150390625,187.61341857910156,90.91614532470703,258.9051513671875,69.75157165527344,366.8900146484375,21.688495635986328,76.65547943115234,86.4451675415039,38.279640197753906,133.55462646484375,8.989999771118164,90.99275970458984,127.55858612060547,3.370577812194824,118.38975524902344,136.12937927246094,188.27000427246094,92.78178405761719,448.7164306640625,224.87425231933594,34.71751022338867,44.17811584472656,46.247901916503906,101.13240051269531
2023-02-03,152.35134887695312,379.3299865722656,117.01691436767578,86.08999633789062,224.34523010253906,103.38999938964844,39.83710479736328,662.4375,57.248531341552734,206.00999450683594,100.98107147216797,33.848304748535156,2420.167236328125,46.41075897216797,237.20443725585938,495.6519470214844,169.25953674316406,44.90339279174805,151.05323791503906,108.89464569091797,156.789306640625,64.49335479736328,104.06227111816406,344.80303955078125,309.1430358886719,29.05745506286621,123.41453552246094,151.21377563476562,132.00477600097656,55.052303314208984,331.6073913574219,51.37578582763672,367.990478515625,185.3871307373047,91.11775207519531,252.7895965576172,68.89353942871094,365.8999938964844,21.0800724029541,76.43289947509766,86.67729187011719,38.03791046142578,133.96791076660156,8.40999984741211,90.18400573730469,126.77925109863281,3.3525047302246094,116.13690948486328,134.35601806640625,189.97999572753906,90.8714370727539,449.8505554199219,225.4326629638672,34.4519157409668,44.505496978759766,45.632850646972656,101.8330078125
2023-02-06,149.61988830566406,375.2300109863281,114.7834701538086,83.68000030517578,223.13739013671875,102.18000030517578,39.924957275390625,646.6342163085938,57.60105514526367,206.80999755859375,100.14533233642578,33.79254913330078,2434.835205078125,46.32878112792969,240.70851135253906,496.41259765625,167.29026794433594,43.92462158203125,151.2226104736328,108.06842803955078,155.93446350097656,64.80023956298828,102.19515228271484,345.59521484375,307.0633850097656,29.000932693481445,122.72958374023438,150.06549072265625,132.78134155273438,55.365150451660156,330.21868896484375,50.57008743286133,367.0653076171875,184.92001342773438,90.6320571899414,251.2435760498047,69.66854858398438,361.4800109863281,21.0690860748291,76.09458923339844,85.62306213378906,37.77891159057617,132.8312530517578,8.3100004196167,89.49834442138672,124.81681823730469,3.2982866764068604,115.26080322265625,133.5018310546875,194.75999450683594,88.15470123291016,452.9193420410156,224.7567138671875,34.26102828979492,44.599037170410156,45.30116653442383,101.6601333618164
2023-02-07,152.499267578125,383.82000732421875,117.5435791015625,85.91000366210938,223.27464294433594,102.11000061035156,39.705318450927734,662.9961547851562,58.86075973510742,214.75999450683594,100.19282531738281,34.164207458496094,2451.830078125,46.5747184753418,239.0234832763672,497.317626953125,169.49703979492188,44.17393112182617,155.18948364257812,109.79955291748047,157.9899139404297,64.61137390136719,106.90267944335938,348.9505310058594,303.26788330078125,29.453065872192383,122.42317962646484,150.10226440429688,134.39990234375,55.27313232421875,332.1942138671875,51.76311111450195,369.12225341796875,190.44595336914062,90.92530059814453,261.8014221191406,70.19444274902344,362.95001220703125,22.15205955505371,76.86914825439453,84.8590087890625,37.63214874267578,131.53488159179688,8.329999923706055,89.84117889404297,128.29098510742188,3.38865065574646,115.37633514404297,134.29103088378906,196.80999755859375,90.76583862304688,454.4823303222656,226.59832763671875,33.6551513671875,45.01995849609375,45.397769927978516,104.5626220703125
2023-02-08,149.80723571777344,378.3599853515625,113.08644104003906,84.69000244140625,219.79742431640625,100.05000305175781,39.671146392822266,647.4351806640625,57.64033126831055,213.5,99.82244110107422,33.9133415222168,2390.603271484375,46.59294509887695,238.26715087890625,485.0707092285156,167.86419677734375,43.36137390136719,151.5435333251953,109.94709777832031,162.2064666748047,64.49335479736328,98.6893310546875,349.6029357910156,299.15533447265625,29.751792907714844,122.54936218261719,150.295166015625,133.4549560546875,54.95108413696289,333.2210388183594,50.27498245239258,364.48681640625,182.30613708496094,90.68704223632812,260.9892272949219,69.2256851196289,366.8299865722656,22.18402862548828,77.35882568359375,83.84349060058594,37.96884536743164,130.17274475097656,8.220000267028809,89.04122924804688,124.1031723022461,3.3796138763427734,114.19215393066406,133.53900146484375,201.2899932861328,90.50665283203125,460.52447509765625,225.50119018554688,33.6302490234375,45.13220977783203,45.153045654296875,103.65276336669922
2023-02-09,148.77186584472656,375.80999755859375,113.21324157714844,83.20999908447266,219.61439514160156,98.23999786376953,39.20259094238281,648.7442016601562,57.420005798339844,211.99000549316406,103.00392150878906,33.188621520996094,2401.48681640625,45.52717590332031,235.7875213623047,482.0090026855469,171.85226440429688,43.14899444580078,150.1529083251953,108.55038452148438,160.66004943847656,63.572696685791016,94.35918426513672,342.9761962890625,294.2687072753906,30.058595657348633,122.02021789550781,148.26502990722656,131.37789916992188,54.85906982421875,334.2576599121094,50.04297637939453,364.55572509765625,176.82989501953125,89.85311126708984,257.9461364746094,67.6018295288086,362.5,22.315902709960938,76.84243774414062,83.80480194091797,37.416324615478516,128.744873046875,7.949999809265137,89.68294525146484,122.56327819824219,3.370577812194824,114.27879333496094,134.46742248535156,207.32000732421875,92.82020568847656,462.9166564941406,225.10858154296875,33.040985107421875,44.49614715576172,45.571659088134766,104.04400634765625
2023-02-10,149.13723754882812,370.989990234375,111.93559265136719,81.4800033569336,221.90203857421875,97.61000061035156,38.97807312011719,641.1444091796875,56.82991027832031,212.88999938964844,98.4358901977539,33.05854034423828,2314.98388671875,45.645591735839844,237.11827087402344,481.3927917480469,165.29127502441406,43.63838195800781,153.29965209960938,106.28809356689453,164.1562042236328,63.966121673583984,93.9222183227539,346.0426025390625,295.1919250488281,29.751792907714844,123.70796203613281,148.95396423339844,131.9579620361328,54.85906982421875,337.5143127441406,49.02176284790039,361.0225524902344,173.08299255371094,90.21051788330078,257.4373474121094,68.9581069946289,347.3599853515625,21.24491310119629,76.9937973022461,84.27870178222656,37.88251495361328,129.88153076171875,7.510000228881836,89.98182678222656,121.1172866821289,3.2982866764068604,112.97908020019531,133.15830993652344,196.88999938964844,91.55303955078125,471.0364685058594,222.99835205078125,33.20695877075195,44.440025329589844,46.28010177612305,108.42958068847656
2023-02-13,151.94203186035156,375.0,113.65211486816406,83.12999725341797,222.96353149414062,99.54000091552734,39.58818054199219,653.2473754882812,57.58380889892578,215.64999389648438,99.51854705810547,33.12357711791992,2388.58251953125,46.456302642822266,237.5778350830078,487.6125183105469,169.2991180419922,44.192405700683594,152.44386291503906,105.89466857910156,167.43145751953125,65.05990600585938,93.9619369506836,348.5963134765625,301.7104797363281,30.090898513793945,125.30451202392578,149.50515747070312,133.3894805908203,55.760807037353516,342.67791748046875,49.535282135009766,364.9591979980469,178.3306427001953,91.11775207519531,265.48046875,69.77003479003906,358.57000732421875,21.767419815063477,77.89300537109375,86.48384094238281,37.977481842041016,131.58184814453125,7.610000133514404,91.1685791015625,122.8543701171875,3.343468427658081,114.06700134277344,133.5668487548828,194.63999938964844,92.26341247558594,472.0848083496094,224.64730834960938,33.46425247192383,45.01995849609375,46.98530960083008,108.0078353881836
2023-02-14,151.30006408691406,377.8999938964844,115.51495361328125,85.94999694824219,222.501953125,99.69999694824219,39.4027099609375,661.784912109375,57.69780731201172,218.4499969482422,98.97721862792969,33.095706939697266,2435.919921875,47.01195526123047,233.94932556152344,484.5027160644531,168.19078063964844,44.0446662902832,153.61167907714844,105.89466857910156,166.1348114013672,65.73661804199219,94.03145599365234,346.5085754394531,296.9544677734375,30.050519943237305,124.0820083618164,148.85293579101562,133.9788818359375,54.83147048950195,341.000244140625,50.109954833984375,364.1029357910156,178.38034057617188,92.15327453613281,266.3121643066406,70.1483154296875,359.9599914550781,22.94930648803711,77.9464340209961,86.16468048095703,37.744380950927734,130.83975219726562,9.220000267028809,89.41043090820312,124.2628173828125,3.38865065574646,114.3365707397461,132.4434051513672,209.25,94.03936767578125,469.6831970214844,225.1478729248047,33.47256088256836,45.36605453491211,46.85006332397461,106.7425308227539
2023-02-15,153.40367126464844,375.94000244140625,116.509765625,85.18000030517578,221.61575317382812,101.16000366210938,39.759010314941406,661.1303100585938,58.21318435668945,217.44000244140625,97.89456176757812,33.039955139160156,2480.802490234375,47.2032470703125,238.1044158935547,492.26287841796875,169.3188934326172,44.73719024658203,151.9928741455078,107.4487533569336,166.88400268554688,66.70450592041016,96.2759780883789,348.89459228515625,299.06207275390625,29.77601432800293,124.43779754638672,146.4002227783203,134.54026794433594,54.83147048950195,328.68707275390625,50.506019592285156,363.7879943847656,176.07455444335938,92.40071105957031,264.18359375,70.98793029785156,361.4200134277344,22.74250030517578,77.61701202392578,85.4393081665039,37.3990592956543,130.53912353515625,10.109999656677246,88.88298797607422,124.94827270507812,3.3525047302246094,114.82756042480469,130.88360595703125,214.24000549316406,89.0474853515625,468.1773681640625,224.68653869628906,33.51405334472656,44.870296478271484,47.19784164428711,106.42163848876953
2023-02-16,151.80377197265625,365.1600036621094,112.54026794433594,80.08000183105469,216.21542358398438,98.1500015258789,39.71019744873047,641.0761108398438,57.52825927734375,212.2100067138672,97.92304992675781,32.77980041503906,2457.735107421875,46.87532043457031,236.0172882080078,485.3499755859375,166.3600311279297,47.08254623413086,149.798583984375,104.09467315673828,167.22976684570312,66.137939453125,94.85576629638672,345.0360107421875,299.5749816894531,29.953638076782227,123.16059112548828,145.36216735839844,132.68775939941406,54.49101638793945,319.915771484375,48.6655158996582,361.7310791015625,171.3834686279297,91.24605560302734,257.1502990722656,69.83462524414062,350.7099914550781,21.98122215270996,76.53083801269531,84.83966827392578,37.079620361328125,128.8294219970703,9.710000038146973,88.17093658447266,122.21588134765625,3.38865065574646,113.56636047363281,132.4898223876953,202.0399932861328,87.18512725830078,464.4605407714844,221.6536865234375,33.06587219238281,44.16876220703125,46.457210540771484,106.10989379882812
2023-02-17,150.65817260742188,356.8500061035156,112.58903503417969,78.5,222.04037475585938,97.19999694824219,39.54913330078125,636.8268432617188,57.05406951904297,211.66000366210938,94.97899627685547,32.8448371887207,2427.00830078125,46.83888244628906,237.23316955566406,488.60430908203125,163.4506378173828,46.87940216064453,146.453125,103.49466705322266,168.31512451171875,65.34319305419922,93.70372009277344,343.4515075683594,296.5068359375,30.147411346435547,123.17884826660156,148.3969268798828,133.08070373535156,55.31914520263672,322.2018127441406,48.115116119384766,355.4128112792969,171.82077026367188,91.19107055664062,253.13829040527344,70.18522644042969,347.9599914550781,21.367799758911133,77.50126647949219,84.41410827636719,37.30408477783203,131.52549743652344,9.199999809265137,89.50712585449219,119.92479705810547,3.3796138763427734,112.97908020019531,132.6291046142578,208.30999755859375,86.49394989013672,475.6396179199219,219.42568969726562,33.381263732910156,44.42131423950195,47.155982971191406,102.02979278564453
2023-02-21,146.6386260986328,346.70001220703125,108.53178405761719,76.7699966430664,219.9263916015625,94.58000183105469,38.03120422363281,615.1900634765625,55.70816421508789,205.52000427246094,90.31599426269531,32.07365798950195,2391.00732421875,45.3996467590332,230.45481872558594,483.0777282714844,159.9375762939453,45.88216018676758,144.78939819335938,100.41598510742188,164.01211547851562,64.72941589355469,91.1612548828125,336.5732116699219,275.5709228515625,31.51995086669922,120.15912628173828,146.1856231689453,130.6387939453125,55.024696350097656,321.3286437988281,46.428958892822266,350.3245849609375,171.02566528320312,89.45906066894531,247.85107421875,67.961669921875,337.5,20.6354923248291,77.24308013916016,83.36958312988281,36.86379623413086,131.43154907226562,8.470000267028809,87.88964080810547,116.150146484375,3.3525047302246094,110.50480651855469,129.22169494628906,197.3699951171875,84.13240814208984,468.2345886230469,216.5400390625,32.534698486328125,43.25209426879883,47.44257736206055,101.92893981933594
2023-02-22,147.06329345703125,348.7200012207031,107.9354476928711,76.61000061035156,218.00631713867188,95.79000091552734,37.67490768432617,609.7490844726562,55.193748474121094,205.75999450683594,90.01209259033203,31.859956741333008,2392.210205078125,45.58183288574219,227.75494384765625,478.8895568847656,161.6595001220703,45.531288146972656,144.20484924316406,100.0127182006836,164.54042053222656,65.46121978759766,91.02220916748047,336.35888671875,276.31695556640625,30.89826774597168,119.4840087890625,145.98208618164062,129.63768005371094,55.190330505371094,322.85919189453125,46.3270378112793,349.3503112792969,170.07154846191406,89.1383285522461,246.71322631835938,67.98011016845703,334.8800048828125,20.734399795532227,77.17185974121094,83.48563385009766,36.58753967285156,131.98580932617188,8.359999656677246,87.54679870605469,116.3848876953125,3.2982866764068604,110.96692657470703,128.72958374023438,200.86000061035156,83.35482025146484,465.9282531738281,215.95115661621094,32.60109329223633,43.03694534301758,46.44754409790039,100.60865020751953
2023-02-23,147.54722595214844,347.0199890136719,110.3794174194336,79.75,219.35406494140625,95.81999969482422,37.89453887939453,623.3074340820312,55.924652099609375,208.1300048828125,89.42328643798828,31.83208465576172,2391.9931640625,45.89154052734375,227.8124237060547,474.79766845703125,162.4115753173828,45.43894577026367,145.62574768066406,100.06189727783203,165.95230102539062,65.26448822021484,90.26741790771484,338.8287048339844,279.12396240234375,30.66412925720215,119.31979370117188,145.93582153320312,130.6761932373047,55.291534423828125,321.3384704589844,47.1171989440918,349.9014587402344,170.9859161376953,89.7523193359375,249.9110565185547,67.23278045654297,323.6499938964844,23.641647338867188,77.0472183227539,85.67144775390625,36.51846694946289,131.56307983398438,8.170000076293945,87.75778198242188,118.49757385253906,3.343468427658081,111.68899536132812,129.0081329345703,202.07000732421875,86.47473907470703,468.5967102050781,217.0406036376953,31.97861099243164,43.26143264770508,45.755210876464844,101.53468322753906
2023-02-24,144.89060974121094,320.5400085449219,108.8152847290039,78.08999633789062,215.69850158691406,93.5,37.34789276123047,604.0540771484375,55.34511184692383,198.14999389648438,84.52285766601562,31.785629272460938,2417.61376953125,45.709354400634766,226.1082305908203,470.4360656738281,160.51153564453125,44.7648811340332,146.0574188232422,98.65534210205078,166.4037628173828,65.7445068359375,88.51947021484375,339.1175842285156,276.6526794433594,30.69642448425293,119.1191177368164,144.30743408203125,131.85507202148438,55.06150817871094,315.5694274902344,46.46002197265625,347.52960205078125,169.3460235595703,89.53237915039062,244.46690368652344,67.2789077758789,317.1499938964844,23.26400375366211,76.22814178466797,85.74881744384766,36.043636322021484,130.8209228515625,8.09000015258789,86.658935546875,116.75108337402344,3.316359281539917,108.96440124511719,126.31564331054688,196.8800048828125,84.58358001708984,461.5823974609375,215.48980712890625,32.15290451049805,43.60752868652344,45.87758255004883,101.54386138916016
2023-02-27,146.08555603027344,322.32000732421875,109.55825805664062,78.7699966430664,216.427734375,93.76000213623047,37.56264877319336,617.4366455078125,56.08271408081055,200.4600067138672,84.7602767944336,31.785629272460938,2485.23828125,45.9735221862793,229.75588989257812,468.9148864746094,161.44175720214844,44.99573516845703,146.42616271972656,98.8028793334961,167.48910522460938,65.97270202636719,89.25440216064453,340.68341064453125,276.0465393066406,30.66412925720215,119.04610443115234,143.99285888671875,133.00584411621094,55.043094635009766,310.64422607421875,46.85801696777344,349.85223388671875,168.50123596191406,88.61598205566406,245.38897705078125,66.72917938232422,323.0299987792969,23.478803634643555,76.16581726074219,85.07179260253906,35.20621871948242,130.70822143554688,8.029999732971191,86.29851531982422,115.88723754882812,3.38865065574646,110.8417739868164,126.50132751464844,207.6300048828125,83.80601501464844,460.6198425292969,216.27505493164062,32.26910400390625,43.75719451904297,45.5458984375,101.3604965209961
2023-02-28,145.5819091796875,323.95001220703125,113.54680633544922,78.58000183105469,213.8522186279297,94.2300033569336,37.83597183227539,603.4191284179688,56.929542541503906,201.5500030517578,83.37372589111328,31.869251251220703,2488.1171875,46.17391586303711,229.34425354003906,466.1708679199219,161.90689086914062,44.70948791503906,144.58255004882812,97.9766616821289,168.01731872558594,66.65727233886719,89.44309997558594,327.7469177246094,276.54083251953125,30.930566787719727,117.96048736572266,141.80007934570312,134.11923217773438,54.75785446166992,305.3460998535156,47.17835998535156,349.6651611328125,173.8681640625,88.43269348144531,244.66310119628906,65.95843505859375,322.1300048828125,23.19407081604004,74.89266967773438,84.53019714355469,35.02492904663086,129.2239532470703,7.840000152587891,85.53372192382812,115.99053192138672,3.5332329273223877,109.58056640625,126.19493103027344,205.7100067138672,83.58521270751953,453.58642578125,215.87261962890625,32.21100997924805,43.747840881347656,45.768089294433594,100.77369689941406
2023-03-01,143.50794982910156,323.3800048828125,114.6319351196289,78.29000091552734,218.0340118408203,92.16999816894531,37.92870330810547,600.7035522460938,56.860557556152344,204.5500030517578,85.42506408691406,31.7205867767334,2516.034423828125,46.9117546081543,238.07569885253906,460.8658142089844,165.60794067382812,44.635616302490234,145.7336883544922,96.92420959472656,166.9608154296875,66.20877075195312,89.74105072021484,325.0058898925781,271.1785583496094,30.962854385375977,116.94781494140625,141.16162109375,133.3707275390625,54.15976333618164,308.2404479980469,47.65498352050781,347.903564453125,172.3574676513672,88.14861297607422,241.57315063476562,64.88126373291016,313.4800109863281,22.676563262939453,74.62557220458984,83.50497436523438,34.688228607177734,129.3179168701172,7.690000057220459,85.71833801269531,116.84075164794922,3.5332329273223877,109.97528839111328,126.76126861572266,202.77000427246094,84.88117980957031,452.9002990722656,214.32183837890625,31.7877197265625,43.66365051269531,45.13050079345703,101.6722183227539
2023-03-02,144.1005096435547,333.5,115.79525756835938,80.44000244140625,216.69544982910156,92.12999725341797,38.2459602355957,609.7098999023438,57.34720993041992,210.05999755859375,85.23512268066406,31.31847381591797,2541.181884765625,46.8206672668457,241.43614196777344,467.6247253417969,184.6476593017578,44.811058044433594,146.19232177734375,97.2979736328125,168.22865295410156,67.45204162597656,91.36981964111328,327.70001220703125,273.2581481933594,30.77142333984375,117.62291717529297,141.05062866210938,131.9860382080078,54.95108413696289,309.103759765625,47.56373977661133,349.9408264160156,173.46067810058594,88.04779815673828,246.32083129882812,67.05419158935547,311.8800048828125,23.29197883605957,75.78297424316406,84.11430358886719,35.06808853149414,131.45034790039062,7.96999979019165,86.46553039550781,116.93522644042969,3.497087240219116,110.26411437988281,127.44834899902344,190.89999389648438,85.4667739868164,455.2638244628906,215.00888061523438,31.879016876220703,42.84051513671875,45.243202209472656,102.13982391357422
2023-03-03,149.15699768066406,344.0400085449219,116.2938232421875,81.5199966430664,216.7600860595703,94.9000015258789,38.63643264770508,622.614013671875,60.614742279052734,215.11000061035156,85.1876449584961,31.94502830505371,2583.146484375,47.68601989746094,244.4327850341797,457.5826721191406,184.48934936523438,45.50358200073242,148.3506622314453,99.48157501220703,171.37527465820312,67.97139739990234,93.00850677490234,335.2001647949219,278.3218994140625,30.99615478515625,118.27066802978516,142.50323486328125,134.40928649902344,54.693450927734375,312.4200134277344,47.72584533691406,355.77691650390625,184.11497497558594,90.1097183227539,250.4210968017578,68.55852508544922,315.17999267578125,23.867435455322266,75.39124298095703,86.31942749023438,35.52565002441406,132.4085235595703,8.329999923706055,87.2039566040039,116.76516723632812,3.6235971450805664,112.54584503173828,129.82518005371094,197.7899932861328,86.19635009765625,456.0833740234375,219.6317596435547,31.75452423095703,43.82267761230469,45.297943115234375,103.43260955810547
2023-03-06,151.9222869873047,347.0199890136719,115.88323974609375,81.16000366210938,217.03701782226562,93.75,38.62177658081055,606.5840454101562,60.630069732666016,211.9199981689453,85.1116714477539,31.879560470581055,2576.275390625,47.53116989135742,243.15945434570312,465.11181640625,181.88671875,45.63284683227539,149.43882751464844,99.00944519042969,170.9892120361328,68.56998443603516,94.47836303710938,335.1626281738281,278.0981140136719,30.962858200073242,118.77242279052734,143.92808532714844,133.62335205078125,55.53997802734375,312.9399719238281,47.1016731262207,361.1209411621094,183.76710510253906,90.15554809570312,251.9709930419922,69.08781433105469,312.0299987792969,23.531755447387695,75.60491943359375,86.79335021972656,35.49111557006836,131.8448944091797,8.279999732971191,87.99512481689453,115.64098358154297,3.668778657913208,115.27043914794922,130.1037139892578,193.80999755859375,85.99476623535156,458.1990966796875,222.5566864013672,31.663232803344727,43.616886138916016,45.291507720947266,104.34950256347656
2023-03-07,149.71994018554688,344.79998779296875,113.76187133789062,82.11000061035156,211.1382293701172,93.55000305175781,38.143463134765625,594.9989013671875,59.88574981689453,207.9199981689453,84.26643371582031,30.860240936279297,2542.236328125,46.529170989990234,235.65347290039062,467.10479736328125,181.41171264648438,45.16194152832031,147.51431274414062,97.4356689453125,169.3965606689453,68.04226684570312,93.21707153320312,324.86505126953125,271.09466552734375,30.804716110229492,117.0025634765625,142.56800842285156,129.69378662109375,55.217926025390625,304.7672424316406,46.56195068359375,354.2416076660156,183.37950134277344,88.02946472167969,249.3028564453125,68.48424530029297,308.4700012207031,23.269954681396484,74.76803588867188,85.4586410522461,34.826358795166016,129.2239532470703,8.279999732971191,87.24790954589844,112.59904479980469,3.542269229888916,112.53622436523438,129.1288299560547,187.7100067138672,85.29398345947266,451.6231994628906,219.04287719726562,31.464031219482422,41.57775115966797,44.840694427490234,102.33235931396484
2023-03-08,150.97422790527344,345.8399963378906,115.99076843261719,85.37000274658203,210.87054443359375,93.91999816894531,38.70475769042969,605.0504150390625,60.56684494018555,207.1999969482422,82.57597351074219,30.448772430419922,2546.150146484375,46.16481018066406,238.12356567382812,467.9617004394531,181.04556274414062,45.346614837646484,146.57901000976562,97.67174530029297,171.04713439941406,68.50697326660156,93.60440063476562,327.8782958984375,273.7998352050781,31.079383850097656,116.82010650634766,141.5225067138672,128.9266357421875,55.24553298950195,306.6412048339844,47.895729064941406,353.34600830078125,183.83668518066406,87.88285827636719,248.86143493652344,68.94852447509766,311.7900085449219,24.16226577758789,74.1537094116211,85.58438873291016,34.63642501831055,129.2427215576172,8.130000114440918,87.68744659423828,114.49789428710938,3.596487522125244,113.03685760498047,129.71377563476562,182.0,87.19473266601562,448.4972839355469,218.08102416992188,31.148649215698242,41.007164001464844,44.470367431640625,100.8378677368164
2023-03-09,148.7224884033203,338.3699951171875,114.41685485839844,84.02999877929688,208.43345642089844,92.25,38.045841217041016,590.7300415039062,59.63380813598633,201.24000549316406,79.17607116699219,28.559751510620117,2469.771484375,44.27012634277344,230.69418334960938,461.68414306640625,176.8595733642578,45.06959915161133,144.34872436523438,94.56356048583984,168.3058624267578,72.11425018310547,91.68762969970703,321.1197509765625,270.5216369628906,30.56334114074707,115.09585571289062,139.93109130859375,121.94699096679688,54.71185302734375,310.8698425292969,47.592864990234375,348.8287048339844,180.57679748535156,84.4921875,247.50775146484375,68.49351501464844,297.7799987792969,23.417842864990234,74.34786987304688,84.017578125,34.06663131713867,128.29396057128906,7.690000057220459,86.99298095703125,110.73796844482422,3.515160083770752,111.66973876953125,128.6089324951172,172.9199981689453,85.32276916503906,443.07452392578125,215.94131469726562,30.335281372070312,38.47228240966797,44.1708869934082,100.05850982666016
2023-03-10,146.65838623046875,329.29998779296875,111.82625579833984,82.66999816894531,210.35353088378906,90.7300033569336,37.338130950927734,587.2819213867188,58.89715576171875,203.07000732421875,78.78669738769531,28.30725860595703,2445.225341796875,44.033287048339844,217.3385009765625,453.61590576171875,171.37725830078125,44.83876419067383,143.5933074951172,92.03569793701172,164.37741088867188,71.67318725585938,90.00919342041016,307.5836486816406,268.93426513671875,29.389747619628906,114.4481201171875,140.27342224121094,125.0438461303711,54.481807708740234,309.0743408203125,46.48040771484375,341.61474609375,178.41014099121094,82.52190399169922,243.8489227294922,67.79706573486328,292.760009765625,22.947206497192383,74.94242858886719,81.30951690673828,34.006202697753906,128.87640380859375,7.349999904632568,86.45675659179688,108.82022857666016,3.370577812194824,111.15946960449219,128.0982666015625,173.44000244140625,83.75801086425781,440.27215576171875,212.14288330078125,30.443178176879883,38.687416076660156,44.10649108886719,98.82073974609375
2023-03-13,148.6039581298828,324.2699890136719,113.24373626708984,82.01000213623047,215.25537109375,92.43000030517578,37.21611022949219,590.7691650390625,59.054256439208984,203.3699951171875,78.7297134399414,26.661378860473633,2404.217041015625,40.7540168762207,215.1269073486328,454.4438781738281,173.68299865722656,44.700252532958984,142.72998046875,91.08160400390625,163.28668212890625,70.0743408203125,90.48590850830078,296.1690979003906,269.1314697265625,28.798784255981445,114.56672668457031,141.61502075195312,122.79839324951172,55.033897399902344,318.3656005859375,46.30373764038086,339.252685546875,179.7916259765625,80.63412475585938,249.07723999023438,68.05709075927734,293.510009765625,22.948205947875977,75.8156967163086,82.14128875732422,34.41196823120117,129.76882934570312,7.869999885559082,85.59526824951172,108.10226440429688,3.189849615097046,110.74549102783203,127.30906677246094,174.47999572753906,84.22840118408203,443.4762268066406,210.5037841796875,30.326980590820312,35.928043365478516,44.23529815673828,97.68382263183594
2023-03-14,150.69764709472656,333.3299865722656,117.64289093017578,87.44999694824219,212.85523986816406,94.87999725341797,37.87501907348633,605.9296264648438,60.586002349853516,207.27999877929688,79.6319351196289,26.895170211791992,2440.552978515625,43.177040100097656,216.05557250976562,463.9949035644531,180.9861602783203,45.29121398925781,144.5735626220703,91.82913970947266,165.8542022705078,71.80708312988281,93.32632446289062,302.40203857421875,268.2391357421875,29.23992347717285,113.71827697753906,142.41070556640625,125.95137023925781,55.236331939697266,320.89697265625,48.12606430053711,347.2343444824219,192.8312530517578,82.44860076904297,255.81622314453125,69.22710418701172,294.94000244140625,24.044353485107422,76.26161193847656,81.7834243774414,34.44649887084961,131.3751983642578,7.889999866485596,85.57767486572266,110.10502624511719,3.2802135944366455,113.72040557861328,126.89127349853516,183.25999450683594,85.71636962890625,444.3370056152344,214.6162872314453,30.609174728393555,37.574310302734375,44.470367431640625,98.05057525634766
2023-03-15,151.0926971435547,333.6099853515625,115.82459259033203,89.68000030517578,216.84315490722656,96.19999694824219,37.113609313964844,592.6348876953125,59.971004486083984,198.2100067138672,77.4096450805664,26.642675399780273,2381.385986328125,40.82688522338867,208.00387573242188,467.5958251953125,181.00596618652344,45.30044174194336,138.3143310546875,91.57341003417969,153.7310333251953,70.69654846191406,95.45166015625,293.05255126953125,270.4934387207031,28.12459945678711,112.46842956542969,142.80856323242188,120.00093078613281,55.604393005371094,323.25164794921875,47.4509162902832,342.5693359375,196.53839111328125,78.2514877319336,260.3775329589844,70.12785339355469,303.7900085449219,24.209228515625,76.27090454101562,80.25530242919922,34.77455520629883,133.23519897460938,7.900000095367432,84.5491714477539,109.1036376953125,3.090449094772339,111.29426574707031,124.0223617553711,180.4499969482422,83.23001861572266,445.1499328613281,212.36863708496094,30.75856590270996,36.33960723876953,44.966270446777344,93.17280578613281
2023-03-16,153.91725158691406,353.2900085449219,120.07708740234375,96.5999984741211,216.53851318359375,100.04000091552734,37.9335823059082,615.9517822265625,60.9730110168457,203.19000244140625,78.08392333984375,27.091552734375,2405.222412109375,41.55561828613281,209.39208984375,469.1363220214844,185.35025024414062,46.27920913696289,138.75498962402344,92.74388885498047,158.66331481933594,72.43718719482422,99.63282012939453,295.7748107910156,269.3287353515625,28.70723533630371,113.7638931274414,142.51248168945312,122.3305892944336,55.91036605834961,323.31048583984375,50.19245529174805,342.4905700683594,203.6743927001953,79.73603820800781,270.9323425292969,70.78715515136719,310.05999755859375,25.521211624145508,76.90262603759766,82.03490447998047,34.85226058959961,134.23097229003906,7.980000019073486,83.85469818115234,113.84603881835938,3.1808130741119385,115.81920623779297,126.17635345458984,184.1300048828125,86.17223358154297,451.45281982421875,213.4286651611328,30.360187530517578,36.76053237915039,44.710838317871094,92.6318359375
2023-03-17,153.07777404785156,358.1400146484375,119.85223388671875,97.83999633789062,212.12596130371094,98.94999694824219,37.47967529296875,619.0094604492188,60.443267822265625,201.0500030517578,77.56159210205078,26.01612091064453,2406.149169921875,40.307674407958984,205.8497314453125,468.9341125488281,182.92576599121094,46.34384536743164,137.0013427734375,91.6717529296875,154.58041381835938,71.1139907836914,100.92391204833984,284.9328308105469,270.8880310058594,27.53364372253418,112.84246063232422,140.9858856201172,117.70867919921875,55.6507568359375,322.96710205078125,49.52705001831055,344.1243591308594,194.4114990234375,77.14263153076172,274.1006774902344,70.26713562011719,303.5,25.705068588256836,76.3545150756836,82.46044158935547,34.61915969848633,134.26852416992188,7.880000114440918,83.32725524902344,114.05388641357422,2.972975969314575,114.77943420410156,123.92951202392578,180.1300048828125,86.3362808227539,449.0426025390625,213.3697509765625,30.534475326538086,35.320037841796875,45.07297134399414,91.5407485961914
2023-03-20,155.44798278808594,362.8800048828125,121.25997161865234,96.80999755859375,216.677001953125,97.70999908447266,38.01313781738281,631.3566284179688,61.66368865966797,204.77000427246094,76.92530059814453,25.950658798217773,2458.277099609375,40.16193389892578,210.92393493652344,471.09075927734375,183.3216094970703,47.036376953125,139.0157928466797,92.67504119873047,157.87185668945312,70.82256317138672,100.52666473388672,290.5556335449219,271.7051696777344,27.675138473510742,114.8951416015625,142.38294982910156,118.95304107666016,56.18852233886719,327.3037414550781,50.00735092163086,343.7897644042969,196.5980224609375,78.48058319091797,267.0380554199219,70.54571533203125,305.1300048828125,25.879934310913086,77.50647735595703,84.10462188720703,35.232120513916016,136.33522033691406,8.079999923706055,84.6546630859375,115.08361053466797,3.0723767280578613,116.85897827148438,125.46146392822266,183.25,86.88630676269531,456.1776123046875,214.11570739746094,31.06564712524414,35.058135986328125,45.5579719543457,93.93379974365234
2023-03-21,157.3046875,374.2200012207031,117.70154571533203,95.93000030517578,215.0430450439453,100.61000061035156,38.35573959350586,627.2537841796875,61.43598556518555,204.6999969482422,79.48946380615234,26.73619270324707,2534.76416015625,41.054622650146484,215.3375244140625,472.5927734375,186.71591186523438,46.78706741333008,143.26954650878906,94.95700073242188,161.13426208496094,72.60258483886719,104.2013168334961,297.8305358886719,271.8648986816406,28.241127014160156,115.46989440917969,142.38294982910156,122.14346313476562,55.92891311645508,324.8312683105469,49.429622650146484,348.9566345214844,200.92138671875,81.33975982666016,268.5584716796875,69.97927856445312,305.7900085449219,26.178701400756836,77.72943115234375,84.70426940917969,35.10261917114258,135.3488311767578,8.449999809265137,84.12721252441406,116.9541244506836,3.244068145751953,118.8807601928711,126.06494903564453,197.5800018310547,89.2601547241211,459.1807556152344,217.84544372558594,31.32294464111328,35.9935188293457,45.40277862548828,98.14225006103516
2023-03-22,155.8726806640625,361.7099914550781,116.1960678100586,97.58000183105469,212.1628875732422,98.69999694824219,37.99356460571289,625.53466796875,60.87348556518555,196.16000366210938,79.44198608398438,25.847789764404297,2521.8701171875,39.8157844543457,210.57928466796875,469.3865661621094,184.56846618652344,45.66979217529297,140.35580444335938,93.3438949584961,160.3813934326172,70.56266021728516,102.66192626953125,294.4418640136719,265.4587097167969,28.549087524414062,113.17090606689453,139.75531005859375,118.99046325683594,55.67856216430664,324.7232971191406,49.32634735107422,345.47265625,198.5857696533203,80.23091888427734,267.0968322753906,68.83709716796875,293.8999938964844,26.447492599487305,76.14083862304688,85.01375579833984,34.54146194458008,135.26431274414062,8.210000038146973,82.29196166992188,115.22531127929688,3.216958999633789,117.68694305419922,125.86998748779297,191.14999389648438,89.37594604492188,454.80029296875,215.9707489013672,30.966060638427734,34.796226501464844,45.11177444458008,95.89591217041016
2023-03-23,156.95901489257812,369.0,120.02820587158203,100.27999877929688,215.18153381347656,98.70999908447266,38.360626220703125,648.7734985351562,61.675262451171875,197.89999389648438,82.16761016845703,25.221235275268555,2502.66748046875,39.578948974609375,210.09100341796875,469.6177673339844,185.4888153076172,45.91910171508789,138.96185302734375,94.2586441040039,158.81773376464844,72.13788604736328,104.87665557861328,295.5495300292969,266.6799011230469,27.86656951904297,112.55052947998047,139.829345703125,118.67235565185547,55.55802536010742,326.36181640625,51.01082992553711,348.7598571777344,203.0283966064453,78.66384887695312,272.3644714355469,68.5399398803711,320.3699951171875,27.169931411743164,76.65180206298828,84.89771270751953,34.688228607177734,135.076416015625,8.329999923706055,80.42108154296875,117.28477478027344,3.1537039279937744,119.13107299804688,126.14849853515625,192.22000122070312,91.27693176269531,449.4347229003906,218.47360229492188,31.015851974487305,34.244354248046875,45.477142333984375,94.81400299072266
2023-03-24,158.26266479492188,374.9599914550781,116.8510513305664,97.94999694824219,219.73255920410156,98.12999725341797,38.47319030761719,632.5287475585938,61.380027770996094,197.52999877929688,82.52850341796875,25.380210876464844,2463.797607421875,39.26923751831055,207.7645263671875,476.8483581542969,188.08154296875,46.63932418823242,140.3468017578125,92.53733825683594,157.94903564453125,71.96460723876953,104.71775817871094,293.4093017578125,265.8438720703125,27.53364372253418,114.30216217041016,141.23565673828125,116.86665344238281,56.46669006347656,329.7859802246094,48.913265228271484,346.0631408691406,204.74778747558594,76.9318618774414,275.2189636230469,70.28572082519531,328.3900146484375,26.758251190185547,77.65511322021484,85.12014770507812,34.86952209472656,137.82887268066406,8.199999809265137,80.84871673583984,117.86103820800781,3.117558479309082,118.69783782958984,126.87271881103516,190.41000366210938,89.53998565673828,455.24981689453125,216.95225524902344,31.25654411315918,33.8889045715332,45.848976135253906,94.92403411865234
2023-03-27,156.3170928955078,373.1499938964844,116.2058334350586,96.61000061035156,218.56019592285156,98.04000091552734,38.31658172607422,629.1295166015625,60.47983169555664,200.57000732421875,81.7877426147461,26.642675399780273,2472.64990234375,40.79045104980469,208.71234130859375,474.8746337890625,189.26904296875,46.667030334472656,141.77670288085938,94.05209350585938,158.1807098388672,73.49259948730469,101.75816345214844,299.00390625,264.2000732421875,27.999744415283203,117.96958923339844,141.83706665039062,120.21611785888672,56.883934020996094,328.2847900390625,48.30046463012695,349.0058898925781,201.59722900390625,77.56417846679688,271.10888671875,70.05357360839844,327.6600036621094,26.510446548461914,83.87012481689453,87.18022155761719,34.72276306152344,137.10552978515625,8.039999961853027,82.49685668945312,116.76516723632812,3.189849615097046,118.6593246459961,127.1605224609375,191.80999755859375,87.48458862304688,460.90234375,217.70802307128906,31.580232620239258,35.04878234863281,46.615291595458984,97.00534057617188
2023-03-28,155.69488525390625,373.3999938964844,113.79119110107422,94.55999755859375,220.14794921875,97.23999786376953,38.218692779541016,624.8899536132812,60.273353576660156,204.9600067138672,93.44998931884766,26.296669006347656,2508.937255859375,41.191253662109375,210.78033447265625,468.66448974609375,190.29823303222656,46.528526306152344,143.43145751953125,93.26520538330078,159.8312225341797,73.35868835449219,100.33796691894531,298.91943359375,263.77740478515625,27.84992790222168,117.99695587158203,140.46775817871094,120.58100128173828,56.948829650878906,331.27728271484375,47.25898742675781,348.7204284667969,199.45042419433594,77.78410339355469,269.9808044433594,69.86784362792969,323.5199890136719,26.38953971862793,84.4925537109375,86.89973449707031,34.52419662475586,137.4906768798828,8.0,83.94902801513672,114.6301498413086,3.2259950637817383,118.87113952636719,128.0611114501953,189.19000244140625,87.62934112548828,451.9884033203125,216.25540161132812,31.538732528686523,34.77751922607422,46.43422317504883,98.21562194824219
2023-03-29,158.7761993408203,379.1600036621094,117.16386413574219,96.08999633789062,222.501953125,100.25,39.06049728393555,643.8502807617188,60.35054016113281,207.97000122070312,94.89352416992188,26.811004638671875,2535.207763671875,41.8562126159668,213.4993133544922,472.6120300292969,194.59304809570312,47.24874496459961,144.66348266601562,95.28158569335938,161.80026245117188,74.08329772949219,100.69550323486328,301.0597229003906,266.1632385253906,28.482505798339844,118.33453369140625,141.8463134765625,120.82426452636719,57.356807708740234,329.5308532714844,50.24701690673828,353.8381042480469,204.09185791015625,79.03041076660156,275.16015625,70.67572784423828,332.0299987792969,26.963092803955078,83.7865219116211,87.64445495605469,34.748661041259766,137.91343688964844,8.220000267028809,84.38555145263672,118.17277526855469,3.3073229789733887,119.6894760131836,129.6766357421875,193.8800048828125,89.51103973388672,446.2593994140625,219.17050170898438,31.937118530273438,35.5164680480957,46.63468551635742,99.90265655517578
2023-03-30,160.34649658203125,381.8999938964844,119.37322235107422,97.87999725341797,222.93580627441406,102.0,39.47650146484375,661.0034790039062,61.14653015136719,211.0399932861328,98.1794662475586,26.464996337890625,2572.65771484375,41.96552658081055,214.9737091064453,473.1993713378906,194.553466796875,47.488826751708984,146.03941345214844,96.49141693115234,163.20948791503906,74.07542419433594,100.19892120361328,301.4539489746094,268.0419006347656,28.54076385498047,117.88749694824219,141.9573516845703,120.4593734741211,57.347537994384766,334.2599182128906,51.767822265625,353.5723876953125,206.5665740966797,78.9112777709961,278.6325988769531,71.12144470214844,338.42999267578125,27.361783981323242,85.07782745361328,87.5380630493164,34.86088562011719,138.51463317871094,8.149999618530273,86.07826232910156,120.35504150390625,3.3525047302246094,121.3742904663086,131.98892211914062,195.27999877929688,89.231201171875,449.57818603515625,218.2478485107422,32.086509704589844,34.96460723876953,47.10028839111328,100.38858795166016
2023-03-31,162.85501098632812,385.3699951171875,120.07708740234375,98.01000213623047,223.16659545898438,103.29000091552734,39.99528503417969,664.9402465820312,61.89814758300781,212.42999267578125,97.03983306884766,26.745542526245117,2614.70166015625,42.71247863769531,219.09051513671875,478.3888854980469,197.70034790039062,48.2736930847168,146.7318878173828,98.48812866210938,165.38124084472656,75.2962417602539,103.01947784423828,307.0579833984375,277.20953369140625,28.4075927734375,119.5934829711914,143.40997314453125,121.91891479492188,57.51442337036133,336.9383850097656,51.64701461791992,357.65673828125,210.64144897460938,80.46000671386719,282.8015441894531,71.57646179199219,345.4800109863281,27.75547981262207,85.46800231933594,89.86893463134766,35.22348403930664,139.67950439453125,8.449999809265137,86.6395263671875,120.52510070800781,3.3344321250915527,121.83641052246094,133.94580078125,207.4600067138672,89.7619400024414,451.9980163574219,221.29054260253906,32.27740478515625,34.96460723876953,47.67583084106445,100.54447174072266
2023-04-03,164.10923767089844,380.0799865722656,119.5785140991211,96.55999755859375,225.6498260498047,102.41000366210938,39.75057601928711,658.3757934570312,61.98786926269531,215.38999938964844,93.44049835205078,26.73619270324707,2627.29931640625,42.54850769042969,220.07664489746094,478.5428771972656,194.44461059570312,48.30139923095703,152.83824157714844,98.12419891357422,164.6090545654297,76.33589935302734,103.64514923095703,306.5041198730469,279.66119384765625,28.89866828918457,120.4784164428711,145.12164306640625,121.77857971191406,57.85749435424805,344.1202087402344,50.80818557739258,360.668212890625,211.76454162597656,79.8735122680664,281.7519836425781,71.19575500488281,348.2799987792969,27.94333267211914,85.95108795166016,90.8360824584961,35.69831085205078,140.44979858398438,8.380000114440918,87.21861267089844,117.84214782714844,3.370577812194824,121.61498260498047,134.56028747558594,194.77000427246094,89.5882568359375,472.65679931640625,224.7650604248047,32.55130386352539,35.282630920410156,48.07675552368164,106.47663116455078
2023-04-04,163.5759735107422,385.1499938964844,117.42782592773438,95.87000274658203,228.5022735595703,103.94999694824219,38.9724006652832,653.1888427734375,61.21022033691406,213.89999389648438,95.65328216552734,26.165742874145508,2600.82177734375,41.983741760253906,208.18577575683594,479.21685791015625,195.147216796875,48.208351135253906,152.0198516845703,97.93730926513672,156.60736083984375,74.86304473876953,104.002685546875,302.8713684082031,277.0592346191406,28.840408325195312,120.05876922607422,146.63897705078125,120.15061950683594,57.68132400512695,347.9269714355469,49.13052749633789,358.1388854980469,213.40443420410156,77.72913360595703,281.7029113769531,71.6507568359375,346.75,27.43172836303711,86.84293365478516,90.9134750366211,35.30982208251953,141.12615966796875,8.350000381469727,86.89788818359375,115.53707885742188,3.38865065574646,123.04948425292969,134.3712158203125,192.5800018310547,88.94170379638672,471.75775146484375,223.4498291015625,32.90818786621094,34.43143081665039,47.60469055175781,105.45890808105469
2023-04-05,161.72914123535156,382.0199890136719,114.6905746459961,92.55999755859375,233.8933563232422,101.0999984741211,38.199119567871094,648.5195922851562,60.689208984375,210.0,93.59244537353516,25.847789764404297,2578.414794921875,41.692256927490234,204.4327850341797,478.63922119140625,193.27687072753906,48.208351135253906,152.77528381347656,98.27174377441406,152.95884704589844,74.23294830322266,103.75439453125,301.8200378417969,271.1510009765625,28.873693466186523,120.55142211914062,153.22657775878906,120.32978057861328,58.22837448120117,355.40313720703125,48.07735824584961,358.5923156738281,210.18426513671875,76.81273651123047,278.91705322265625,72.73722076416016,342.3500061035156,26.86017417907715,88.32003784179688,91.77423858642578,35.870975494384766,142.09373474121094,7.980000019073486,87.96695709228516,116.23613739013672,3.3525047302246094,122.01934051513672,132.74522399902344,185.52000427246094,87.04071044921875,487.0414733886719,223.95042419433594,33.28996658325195,34.50625991821289,48.393619537353516,107.2651596069336
2023-04-06,162.6179962158203,380.6000061035156,111.88490295410156,92.47000122070312,233.84719848632812,102.05999755859375,37.998451232910156,641.8965454101562,60.07460021972656,211.3699951171875,97.57167053222656,26.034822463989258,2547.1162109375,41.774234771728516,200.25852966308594,467.9039001464844,190.5456085205078,47.69668960571289,150.76980590820312,98.33075714111328,150.8160400390625,73.72100067138672,107.6773452758789,302.6366882324219,271.0946350097656,29.281539916992188,119.05524444580078,152.80099487304688,120.1977767944336,58.26546096801758,361.3389587402344,48.10756301879883,356.3054504394531,214.77593994140625,77.15179443359375,286.03863525390625,73.33152770996094,339.3299865722656,27.01605224609375,89.42554473876953,92.77041625976562,35.82781219482422,142.99560546875,8.09000015258789,88.2253189086914,116.19834899902344,3.4338324069976807,123.91596984863281,131.27993774414062,185.05999755859375,87.07930755615234,490.4655456542969,221.8107147216797,33.309364318847656,35.45099639892578,48.758995056152344,105.48643493652344
2023-04-10,160.02059936523438,376.25,113.88895416259766,95.4800033569336,231.6132354736328,102.16999816894531,38.38020324707031,646.3119506835938,60.532894134521484,210.77999877929688,96.4320297241211,26.128337860107422,2535.996826171875,42.37542724609375,206.34759521484375,475.4619140625,189.4966583251953,47.75251007080078,151.3453826904297,99.15697479248047,151.96463012695312,74.31959533691406,105.71090698242188,305.0397644042969,273.4992980957031,29.23992347717285,119.53876495361328,152.03305053710938,120.59381103515625,58.126380920410156,360.0733642578125,49.43935775756836,354.9944763183594,213.43423461914062,76.97767639160156,283.8707275390625,72.830078125,338.989990234375,27.55763053894043,88.90530395507812,91.06108856201172,36.02637481689453,141.8119354248047,8.390000343322754,87.81551361083984,117.41703033447266,3.442868947982788,122.702880859375,130.46693420410156,184.50999450683594,85.90204620361328,492.7322082519531,222.24258422851562,33.19968795776367,36.133827209472656,48.66522216796875,105.01880645751953
2023-04-11,158.8058624267578,371.1099853515625,113.77163696289062,94.02999877929688,232.10247802734375,99.91999816894531,38.272525787353516,644.4852905273438,59.97136306762695,212.32000732421875,94.7415771484375,26.848411560058594,2529.983154296875,42.99485778808594,211.2015838623047,480.1026306152344,186.9237060546875,47.091983795166016,152.18174743652344,98.77337646484375,153.27734375,73.96517944335938,104.62836456298828,307.30206298828125,275.94146728515625,29.123401641845703,118.98224639892578,151.98681640625,121.18785858154297,58.024391174316406,357.169189453125,49.44423294067383,358.927490234375,212.53976440429688,77.97654724121094,277.4358825683594,72.74650573730469,338.2099914550781,27.14794921875,88.99820709228516,91.2650375366211,36.07817459106445,141.5301055908203,8.609999656677246,87.87786865234375,116.73684692382812,3.370577812194824,121.82678985595703,130.06988525390625,186.7899932861328,86.11432647705078,498.2698669433594,224.22520446777344,33.28406524658203,36.82600402832031,48.52296447753906,105.761474609375
2023-04-12,158.11453247070312,369.8900146484375,110.62382507324219,92.33000183105469,230.3208465576172,97.83000183105469,38.228485107421875,639.4935302734375,59.50148391723633,212.33999633789062,89.11936950683594,26.63332176208496,2511.03662109375,42.73979187011719,211.1058349609375,471.14862060546875,188.33885192871094,46.61754608154297,152.72132873535156,96.33404541015625,156.57839965820312,74.11480712890625,103.92323303222656,309.9961242675781,272.8135986328125,29.206632614135742,117.26712799072266,151.66293334960938,121.16899871826172,58.126380920410156,362.0845947265625,48.4271125793457,356.6109924316406,212.68885803222656,78.32479095458984,278.0832824707031,72.97865295410156,331.0299987792969,26.474470138549805,89.62064361572266,91.19705200195312,35.715579986572266,141.91526794433594,8.329999923706055,88.01151275634766,113.61930847167969,3.4247958660125732,122.37554931640625,128.9827423095703,180.5399932861328,83.82733917236328,498.4803771972656,223.59706115722656,33.07313537597656,36.65763473510742,48.28692626953125,105.65145874023438
2023-04-13,163.50682067871094,378.79998779296875,110.9268798828125,92.08999633789062,232.1117401123047,102.4000015258789,38.492767333984375,649.9945678710938,60.22897720336914,213.58999633789062,91.33216094970703,26.708133697509766,2592.2451171875,43.085941314697266,212.2259979248047,479.3709716796875,192.0003204345703,47.25944519042969,154.7627716064453,99.18648529052734,155.10162353515625,74.2723388671875,106.69412231445312,311.770263671875,274.4198303222656,29.68938446044922,116.68326568603516,153.68922424316406,121.63105010986328,58.55289077758789,368.0694885253906,48.551822662353516,364.36859130859375,218.9999237060547,78.52639770507812,284.31219482421875,73.22010040283203,346.19000244140625,26.442495346069336,91.24639129638672,92.79956817626953,35.801910400390625,142.5728302001953,8.579999923706055,88.86676788330078,114.4317626953125,3.4609415531158447,123.28054809570312,129.7295684814453,185.89999389648438,84.00102996826172,503.3006896972656,228.38682556152344,33.17437744140625,37.09727096557617,48.3354377746582,106.1465835571289
2023-04-14,163.1611785888672,379.3800048828125,110.36964416503906,91.75,230.78240966796875,102.51000213623047,38.2431640625,650.7662353515625,59.7755012512207,201.7100067138672,89.79367065429688,27.60589027404785,2612.18798828125,45.14459228515625,214.1503448486328,473.0260009765625,192.62374877929688,47.01757049560547,155.07752990722656,98.26190185546875,156.19232177734375,75.17022705078125,108.124267578125,316.2666320800781,274.4573669433594,30.247051239013672,116.90221405029297,153.4394073486328,130.8153533935547,58.460174560546875,367.6574401855469,48.794410705566406,367.10888671875,220.1329345703125,79.46113586425781,280.6827697753906,72.4493408203125,338.6300048828125,26.737268447875977,90.9305191040039,92.95494079589844,35.560176849365234,141.84950256347656,8.8100004196167,88.62622833251953,113.51541900634766,3.542269229888916,122.67400360107422,128.52899169921875,185.0,84.14578247070312,489.489990234375,229.69223022460938,33.09001159667969,37.07856369018555,48.008853912353516,106.40328979492188
2023-04-17,163.18092346191406,377.9200134277344,109.28453063964844,89.87000274658203,229.00079345703125,102.73999786376953,38.48298263549805,624.2354125976562,60.53000259399414,205.02999877929688,91.56959533691406,28.400774002075195,2638.00537109375,45.26301574707031,215.6439208984375,475.5678405761719,195.0284423828125,46.77568817138672,153.7105712890625,98.65534210205078,157.3892059326172,76.2177505493164,105.2441177368164,318.857421875,277.47259521484375,30.030649185180664,116.61028289794922,153.28211975097656,131.8526153564453,58.840328216552734,365.3223876953125,47.997474670410156,367.4341735839844,217.51904296875,81.825439453125,283.29205322265625,72.93221282958984,332.7200012207031,26.9810791015625,91.0141372680664,92.83840942382812,35.55154800415039,141.89645385742188,8.800000190734863,89.03604125976562,112.77852630615234,3.5061240196228027,122.46220397949219,130.2211456298828,187.0399932861328,84.90811157226562,483.33056640625,229.16220092773438,33.2924919128418,38.63129425048828,48.345130920410156,105.16551208496094
2023-04-18,164.40553283691406,377.54998779296875,108.77616882324219,89.77999877929688,227.1729736328125,102.30000305175781,38.38020324707031,628.4260864257812,61.00856018066406,208.3699951171875,90.68637084960938,28.57845687866211,2658.342041015625,45.61827087402344,215.60560607910156,478.4176940917969,196.43368530273438,46.80360412597656,153.35086059570312,99.27501678466797,157.99732971191406,77.55669403076172,103.78419494628906,313.44110107421875,280.80712890625,29.797588348388672,116.57378387451172,148.97056579589844,133.33303833007812,58.93305206298828,362.9283752441406,48.26149368286133,367.00048828125,216.5549774169922,82.338623046875,282.8702392578125,72.70935821533203,333.70001220703125,27.645565032958984,90.41028594970703,93.69306945800781,35.00765609741211,142.04678344726562,8.729999542236328,90.27437591552734,111.81494903564453,3.542269229888916,122.88581848144531,129.54994201660156,184.30999755859375,85.0528564453125,482.4984130859375,229.27999877929688,32.85376739501953,39.16446304321289,48.45182800292969,107.21930694580078
2023-04-19,165.55117797851562,380.1099853515625,107.86701202392578,89.94000244140625,227.28378295898438,104.30000305175781,37.85652160644531,609.1531372070312,61.218894958496094,208.7100067138672,88.7869873046875,28.11087417602539,2638.232177734375,45.90975570678711,215.0790252685547,477.580078125,196.8493194580078,44.691810607910156,153.49473571777344,97.13075256347656,157.7173614501953,77.99777221679688,103.46637725830078,316.2384338378906,278.89093017578125,29.85584831237793,115.24182891845703,150.37689208984375,133.16336059570312,59.04431915283203,363.4778137207031,47.83769607543945,367.4736328125,214.37843322753906,82.88847351074219,282.94866943359375,73.30367279052734,323.1199951171875,27.909358978271484,91.06058502197266,93.05206298828125,34.74003219604492,142.07496643066406,8.489999771118164,90.43473052978516,111.9849853515625,3.5603420734405518,122.55847930908203,127.86723327636719,180.58999633789062,84.17474365234375,465.0149841308594,228.26905822753906,32.56690979003906,39.510555267333984,48.50356674194336,106.88005828857422
2023-04-20,164.58328247070312,380.260009765625,111.82625579833984,90.11000061035156,224.7451629638672,103.80999755859375,37.7635383605957,618.8922119140625,61.07610321044922,207.22999572753906,86.17533111572266,27.96125030517578,2622.942626953125,44.99885559082031,212.8004608154297,486.77484130859375,195.45399475097656,43.33356475830078,152.74830627441406,96.4619140625,157.29269409179688,78.5727310180664,104.56877899169922,317.9468688964844,280.4501647949219,29.905792236328125,115.2783203125,151.34840393066406,132.77671813964844,59.303932189941406,367.73590087890625,51.296287536621094,369.6421813964844,211.76454162597656,82.87013244628906,280.6533203125,73.12722778320312,325.3500061035156,27.08300018310547,91.59941101074219,92.10028076171875,34.4033317565918,142.59580993652344,8.149999618530273,86.158447265625,112.07946014404297,3.515160083770752,122.1348648071289,126.48703002929688,162.99000549316406,86.16258239746094,466.2200622558594,230.26150512695312,31.377286911010742,38.977386474609375,48.813961029052734,106.02738189697266
2023-04-21,162.97352600097656,377.6700134277344,110.9170913696289,88.43000030517578,225.11439514160156,106.95999908447266,37.60691833496094,619.7713623046875,61.06452560424805,205.14999389648438,84.64631652832031,27.933195114135742,2649.125244140625,44.66181182861328,212.03036499023438,487.5162353515625,196.95814514160156,43.752201080322266,152.09181213378906,97.93730926513672,157.21548461914062,78.37582397460938,104.68795776367188,320.7160949707031,281.8309631347656,29.706029891967773,114.70356750488281,150.52493286132812,132.5220947265625,59.387386322021484,377.9690856933594,50.38731002807617,369.87872314453125,211.5856475830078,83.50245666503906,280.30999755859375,73.35009765625,327.9800109863281,27.09798812866211,93.17870330810547,92.41106414794922,34.7141227722168,147.53016662597656,8.180000305175781,87.10279846191406,111.24813079833984,3.4790141582489014,128.96078491210938,127.30949401855469,165.0800018310547,82.3798828125,462.7386474609375,229.7216796875,31.486967086791992,38.57518005371094,49.05970764160156,106.36662292480469
2023-04-24,163.27964782714844,377.3399963378906,111.06373596191406,87.56999969482422,225.65902709960938,106.20999908447266,37.68522644042969,612.845703125,61.222755432128906,205.77000427246094,82.51899719238281,27.83032989501953,2641.593505859375,44.66181182861328,215.07212829589844,492.397705078125,192.8909454345703,44.08711242675781,154.2141876220703,98.0455093383789,158.0938262939453,78.87989044189453,105.2441177368164,322.8750915527344,283.3338928222656,29.839204788208008,114.40251922607422,151.44090270996094,132.70127868652344,59.294654846191406,376.1147155761719,50.113548278808594,369.3760681152344,211.48623657226562,82.65936279296875,276.3960876464844,73.39652252197266,329.0199890136719,27.02104949951172,93.44811248779297,92.69271850585938,34.45513153076172,147.79486083984375,8.100000381469727,87.61949920654297,110.86078643798828,3.488050699234009,127.60330963134766,127.4701919555664,162.5500030517578,81.67545318603516,467.63555908203125,228.45553588867188,31.301353454589844,38.77161407470703,49.392738342285156,108.37457275390625
2023-04-25,161.739013671875,369.5899963378906,108.13097381591797,83.80000305175781,226.04676818847656,102.56999969482422,36.642765045166016,591.7265625,60.01477813720703,202.19000244140625,78.74870300292969,26.969980239868164,2607.416259765625,43.63249206542969,210.4517059326172,484.4545593261719,188.6851806640625,43.80801773071289,151.9748992919922,96.40289306640625,158.08416748046875,77.53307342529297,103.1386489868164,318.669677734375,278.3460388183594,29.073457717895508,114.84954071044922,152.82875061035156,129.8158416748047,59.20193862915039,377.57659912109375,48.6852912902832,363.26458740234375,206.27835083007812,80.6982650756836,270.167236328125,72.26362609863281,322.54998779296875,26.220670700073242,96.65316772460938,91.3524398803711,33.954402923583984,147.83267211914062,7.739999771118164,87.92240905761719,107.74327087402344,3.2259950637817383,128.46014404296875,126.21288299560547,160.6699981689453,79.40776062011719,470.4857482910156,225.34413146972656,31.4700984954834,37.92975997924805,49.007965087890625,106.83423614501953
2023-04-26,161.72914123535156,363.05999755859375,107.83769226074219,85.94000244140625,220.443359375,104.9800033569336,36.17293167114258,594.989013671875,59.4522819519043,203.02999877929688,78.65373992919922,26.595918655395508,2560.4443359375,42.685142517089844,208.1029815673828,476.2610778808594,189.5263671875,43.296356201171875,149.26795959472656,95.02584838867188,156.28883361816406,75.77669525146484,102.99960327148438,315.9286804199219,270.58746337890625,29.589508056640625,114.81304168701172,150.46018981933594,127.51504516601562,58.92377853393555,369.1683349609375,48.459266662597656,361.5198974609375,208.11700439453125,81.04649353027344,289.7367248535156,68.78137969970703,321.1499938964844,26.93511390686035,95.2596664428711,91.01251220703125,33.35008239746094,146.1217041015625,7.739999771118164,87.48588562011719,107.84720611572266,3.216958999633789,128.38314819335938,126.69502258300781,153.75,79.36915588378906,461.9065856933594,223.93077087402344,31.149492263793945,36.91019058227539,48.79456329345703,105.8531723022461
2023-04-27,166.3214874267578,371.4200134277344,109.17698669433594,87.44000244140625,221.864990234375,109.81999969482422,36.603614807128906,614.6625366210938,59.66647720336914,206.0399932861328,80.22074127197266,27.01673698425293,2601.915771484375,42.83999252319336,206.31253051757812,482.62518310546875,193.90032958984375,43.31496047973633,150.1403045654297,98.29141235351562,162.12844848632812,77.23377227783203,106.85302734375,320.65972900390625,276.0917663574219,30.155494689941406,115.83482360839844,150.811767578125,129.23121643066406,59.04431915283203,382.9826354980469,50.55292892456055,368.3311462402344,237.0983428955078,82.71434783935547,299.01629638671875,70.43428802490234,325.8500061035156,27.204904556274414,95.36186218261719,92.30425262451172,33.445045471191406,147.90830993652344,7.820000171661377,88.0382308959961,107.6204605102539,3.3209097385406494,131.56021118164062,130.00372314453125,160.19000244140625,80.73941040039062,469.098876953125,224.77488708496094,32.72721481323242,37.09727096557617,48.94652557373047,107.11846160888672
2023-04-28,167.57571411132812,377.55999755859375,110.49673461914062,89.37000274658203,221.3111114501953,105.44999694824219,36.936424255371094,622.10595703125,60.4470329284668,206.77999877929688,80.42967224121094,27.38144874572754,2648.119140625,43.34648895263672,210.6153106689453,484.5027160644531,196.30502319335938,43.956871032714844,151.60618591308594,100.81927490234375,161.30801391601562,77.95051574707031,106.60474395751953,322.38690185546875,282.3005676269531,30.005674362182617,115.32393646240234,151.45941162109375,130.3533172607422,59.480098724365234,388.38861083984375,51.05856704711914,374.6002502441406,238.8475799560547,83.16264343261719,301.3999938964844,71.15859985351562,329.92999267578125,27.727500915527344,95.28753662109375,91.99345397949219,33.57454299926758,147.82322692871094,7.75,89.0627670288086,110.34121704101562,3.1921207904815674,130.2316131591797,129.8240966796875,164.30999755859375,81.34735870361328,470.6482849121094,228.42608642578125,32.760963439941406,37.18145751953125,48.813961029052734,108.50293731689453
2023-05-01,167.48683166503906,374.1499938964844,110.41852569580078,89.69000244140625,220.53565979003906,102.05000305175781,37.411155700683594,622.2999877929688,61.551761627197266,203.8699951171875,79.92633819580078,27.157012939453125,2652.831298828125,43.51225280761719,209.14259338378906,475.2308654785156,195.7310791015625,44.04059600830078,150.40110778808594,100.53402709960938,162.9102783203125,79.6911392211914,106.4656982421875,319.6929016113281,279.6329650878906,29.822559356689453,115.03199768066406,151.36688232421875,133.14447021484375,59.61918258666992,398.15081787109375,51.03421401977539,374.43267822265625,241.69004821777344,81.27701568603516,299.7323303222656,71.31646728515625,324.1199951171875,28.88759994506836,95.2596664428711,92.13912963867188,33.850807189941406,148.00283813476562,7.78000020980835,88.5103988647461,109.43429565429688,3.1921207904815674,129.47103881835938,129.21908569335938,161.8300018310547,81.03856658935547,474.10101318359375,228.2101287841797,32.65971755981445,37.78009796142578,49.01443862915039,105.13800811767578
2023-05-02,166.4498291015625,368.6600036621094,109.64622497558594,89.91000366210938,217.83090209960938,103.62999725341797,36.88258361816406,621.1734008789062,59.080814361572266,203.25,77.42863464355469,26.334070205688477,2677.436767578125,42.36113739013672,207.1018524169922,476.40545654296875,191.8221893310547,43.12889862060547,143.92605590820312,98.95043182373047,167.22483825683594,79.9510498046875,104.59857177734375,312.9342346191406,276.4205322265625,30.854656219482422,114.18355560302734,152.68995666503906,130.9945526123047,59.35028839111328,396.57122802734375,50.84423065185547,370.6574401855469,237.77418518066406,79.76109313964844,299.5852355957031,70.51786804199219,317.54998779296875,28.188142776489258,96.18866729736328,92.07115173339844,33.72130584716797,147.8704833984375,7.590000152587891,86.33662414550781,109.68936920166016,3.109328269958496,129.3555145263672,127.77271270751953,160.30999755859375,80.05429077148438,471.8916931152344,222.78240966796875,31.782264709472656,36.330257415771484,48.88187026977539,100.9478988647461
2023-05-03,165.3733673095703,345.25,110.75090789794922,81.62000274658203,211.68287658691406,103.6500015258789,36.62318801879883,621.8493041992188,59.163795471191406,200.92999267578125,77.38115692138672,26.053524017333984,2608.58935546875,42.0572395324707,207.57354736328125,471.8321533203125,190.60498046875,42.75677490234375,141.03927612304688,99.20616149902344,166.3850860595703,80.15583801269531,104.68795776367188,308.5035705566406,275.2933654785156,30.846332550048828,112.62351989746094,150.69149780273438,128.22227478027344,59.01649856567383,423.0518798828125,50.13011169433594,369.5435485839844,235.57772827148438,78.33760833740234,298.594482421875,70.00713348388672,319.29998779296875,27.780460357666016,97.03404998779297,92.05171966552734,33.194679260253906,147.68141174316406,7.559999942779541,85.40119171142578,106.59074401855469,3.13692569732666,130.72262573242188,128.16030883789062,160.61000061035156,79.80339813232422,468.1137390136719,221.80093383789062,32.04381561279297,36.152530670166016,48.7007942199707,98.95826721191406
2023-05-04,163.7339630126953,335.8299865722656,109.92973327636719,86.61000061035156,214.06454467773438,104.0,36.50083541870117,622.1529541015625,58.8704833984375,197.0500030517578,78.34033966064453,25.23993682861328,2566.555419921875,41.34814453125,202.5102996826172,473.0863952636719,190.37738037109375,42.514892578125,140.49066162109375,95.85206604003906,162.5821075439453,78.2261734008789,103.97288513183594,301.5666198730469,268.4081726074219,30.829687118530273,111.82068634033203,150.00680541992188,126.46837615966797,59.081398010253906,420.35369873046875,49.905052185058594,370.74615478515625,232.0892333984375,76.35952758789062,299.5852355957031,70.11856842041016,320.7799987792969,27.5406436920166,97.19198608398438,92.23625183105469,33.00475311279297,147.00082397460938,7.380000114440918,84.08267211914062,100.68634796142578,3.081730604171753,129.0955810546875,127.536376953125,161.1999969482422,80.56571960449219,466.04791259765625,221.42794799804688,31.51228141784668,34.61593246459961,48.83711242675781,97.22537994384766
2023-05-05,171.41749572753906,348.3999938964844,113.45882415771484,89.83999633789062,218.34786987304688,105.66000366210938,37.05387496948242,637.1128540039062,60.79629898071289,198.33999633789062,79.03362274169922,25.913251876831055,2532.77294921875,42.655818939208984,207.04409790039062,481.4996337890625,195.5331573486328,43.02656173706055,144.07891845703125,98.8717269897461,165.94863891601562,78.9507827758789,104.84686279296875,306.9734802246094,272.0433654785156,31.795188903808594,112.80598449707031,150.51568603515625,128.9389190673828,59.35955810546875,419.735595703125,51.611942291259766,379.1641540527344,231.35379028320312,78.45777130126953,304.7252502441406,70.11856842041016,322.760009765625,28.65778160095215,97.28488159179688,94.1786880493164,33.22922134399414,147.49237060546875,7.409999847412109,85.13391876220703,102.76469421386719,3.173722743988037,129.7406005859375,130.02261352539062,170.05999755859375,81.99388122558594,472.74285888671875,227.49365234375,31.91726303100586,35.76602554321289,49.25904846191406,99.64591979980469
2023-05-08,171.3483428955078,344.05999755859375,113.15576171875,95.04000091552734,216.5846710205078,105.83000183105469,36.877685546875,641.68798828125,60.69401931762695,197.25999450683594,79.11908721923828,25.894548416137695,2601.9453125,42.692657470703125,206.7553253173828,481.4996337890625,195.8399200439453,43.11029052734375,143.51235961914062,101.28155517578125,164.8135223388672,79.48636627197266,107.03179168701172,306.4947509765625,270.4559020996094,31.786863327026367,112.57791137695312,150.17333984375,129.25009155273438,59.266849517822266,424.55291748046875,51.32258987426758,380.00201416015625,231.8407745361328,78.04181671142578,302.7633972167969,70.62928771972656,331.2099914550781,29.128414154052734,97.4614028930664,94.00386810302734,33.38460922241211,146.8022918701172,7.739999771118164,85.13391876220703,102.32068634033203,3.2013204097747803,130.72262573242188,130.27786254882812,171.7899932861328,82.54393005371094,471.1552429199219,227.93533325195312,31.91726303100586,36.180816650390625,49.5673828125,100.0401840209961
2023-05-09,169.6398162841797,342.6499938964844,111.28858184814453,95.05999755859375,216.4092559814453,106.62000274658203,36.79938507080078,629.990478515625,59.67613220214844,201.8800048828125,78.08392333984375,25.866497039794922,2597.4501953125,42.83999252319336,205.50396728515625,483.1687316894531,199.08578491210938,43.23123550415039,143.0986785888672,100.5045166015625,165.46351623535156,79.54937744140625,106.61466217041016,304.86138916015625,272.945068359375,31.612083435058594,112.05081176757812,149.007568359375,128.62774658203125,58.775421142578125,420.2948303222656,50.24896240234375,377.4687805175781,231.94015502929688,77.98637390136719,301.14495849609375,70.18357849121094,332.1400146484375,28.548864364624023,97.26630401611328,93.37256622314453,33.2205810546875,145.29931640625,9.550000190734863,85.21410369873047,99.92113494873047,3.2013204097747803,129.66357421875,133.15171813964844,169.14999389648438,82.08074188232422,469.0128479003906,228.94630432128906,31.697898864746094,36.33164596557617,49.65176773071289,100.06769561767578
2023-05-10,171.40760803222656,344.0199890136719,112.8233871459961,97.0199966430664,216.1138916015625,110.19000244140625,36.9315185546875,643.7943115234375,60.42483139038086,200.83999633789062,78.7771987915039,25.548540115356445,2608.303466796875,42.70186233520508,205.19595336914062,482.0784912109375,202.71755981445312,43.45450210571289,141.2730712890625,99.48157501220703,164.0664825439453,78.39944458007812,110.98453521728516,302.7774963378906,271.4891662597656,31.72028350830078,112.83682250976562,149.5626983642578,128.69375610351562,58.877418518066406,427.6925354003906,51.372276306152344,377.07440185546875,231.65194702148438,77.38554382324219,306.3536376953125,71.40003204345703,335.4200134277344,28.862621307373047,96.27227020263672,94.71284484863281,33.06517791748047,145.601806640625,9.9399995803833,84.72410583496094,100.57298278808594,3.1553242206573486,129.80801391601562,135.741943359375,168.5399932861328,81.92634582519531,468.7163391113281,226.9930877685547,31.748519897460938,36.086544036865234,49.512203216552734,98.78407287597656
2023-05-11,171.59524536132812,341.5799865722656,112.87226867675781,97.0999984741211,214.43377685546875,112.18000030517578,36.7651252746582,636.9854736328125,60.55990982055664,201.83999633789062,83.46869659423828,25.613998413085938,2618.812255859375,42.388763427734375,202.1733856201172,484.2300109863281,201.35195922851562,43.13819885253906,140.49066162109375,90.79635620117188,163.49407958984375,78.37582397460938,115.77151489257812,301.0597229003906,270.23046875,31.58534049987793,111.8011245727539,148.95205688476562,128.2882843017578,59.211204528808594,427.32952880859375,51.38981628417969,377.91229248046875,234.34532165527344,76.37802124023438,304.19561767578125,70.66643524169922,344.760009765625,28.55585479736328,96.07717895507812,94.63514709472656,32.79465866088867,145.94210815429688,9.880000114440918,84.67064666748047,98.30569458007812,3.1277267932891846,128.71046447753906,134.8722381591797,172.0800018310547,80.50782775878906,467.4634094238281,227.17990112304688,31.72321128845215,36.1336784362793,49.69720458984375,96.99615478515625
2023-05-12,170.66561889648438,335.45001220703125,113.4881362915039,95.26000213623047,215.0430450439453,110.26000213623047,36.75532913208008,634.35986328125,60.89567947387695,200.6999969482422,81.04696655273438,25.333452224731445,2593.418212890625,41.85464859008789,201.70172119140625,486.33331298828125,199.709228515625,43.45450210571289,140.85040283203125,90.48160552978516,163.5522918701172,77.81661987304688,116.705078125,299.91448974609375,272.84173583984375,31.627511978149414,113.59510803222656,148.7577667236328,126.44951629638672,59.44300842285156,427.33929443359375,51.3527946472168,376.4632873535156,232.37745666503906,76.15616607666016,303.07733154296875,72.39362335205078,339.8900146484375,28.318044662475586,95.81707000732422,95.03334045410156,32.59394454956055,147.4261932373047,9.5,84.74192810058594,97.89002990722656,3.109328269958496,128.78485107421875,135.43943786621094,167.97999572753906,80.50782775878906,469.8258056640625,227.54379272460938,31.71476936340332,35.3418083190918,49.68098068237305,96.98700714111328
2023-05-15,170.17115783691406,345.6700134277344,118.3956298828125,97.4000015258789,215.57846069335938,111.19999694824219,37.06855392456055,642.373779296875,61.73025894165039,202.77000427246094,83.89604949951172,25.857139587402344,2608.451416015625,42.40717697143555,203.38624572753906,484.3747253417969,201.21343994140625,43.817317962646484,141.3719940185547,91.33734130859375,164.85232543945312,80.33699035644531,115.71192932128906,302.32696533203125,271.0289001464844,32.42030334472656,114.07598114013672,147.61973571777344,127.51504516601562,59.28538513183594,427.4180603027344,53.80498123168945,377.9320068359375,237.39654541015625,76.67379760742188,303.5579528808594,72.00362396240234,335.8900146484375,28.93056869506836,95.7984848022461,94.46034240722656,32.428138732910156,147.47344970703125,9.520000457763672,84.63501739501953,100.40294647216797,3.1277267932891846,128.5108184814453,134.6169891357422,166.35000610351562,82.65972900390625,465.64617919921875,228.95008850097656,31.022933959960938,36.548465728759766,49.29475021362305,97.17195892333984
2023-05-16,170.17115783691406,345.1099853515625,118.20989990234375,101.4800033569336,210.36280822753906,113.4000015258789,36.58403396606445,638.8076782226562,61.88848876953125,200.8699951171875,84.29492950439453,25.58594512939453,2608.6982421875,41.698089599609375,199.44924926757812,478.6919860839844,202.43060302734375,43.64986038208008,138.05352783203125,89.48817443847656,161.44700622558594,79.65176391601562,118.69137573242188,301.1441955566406,265.1957702636719,31.91426658630371,114.16845703125,147.42543029785156,126.65697479248047,58.617801666259766,429.5230712890625,54.453834533691406,374.8072509765625,237.3567657470703,75.66627502441406,305.79449462890625,70.42500305175781,333.75,29.190366744995117,95.510498046875,95.42182922363281,32.297245025634766,147.21824645996094,9.470000267028809,83.61941528320312,98.05062103271484,3.1001288890838623,130.331298828125,133.4164276123047,166.52000427246094,82.87201690673828,458.8172912597656,226.64889526367188,30.415470123291016,36.19023895263672,48.6131591796875,94.81363677978516
2023-05-17,170.7843017578125,356.6300048828125,122.88276672363281,103.75,209.6825408935547,115.5,36.936424255371094,656.8829956054688,63.43513488769531,206.8699951171875,86.11834716796875,26.717485427856445,2658.361572265625,43.3557014465332,204.1659698486328,477.5824279785156,207.200439453125,44.310386657714844,140.0320281982422,91.24881744384766,165.90013122558594,81.49478149414062,120.01226806640625,309.93975830078125,274.645263671875,32.0239143371582,116.24911499023438,147.10159301757812,130.55133056640625,58.55289077758789,430.3297119140625,55.9327392578125,381.4707336425781,241.00428771972656,77.56116485595703,308.6846923828125,69.960693359375,339.9599914550781,30.154621124267578,94.03338623046875,96.89807891845703,32.07034683227539,146.5943603515625,10.25,83.2897720336914,99.01421356201172,3.146124839782715,129.80276489257812,134.2577667236328,173.86000061035156,87.69689178466797,463.6855163574219,228.792724609375,30.525148391723633,38.141632080078125,48.53202819824219,96.94075012207031
2023-05-18,173.11825561523438,360.42999267578125,127.00819396972656,107.93000030517578,208.9464111328125,118.1500015258789,37.26433181762695,681.7965698242188,65.40628051757812,207.24000549316406,81.45532989501953,26.62397003173828,2741.44384765625,42.720279693603516,206.68797302246094,480.57342529296875,211.0994110107422,44.840660095214844,139.85948181152344,92.22257995605469,169.4024658203125,81.92009735107422,121.98863220214844,309.3764953613281,277.2471923828125,32.26005935668945,116.656005859375,146.62974548339844,131.54144287109375,58.22837448120117,430.7428894042969,58.33233642578125,386.4189453125,245.33753967285156,78.09728240966797,313.1282043457031,69.73784637451172,371.2900085449219,31.65345573425293,93.22515869140625,99.39410400390625,31.834728240966797,144.1838836669922,11.739999771118164,82.49685668945312,101.04534149169922,3.146124839782715,131.05557250976562,134.7209930419922,176.88999938964844,89.40489959716797,458.34869384765625,229.7270050048828,30.482969284057617,37.90595626831055,49.161685943603516,97.8193359375
2023-05-19,173.22706604003906,371.25,124.10475158691406,105.81999969482422,208.19158935546875,116.25,37.09792709350586,679.90576171875,65.82598114013672,205.49000549316406,79.7553939819336,26.287315368652344,2725.947021484375,42.09407043457031,206.74574279785156,479.0489501953125,208.17022705078125,45.70584487915039,140.96737670898438,89.85209655761719,168.95611572265625,82.11701202392578,121.91910552978516,306.1568298339844,273.2268981933594,32.31909942626953,117.6824722290039,147.027587890625,131.2396697998047,58.25619125366211,435.1595764160156,57.369773864746094,380.06109619140625,244.13499450683594,76.01752471923828,312.9512634277344,69.16212463378906,365.3599853515625,31.239776611328125,93.65249633789062,99.87972259521484,32.08780288696289,144.78884887695312,11.710000038146973,83.02250671386719,100.00615692138672,3.146124839782715,131.427490234375,134.4468231201172,180.13999938964844,89.33734893798828,457.9565124511719,229.4418182373047,30.415470123291016,37.736263275146484,48.655357360839844,98.27251434326172
2023-05-22,172.2776336669922,372.04998779296875,123.7137222290039,108.0,208.7227783203125,115.01000213623047,37.33774948120117,684.45166015625,65.45162963867188,205.91000366210938,81.76874542236328,26.50240135192871,2657.29736328125,42.16774368286133,206.2451629638672,474.5625915527344,208.07127380371094,45.41744613647461,138.43373107910156,90.31439208984375,168.9852752685547,82.34542083740234,124.19342803955078,305.00225830078125,273.0202331542969,32.496219635009766,117.9043960571289,146.23519897460938,130.15530395507812,57.03227996826172,426.9065246582031,57.000526428222656,379.0359802246094,246.798583984375,76.04524230957031,315.7431945800781,69.25496673583984,363.010009765625,31.151845932006836,93.58746337890625,98.84050750732422,33.815673828125,140.998291015625,11.84000015258789,82.91558837890625,99.45823669433594,3.1921207904815674,130.45852661132812,133.47314453125,188.8699951171875,88.5074691772461,459.6780700683594,227.44546508789062,30.339534759521484,38.6318359375,48.22693634033203,97.07948303222656
2023-05-23,169.666748046875,370.4200134277344,121.69987487792969,108.12000274658203,209.14208984375,114.98999786376953,36.53999328613281,667.6107177734375,66.23604583740234,202.60000610351562,78.7107162475586,26.726839065551758,2599.99365234375,42.27825164794922,204.753173828125,467.8088684082031,204.48895263671875,45.50117492675781,142.43853759765625,88.3471908569336,166.24937438964844,80.1007080078125,121.7204818725586,303.7349548339844,277.0404968261719,32.18416213989258,118.5332260131836,146.17929077148438,128.79745483398438,56.930294036865234,416.302490234375,55.872344970703125,368.4100646972656,245.22824096679688,76.38726806640625,309.9234313964844,68.86495971679688,355.989990234375,30.664220809936523,93.13225555419922,95.70348358154297,34.592342376708984,139.4763946533203,12.640000343322754,82.79977416992188,97.83334350585938,3.1553242206573486,127.07203674316406,131.92279052734375,185.77000427246094,87.27230834960938,458.5495300292969,220.85655212402344,30.575780868530273,38.848655700683594,48.13605499267578,98.40196990966797
2023-05-24,169.9436798095703,365.760009765625,119.30842590332031,108.2699966430664,206.2347412109375,116.75,35.71287155151367,653.2483520507812,65.56355285644531,199.27000427246094,77.12472534179688,26.2779598236084,2588.49951171875,40.970584869384766,201.8557586669922,465.773193359375,206.88377380371094,45.03601837158203,142.81996154785156,87.60948944091797,163.15452575683594,79.53363037109375,120.07186126708984,300.2054748535156,273.43353271484375,31.37449073791504,116.22138214111328,146.03944396972656,127.61878204345703,56.44813919067383,418.8206787109375,55.12997055053711,363.2350158691406,247.68310546875,75.07470703125,308.5372619628906,68.9392318725586,364.8500061035156,30.514341354370117,92.92787170410156,95.48982238769531,33.71095657348633,138.32313537597656,12.229999542236328,82.2741470336914,97.3232192993164,3.0633320808410645,126.4652099609375,131.7147979736328,182.89999389648438,86.9731674194336,459.87890625,218.56517028808594,30.263601303100586,38.52813720703125,47.91535186767578,99.5025405883789
2023-05-25,171.08099365234375,392.05999755859375,127.87457275390625,120.3499984741211,202.63784790039062,115.0,36.18761444091797,694.0916748046875,70.31731414794922,200.8699951171875,74.81696319580078,26.34342384338379,2560.4443359375,40.73115158081055,202.125244140625,469.4297180175781,207.7249298095703,45.6128044128418,140.3589324951172,86.69473266601562,171.6726531982422,79.95892333984375,122.63418579101562,304.0259704589844,269.34747314453125,31.694984436035156,117.2201156616211,143.94200134277344,127.92996978759766,56.01235580444336,420.3355712890625,58.65967559814453,364.75311279296875,251.14178466796875,76.72003173828125,320.40301513671875,68.14994049072266,359.0,37.95056915283203,90.8376235961914,101.28797912597656,33.0128288269043,137.43455505371094,12.84000015258789,80.85762786865234,98.26790618896484,3.081730604171753,126.69032287597656,131.9700164794922,184.47000122070312,97.41417694091797,456.88531494140625,219.6764373779297,29.377716064453125,38.55641555786133,47.4382438659668,97.71760559082031
2023-05-26,173.49404907226562,415.3900146484375,133.3533477783203,127.02999877929688,202.14395141601562,120.11000061035156,37.49435806274414,720.9841918945312,78.4151840209961,203.6300048828125,76.89681243896484,26.47434425354004,2554.29248046875,41.0718879699707,203.877197265625,489.41107177734375,213.19737243652344,46.38496017456055,139.9230499267578,86.84227752685547,177.0183563232422,80.9198226928711,123.75643157958984,311.6575927734375,275.0585021972656,31.89739990234375,119.1897964477539,143.8860626220703,129.12750244140625,55.8732795715332,418.8404235839844,61.20734786987305,369.02117919921875,260.43450927734375,77.55192565917969,327.2549743652344,69.0826187133789,378.8800048828125,38.91582107543945,90.91194915771484,101.08401489257812,32.812110900878906,137.44400024414062,13.649999618530273,80.92889404296875,104.24786376953125,3.1277267932891846,128.61846923828125,132.42379760742188,193.1699981689453,99.59501647949219,460.5388488769531,221.27938842773438,29.529582977294922,38.86750411987305,47.52262878417969,97.07948303222656
2023-05-30,175.3434295654297,417.2099914550781,133.85324096679688,125.2699966430664,203.63491821289062,121.66000366210938,37.57265853881836,713.4700927734375,77.50920867919922,204.69000244140625,74.7125015258789,26.427587509155273,2492.8193359375,41.163970947265625,202.0482635498047,490.1539611816406,216.59164428710938,46.67335891723633,139.05125427246094,86.3799819946289,176.3876953125,80.65202331542969,122.82288360595703,310.5498962402344,274.6546325683594,31.560039520263672,119.73538208007812,143.90469360351562,129.6178436279297,55.42821502685547,420.2666931152344,61.373939514160156,362.24932861328125,260.9115295410156,77.1082534790039,325.6034240722656,67.93311309814453,392.9800109863281,40.07992172241211,89.69495391845703,102.12321472167969,32.297245025634766,135.34547424316406,14.710000038146973,80.36763763427734,109.58543395996094,3.0265355110168457,127.47333526611328,130.20223999023438,201.16000366210938,98.40811157226562,458.9416809082031,217.96531677246094,29.44521713256836,38.6318359375,47.405792236328125,96.21937561035156
2023-05-31,175.29397583007812,417.7900085449219,130.64825439453125,118.20999908447266,205.61038208007812,120.58000183105469,36.9266242980957,708.2481689453125,77.9549560546875,205.6999969482422,75.54823303222656,25.988067626953125,2473.103515625,40.81403732299805,198.05352783203125,493.5597839355469,221.0546875,46.20819854736328,136.7809600830078,86.51769256591797,170.6539764404297,79.9668197631836,122.02835845947266,306.35986328125,268.16455078125,31.053997039794922,118.9123764038086,144.54791259765625,127.96765899658203,55.31695556640625,422.450439453125,60.08208084106445,359.8047180175781,263.09808349609375,75.57384490966797,322.8311462402344,68.65272521972656,395.2300109863281,37.804683685302734,89.41625213623047,102.8904800415039,33.17863082885742,134.70269775390625,14.710000038146973,80.189453125,107.88268280029297,2.95294189453125,127.66907501220703,128.689697265625,203.92999267578125,95.13682556152344,466.0096130371094,217.36541748046875,30.061120986938477,37.52886962890625,47.6686897277832,94.49919128417969
2023-06-01,178.10260009765625,426.75,132.1478271484375,119.47000122070312,199.66526794433594,122.7699966430664,37.10771179199219,712.01025390625,76.21728515625,207.9600067138672,78.8246841430664,26.18601417541504,2513.74755859375,41.29289627075195,201.24932861328125,494.5632019042969,210.68380737304688,46.2733268737793,138.17947387695312,87.1373519897461,173.70033264160156,82.43992614746094,122.8725357055664,299.2659606933594,272.83819580078125,31.560039520263672,120.04981994628906,144.0631561279297,129.73098754882812,55.6322021484375,429.36572265625,60.38994216918945,365.5810546875,270.9397277832031,75.86038208007812,326.9502258300781,68.1854476928711,403.1300048828125,39.73918914794922,90.21519470214844,102.93903350830078,33.17863082885742,136.08279418945312,14.539999961853027,80.32308197021484,110.18473815917969,3.0357344150543213,129.36231994628906,132.962646484375,207.52000427246094,95.37808227539062,472.1212463378906,222.7447052001953,30.13705062866211,37.764549255371094,47.84394454956055,95.59049987792969
2023-06-02,178.95315551757812,436.3699951171875,131.9517822265625,117.86000061035156,203.20628356933594,124.25,37.96418762207031,709.9334106445312,78.3447494506836,213.32000732421875,80.03079223632812,27.062652587890625,2588.32177734375,42.655818939208984,218.1524658203125,494.5534973144531,210.81243896484375,46.5338134765625,141.90274047851562,89.28160858154297,180.9184112548828,83.32992553710938,123.81602478027344,306.1233825683594,279.9809875488281,31.89739990234375,122.45413208007812,146.3284149169922,132.4561004638672,56.707759857177734,435.11041259765625,59.786888122558594,368.39031982421875,270.9397277832031,77.9678726196289,329.72247314453125,69.0172119140625,400.4700012207031,39.29652786254883,91.88739776611328,102.8419189453125,33.475337982177734,138.5027313232422,14.520000457763672,81.76634216308594,109.9849624633789,3.146124839782715,130.14532470703125,138.02023315429688,213.97000122070312,95.47459411621094,477.8119812011719,224.9967498779297,29.175228118896484,38.87693786621094,48.30158615112305,97.81009674072266
2023-06-05,177.59828186035156,434.17999267578125,131.06968688964844,117.93000030517578,206.75656127929688,125.30000305175781,37.53839874267578,707.5330200195312,77.40886688232422,208.77999877929688,80.15425109863281,26.902406692504883,2632.79052734375,42.582149505615234,214.1480712890625,500.0143737792969,207.67544555664062,46.710567474365234,141.22164916992188,89.50784301757812,178.1146240234375,81.99099731445312,125.14685821533203,304.38299560546875,277.294189453125,31.821495056152344,122.65757751464844,147.5869140625,131.1548309326172,56.327606201171875,437.0089111328125,59.00164031982422,365.2261657714844,269.72723388671875,77.4040298461914,330.25335693359375,68.77420806884766,403.5400085449219,39.14065170288086,92.31473541259766,103.85196685791016,33.72840881347656,137.9544677734375,15.239999771118164,80.22509765625,107.23583984375,3.1277267932891846,128.70655822753906,137.76499938964844,217.61000061035156,94.61576080322266,476.4825134277344,223.01023864746094,29.073984146118164,38.132198333740234,48.61965560913086,97.37541961669922
2023-06-06,177.23236083984375,432.8900146484375,131.27552795410156,124.2300033569336,206.14157104492188,126.61000061035156,37.9299430847168,702.076171875,76.22210693359375,207.2899932861328,82.33855438232422,27.552814483642578,2669.599609375,43.4846305847168,218.20054626464844,498.0943908691406,210.63430786132812,46.33845138549805,141.4759521484375,90.64881896972656,177.94969177246094,83.06214141845703,126.43795013427734,309.1027526855469,280.03778076171875,32.2178840637207,122.70381927490234,147.45639038085938,131.3905792236328,55.919639587402344,435.83831787109375,59.643672943115234,374.5313415527344,269.4588928222656,79.36361694335938,328.0315856933594,68.57795715332031,399.2900085449219,38.624053955078125,92.58415222167969,104.01708984375,33.48406219482422,136.5838165283203,15.460000038146973,81.623779296875,110.68890380859375,3.1645233631134033,129.03933715820312,140.36468505859375,221.30999755859375,96.3237533569336,466.3253173828125,224.4362030029297,29.27646827697754,38.89578628540039,48.6131591796875,98.17076873779297
2023-06-07,175.85769653320312,418.32000732421875,132.32423400878906,117.83000183105469,206.16952514648438,121.2300033569336,38.54661178588867,695.7866821289062,76.47586822509766,211.92999267578125,80.989990234375,27.788469314575195,2606.58837890625,44.21212387084961,226.73880004882812,493.2413330078125,203.5884246826172,46.3105354309082,145.14474487304688,91.00291442871094,182.9752197265625,83.55047607421875,121.660888671875,317.5680847167969,285.430419921875,32.36970138549805,124.26663208007812,147.77334594726562,132.66355895996094,55.8361930847168,429.2476806640625,59.50532531738281,366.0837707519531,261.98492431640625,79.9552001953125,317.9059753417969,69.3162612915039,399.7699890136719,37.44983673095703,91.50650787353516,102.2203369140625,33.937843322753906,136.8768310546875,14.6899995803833,82.18505859375,109.5664291381836,3.1645233631134033,128.90231323242188,137.36795043945312,224.57000732421875,96.77729797363281,461.122314453125,221.53512573242188,29.748947143554688,39.65937423706055,48.6845703125,100.37187957763672
2023-06-08,178.5773468017578,439.0299987792969,133.4905548095703,121.05000305175781,205.71290588378906,124.25,38.59065246582031,705.4267578125,77.59217834472656,218.11000061035156,81.80673217773438,27.552814483642578,2609.822021484375,44.29500961303711,225.67991638183594,501.7896728515625,207.34886169433594,46.21750259399414,144.60894775390625,91.01275634765625,182.21849060058594,83.54259490966797,121.30335998535156,317.30328369140625,284.853271484375,32.428741455078125,124.29437255859375,149.39537048339844,132.70127868652344,55.97526931762695,438.38604736328125,59.871646881103516,362.3380126953125,262.95892333984375,79.77957153320312,319.7541198730469,69.99849700927734,409.3699951171875,38.48414611816406,93.50386047363281,104.38614654541016,34.11238479614258,138.4271240234375,15.1899995803833,82.11378479003906,110.67938995361328,3.2013204097747803,130.38023376464844,138.83323669433594,234.86000061035156,96.43956756591797,468.869384765625,219.3518829345703,29.89237403869629,39.94218444824219,49.38887405395508,100.05743408203125
2023-06-09,178.96304321289062,454.0,133.4121551513672,124.91999816894531,203.84922790527344,123.43000030517578,38.28721237182617,701.3217163085938,77.63269805908203,217.30999755859375,81.19892120361328,27.59052276611328,2569.0791015625,44.47918701171875,226.23822021484375,499.0785217285156,213.0686798095703,46.19890213012695,144.26385498046875,90.42259216308594,181.7139892578125,83.7237548828125,121.39274597167969,317.8234558105469,281.31500244140625,32.428741455078125,125.11738586425781,149.16233825683594,132.9652862548828,56.0679931640625,438.7598571777344,59.09711456298828,363.94476318359375,263.32666015625,79.68714904785156,321.25823974609375,69.22280883789062,420.0199890136719,38.74396896362305,93.76397705078125,106.68792724609375,34.00766372680664,138.54054260253906,15.020000457763672,82.48795318603516,113.30487823486328,3.1553242206573486,129.900634765625,140.5159454345703,244.39999389648438,99.19939422607422,472.1116943359375,219.8534698486328,29.926124572753906,39.715938568115234,49.68747329711914,99.31756591796875
2023-06-12,181.76177978515625,474.6300048828125,137.2247772216797,129.19000244140625,202.54466247558594,126.56999969482422,38.962615966796875,715.3411865234375,82.52828216552734,221.55999755859375,81.54081726074219,27.45855140686035,2568.30078125,44.6173210144043,229.0008544921875,502.6385803222656,211.46556091308594,46.96174621582031,142.8744354248047,91.61274719238281,183.89688110351562,83.66860961914062,122.79307556152344,321.1055908203125,284.6356506347656,32.125118255615234,126.153076171875,149.05978393554688,132.95587158203125,55.82691192626953,438.0417785644531,61.13719940185547,369.94775390625,269.3892822265625,80.82408142089844,326.2325744628906,69.13870239257812,423.9700012207031,39.45549011230469,92.9000015258789,113.07850646972656,34.81924057006836,137.45347595214844,15.649999618530273,82.54141235351562,116.18719482421875,3.146124839782715,130.92832946777344,141.4140167236328,249.8300018310547,103.31017303466797,471.12652587890625,222.42018127441406,30.04424285888672,39.43313217163086,50.015281677246094,98.42048645019531
2023-06-13,181.28709411621094,478.989990234375,138.96934509277344,124.52999877929688,206.85910034179688,126.66000366210938,39.554805755615234,722.2970581054688,82.11919403076172,220.3800048828125,83.1078109741211,27.713058471679688,2576.886962890625,44.83833694458008,236.25881958007812,503.6517333984375,206.80459594726562,47.25944519042969,143.94601440429688,92.31111145019531,188.07833862304688,84.07030487060547,122.98178100585938,323.9526062011719,283.8977355957031,32.437171936035156,127.2442855834961,149.84283447265625,133.9176788330078,56.049442291259766,438.445068359375,61.11131286621094,366.0738830566406,269.6576232910156,81.60051727294922,328.6312561035156,69.48448944091797,435.7300109863281,40.99445724487305,92.2682876586914,113.32132720947266,35.15084457397461,137.1226043701172,16.0,83.12049865722656,118.3656005859375,3.173722743988037,132.41604614257812,149.44000244140625,258.7099914550781,103.05928039550781,469.9023132324219,219.6960906982422,29.93456268310547,40.20614242553711,50.40475845336914,98.43898010253906
2023-06-14,181.92002868652344,479.5299987792969,138.36172485351562,127.33000183105469,207.12928771972656,126.41999816894531,39.53033447265625,725.1773071289062,85.50191497802734,216.89999389648438,84.86474609375,27.449127197265625,2572.687255859375,44.4239387512207,234.21810913085938,508.6494445800781,207.22021484375,47.40829849243164,142.65647888183594,90.9340591430664,187.3118896484375,82.46353912353516,122.82288360595703,320.09356689453125,283.5476989746094,32.5974235534668,126.87440490722656,150.60723876953125,133.4179229736328,56.429603576660156,440.4124450683594,61.54995346069336,369.4056091308594,271.6751708984375,81.3232192993164,331.6296691894531,68.5966567993164,440.8599853515625,42.968135833740234,92.60272979736328,118.75041198730469,34.34799575805664,138.40821838378906,15.90999984741211,82.90668487548828,117.38579559326172,3.210519313812256,132.68031311035156,156.5206298828125,256.7900085449219,103.64791107177734,439.8226623535156,219.73548889160156,30.145484924316406,39.66880416870117,50.91432189941406,97.25521087646484
2023-06-15,183.95730590820312,490.9100036621094,137.32281494140625,124.23999786376953,212.8694610595703,127.11000061035156,40.06869888305664,723.688232421875,85.23657989501953,219.41000366210938,87.56187438964844,27.684782028198242,2633.717041015625,44.7186279296875,238.40538024902344,510.55975341796875,209.71397399902344,48.310691833496094,143.73715209960938,91.41603088378906,191.01795959472656,83.02275848388672,124.23314666748047,321.3420715332031,285.733154296875,32.93478012084961,127.98407745361328,152.63014221191406,134.92662048339844,57.205039978027344,446.52105712890625,60.66777801513672,373.6244812011719,280.1032409667969,82.31226348876953,342.20751953125,69.49382781982422,445.2699890136719,42.624366760253906,94.19132232666016,122.90721130371094,34.68833541870117,140.32711791992188,16.600000381469727,84.39447784423828,117.58557891845703,3.2197184562683105,134.12887573242188,158.9879608154297,255.89999389648438,101.92115020751953,447.4190979003906,222.42018127441406,30.7445125579834,39.93275833129883,51.193450927734375,97.93031311035156
2023-06-16,182.8793182373047,495.17999267578125,136.166259765625,120.08000183105469,214.00628662109375,125.48999786376953,40.30913543701172,707.2195434570312,83.7584457397461,219.99000549316406,87.46690368652344,27.515108108520508,2603.443603515625,44.377891540527344,236.09518432617188,505.2243347167969,209.5556640625,48.44093704223633,142.8108673095703,89.82258605957031,185.55587768554688,83.71586608886719,122.683837890625,319.98944091796875,284.1816101074219,33.04441833496094,127.13331604003906,153.09625244140625,135.08694458007812,57.616111755371094,440.4026184082031,59.85203552246094,371.1502990722656,279.2783508300781,81.4249038696289,336.53515625,70.64332580566406,431.9599914550781,42.663333892822266,94.6000747680664,121.84858703613281,34.958858489990234,141.35748291015625,16.299999237060547,84.53701782226562,116.7009048461914,3.210519313812256,134.36378479003906,155.3673095703125,260.5400085449219,101.33003234863281,440.31243896484375,225.11474609375,30.76138687133789,39.76307678222656,50.479408264160156,97.2274398803711
2023-06-20,182.96835327148438,485.8599853515625,135.76441955566406,118.93000030517578,213.0092315673828,125.77999877929688,39.769386291503906,705.7793579101562,83.750732421875,212.3699951171875,83.50668334960938,27.213470458984375,2599.16552734375,43.843772888183594,232.12928771972656,501.413330078125,214.71142578125,47.95718002319336,139.55978393554688,88.27832794189453,188.43728637695312,81.92799377441406,122.25679016113281,312.8105163574219,285.1560363769531,33.20466613769531,125.72772979736328,153.00302124023438,134.3986053466797,57.23306655883789,444.5733642578125,60.01128005981445,369.2676086425781,282.5879211425781,80.16780853271484,332.32763671875,69.8676528930664,434.70001220703125,43.778587341308594,93.66178894042969,118.52702331542969,34.33054733276367,140.05300903320312,15.789999961853027,84.47466278076172,113.98027801513672,3.1829216480255127,133.12074279785156,148.56080627441406,274.45001220703125,100.75831604003906,450.7803039550781,222.71522521972656,30.212984085083008,39.48969268798828,50.03475570678711,94.99860382080078
2023-06-21,181.92991638183594,477.4800109863281,133.95123291015625,112.11000061035156,211.56488037109375,124.83000183105469,39.92639923095703,692.9356689453125,82.2210922241211,212.0800018310547,82.405029296875,26.930683135986328,2606.213623046875,43.65959167480469,232.44696044921875,501.336181640625,207.4082489013672,47.30596923828125,140.6495361328125,87.18653106689453,189.02911376953125,82.73921203613281,119.7242431640625,307.4664611816406,284.4843444824219,33.24683380126953,123.62854766845703,152.76998901367188,134.20059204101562,57.39189147949219,445.60626220703125,59.18283462524414,370.76593017578125,279.9144287109375,79.80731964111328,327.91363525390625,70.8208999633789,424.45001220703125,43.01609802246094,93.74539947509766,118.58529663085938,33.94657897949219,141.262939453125,14.640000343322754,85.83773040771484,110.11814880371094,3.2013204097747803,131.92666625976562,147.94635009765625,259.4599914550781,98.49081420898438,457.8484802246094,223.48228454589844,30.2298583984375,39.26344299316406,50.13212203979492,96.06216430664062
2023-06-22,184.93637084960938,477.5799865722656,136.15647888183594,110.69999694824219,214.00628662109375,130.14999389648438,39.769386291503906,702.84033203125,81.7137680053711,205.61000061035156,82.51899719238281,26.35568618774414,2639.828857421875,42.9412956237793,228.46182250976562,505.7550354003906,211.06968688964844,47.55714416503906,138.6153564453125,87.03900146484375,189.76644897460938,82.55805969238281,122.30644226074219,302.2737731933594,284.9383850097656,32.639591217041016,121.29821014404297,154.39202880859375,131.6168670654297,57.78428649902344,450.2098388671875,60.55738830566406,372.40216064453125,283.1345520019531,78.10652923583984,333.9595642089844,70.21343231201172,422.4800109863281,42.996116638183594,93.40166473388672,117.10905456542969,33.79822540283203,141.74505615234375,14.050000190734863,86.388427734375,110.7269515991211,3.1553242206573486,132.2398681640625,148.52301025390625,264.6099853515625,99.93464660644531,460.0573425292969,224.6033935546875,30.246726989746094,38.70724868774414,50.550811767578125,95.53500366210938
2023-06-23,184.61990356445312,484.7200012207031,133.36317443847656,110.01000213623047,211.6300811767578,129.3300018310547,39.3474006652832,683.7168579101562,79.74666595458984,205.41000366210938,80.6480941772461,26.157737731933594,2586.626220703125,42.379554748535156,225.67027282714844,505.9865417480469,207.9030303955078,46.82220458984375,137.4438934326172,86.65538787841797,188.66046142578125,81.73894500732422,121.5019760131836,297.66748046875,284.58837890625,32.243194580078125,119.68914794921875,154.26148986816406,130.92852783203125,57.17700958251953,451.3509216308594,59.472007751464844,374.3834533691406,286.9610290527344,77.25614166259766,329.3489074707031,69.3162612915039,424.0199890136719,42.180660247802734,93.54102325439453,115.22489929199219,33.4229736328125,140.3365936279297,14.029999732971191,86.93914031982422,107.9017105102539,3.054133176803589,130.63470458984375,144.99688720703125,256.6000061035156,98.7524642944336,458.0885925292969,225.744140625,29.959871292114258,38.28303527832031,50.45668411254883,94.7026596069336
2023-06-26,183.2254638671875,479.510009765625,137.0189666748047,107.51000213623047,209.41233825683594,127.33000183105469,39.528953552246094,686.01904296875,79.69622039794922,205.5800018310547,81.1704330444336,26.478229522705078,2578.572509765625,42.582149505615234,228.08639526367188,505.0024108886719,205.2014617919922,46.710567474365234,139.85948181152344,87.24555969238281,190.23214721679688,82.26665496826172,117.5293960571289,295.4447937011719,291.2865905761719,32.445613861083984,121.45540618896484,152.53692626953125,131.2491455078125,57.195701599121094,445.37017822265625,60.602325439453125,372.0276184082031,276.7638244628906,77.26536560058594,323.03759765625,69.42842864990234,415.94000244140625,40.60472106933594,92.44479370117188,113.41844177246094,32.19252014160156,140.47837829589844,13.9399995803833,87.36343383789062,110.94574737548828,3.0633320808410645,129.61679077148438,146.10292053222656,241.0500030517578,97.00822448730469,460.06695556640625,222.54803466796875,30.466089248657227,38.264183044433594,50.323612213134766,96.4505844116211
2023-06-27,185.98468017578125,489.2699890136719,143.6346893310547,110.38999938964844,207.43679809570312,129.17999267578125,40.3532829284668,710.354736328125,82.2928466796875,209.42999267578125,82.7469253540039,26.61962127685547,2661.969970703125,42.729488372802734,231.68649291992188,511.6694030761719,206.64625549316406,47.31526184082031,139.423583984375,87.59964752197266,191.7552947998047,82.6368408203125,117.51946258544922,296.4757385253906,296.8211364746094,32.90104293823242,122.38013458251953,152.21995544433594,131.258544921875,57.074241638183594,456.9185485839844,63.41883850097656,376.3351745605469,285.291259765625,78.04181671142578,328.9065246582031,69.07328796386719,417.0799865722656,41.84788131713867,92.13822937011719,114.44792175292969,31.782363891601562,141.8112030029297,14.609999656677246,87.1738510131836,113.95173645019531,3.2197184562683105,130.18447875976562,148.58917236328125,250.2100067138672,98.91719818115234,463.42816162109375,223.57078552246094,30.83732032775879,38.56584548950195,50.14186096191406,96.69104766845703
2023-06-28,187.16152954101562,482.42999267578125,141.16481018066406,110.16999816894531,206.2254180908203,129.0399932861328,40.49068069458008,709.4826049804688,82.24823760986328,210.72000122070312,80.33470153808594,26.459375381469727,2628.56103515625,42.57293701171875,232.82235717773438,514.0523681640625,209.9613800048828,47.32456588745117,140.6858673095703,87.3734130859375,188.94180297851562,84.31446075439453,119.35678100585938,296.6743469238281,289.9810485839844,32.80827331542969,121.84378814697266,151.91233825683594,130.68336486816406,56.54171371459961,451.2132263183594,62.736934661865234,374.7974548339844,283.54205322265625,77.63512420654297,330.1648864746094,68.634033203125,429.8399963378906,41.08939743041992,91.45076751708984,113.17562866210938,31.668926239013672,141.7828826904297,15.279999732971191,86.8488540649414,111.81138610839844,3.3117101192474365,131.41770935058594,151.35903930664062,256.239990234375,97.79312133789062,455.63970947265625,224.18052673339844,31.065120697021484,38.292457580566406,50.41449737548828,97.47715759277344
2023-06-29,187.49778747558594,483.7699890136719,141.36082458496094,111.23999786376953,206.08563232421875,127.9000015258789,40.94700622558594,708.6597900390625,83.66731262207031,211.8300018310547,79.3470230102539,27.015520095825195,2618.1513671875,42.628196716308594,235.1037139892578,512.9815063476562,208.239501953125,47.640869140625,141.88458251953125,87.491455078125,192.9195098876953,84.85790252685547,118.2841796875,305.59368896484375,291.2203674316406,33.078163146972656,123.970703125,152.9750518798828,135.2472381591797,56.074588775634766,456.9087219238281,62.55913543701172,382.131103515625,279.8050537109375,78.79052734375,329.37835693359375,68.0452651977539,428.239990234375,40.794593811035156,92.30545043945312,114.38965606689453,31.520570755004883,141.2062530517578,15.199999809265137,88.19401550292969,112.30604553222656,3.3577067852020264,131.5742950439453,151.6331787109375,257.5,97.52179718017578,457.5508117675781,230.43505859375,31.208555221557617,40.01759719848633,50.073699951171875,98.67942810058594
2023-06-30,191.82948303222656,488.989990234375,141.66465759277344,113.91000366210938,206.88705444335938,130.36000061035156,41.68301773071289,710.0313110351562,84.13871765136719,211.16000366210938,79.1570816040039,27.043798446655273,2661.940185546875,42.39796829223633,236.84597778320312,519.43603515625,209.06085205078125,48.13393783569336,142.89260864257812,87.81604766845703,195.10240173339844,86.5197982788086,118.88007354736328,305.0734558105469,293.8883056640625,33.41551971435547,123.73951721191406,154.2987823486328,137.142578125,56.26143264770508,461.325439453125,62.803367614746094,387.6806945800781,285.2217102050781,78.93843841552734,334.77545166015625,69.34429168701172,440.489990234375,42.27359390258789,93.74539947509766,115.66193389892578,32.00926208496094,143.43711853027344,15.329999923706055,88.13082122802734,113.2383041381836,3.4129014015197754,133.90374755859375,151.96405029296875,261.7699890136719,97.79312133789062,461.5843200683594,233.54266357421875,31.377286911010742,40.23442459106445,51.01493453979492,99.1880874633789
2023-07-03,190.3361358642578,485.2099914550781,142.57615661621094,115.81999969482422,209.67323303222656,130.22000122070312,41.25613784790039,718.9759521484375,85.01265716552734,210.9199981689453,79.84085845947266,27.524539947509766,2682.109375,43.042598724365234,238.07810974121094,522.00244140625,209.44679260253906,48.208351135253906,142.7654571533203,89.01603698730469,194.6464385986328,85.2832260131836,119.07869720458984,308.92303466796875,293.3017578125,33.69384002685547,123.61004638671875,152.2759246826172,138.24583435058594,56.59777069091797,453.8888244628906,63.59761047363281,388.3312683105469,284.2675476074219,79.87201690673828,332.26861572265625,69.51251983642578,441.44000244140625,42.384517669677734,91.75733184814453,113.77779388427734,31.983083724975586,144.15550231933594,15.520000457763672,88.90723419189453,114.23709869384766,3.4496984481811523,131.6917724609375,151.69937133789062,279.82000732421875,99.95403289794922,458.9337158203125,234.0245361328125,31.453216552734375,40.91316604614258,51.34598922729492,99.3823013305664
2023-07-05,189.2185821533203,487.260009765625,139.4300079345703,113.94999694824219,210.48391723632812,130.3800048828125,41.14818572998047,701.1356811523438,83.59844207763672,213.30999755859375,80.05929565429688,27.411420822143555,2635.984619140625,43.09784698486328,235.671630859375,522.0891723632812,211.59422302246094,48.28334045410156,141.94815063476562,88.31767272949219,192.96800231933594,85.57465362548828,120.91603088378906,302.7182922363281,294.0396728515625,33.373348236083984,124.13716125488281,151.7725067138672,137.3248291015625,57.018184661865234,458.09893798828125,61.40829849243164,389.09027099609375,292.56640625,79.4190902709961,332.4259338378906,70.04521179199219,445.8999938964844,42.28858947753906,91.92455291748047,112.6220474243164,31.817279815673828,143.9097442626953,15.699999809265137,87.97733306884766,111.42137145996094,3.339308023452759,131.54495239257812,153.0512237548828,282.4800109863281,97.86095428466797,452.53778076171875,235.4800262451172,31.62196159362793,40.98857879638672,51.31678009033203,98.87364196777344
2023-07-06,189.69329833984375,481.2900085449219,137.58743286132812,113.4800033569336,207.78158569335938,128.36000061035156,41.069679260253906,685.1080322265625,82.25405883789062,212.6199951171875,79.62242889404297,26.65732765197754,2595.26171875,41.79017639160156,231.5806121826172,518.4616088867188,207.9525146484375,47.908409118652344,138.8332977294922,87.2848892211914,191.8523406982422,84.56649780273438,119.28726196289062,296.0500793457031,285.733154296875,32.89261245727539,122.21371459960938,150.64456176757812,135.96719360351562,56.57908248901367,455.64959716796875,60.66777801513672,388.0834045410156,290.20098876953125,77.02505493164062,335.49310302734375,68.24152374267578,438.8399963378906,42.07473373413086,91.0512924194336,112.1267318725586,31.092966079711914,143.67340087890625,15.130000114440918,88.02249908447266,109.60447692871094,3.2473158836364746,129.61679077148438,152.03968811035156,276.5400085449219,96.32991027832031,450.7514953613281,234.91944885253906,31.326671600341797,40.43239212036133,50.992218017578125,95.1835708618164
2023-07-07,188.5757598876953,485.2699890136719,136.79354858398438,113.16999816894531,203.74671936035156,129.77999877929688,41.030426025390625,682.590087890625,82.1328125,212.10000610351562,85.99488067626953,26.892980575561523,2599.421875,42.121700286865234,236.00852966308594,506.5751037597656,207.4082489013672,47.795921325683594,140.0501708984375,87.18653106689453,192.5411376953125,85.27535247802734,118.66158294677734,298.1026306152344,286.4805603027344,33.12033462524414,122.13972473144531,148.45387268066406,137.04002380371094,55.831668853759766,444.70123291015625,60.36199951171875,383.6807556152344,288.7499694824219,77.05278015136719,331.51165771484375,67.33499908447266,438.1000061035156,42.47446060180664,88.00418090820312,111.31089782714844,31.00569725036621,140.657958984375,15.34000015258789,88.20304107666016,110.28937530517578,3.2933120727539062,130.42916870117188,152.92831420898438,274.42999267578125,97.12450408935547,443.2799377441406,232.52975463867188,30.831134796142578,40.31926345825195,49.81730270385742,95.40553283691406
2023-07-10,186.52859497070312,496.3500061035156,137.76382446289062,113.58000183105469,209.41233825683594,127.12999725341797,41.648677825927734,695.414306640625,85.13780212402344,213.30999755859375,86.00437927246094,27.015520095825195,2690.03515625,42.0572395324707,239.50274658203125,508.466064453125,210.5947265625,48.180240631103516,140.98553466796875,86.65538787841797,197.00393676757812,87.11974334716797,115.65233612060547,299.3321838378906,293.5477600097656,32.96852493286133,122.89800262451172,148.6962127685547,137.80908203125,55.411251068115234,445.7637023925781,61.316463470458984,387.1159973144531,292.2981262207031,77.08975982666016,326.2128601074219,67.01724243164062,441.7099914550781,42.15168380737305,89.69495391845703,111.0875244140625,31.136600494384766,140.7146759033203,16.299999237060547,88.24817657470703,111.41188049316406,3.302511215209961,132.01475524902344,151.48194885253906,269.6099853515625,96.67876434326172,444.691650390625,234.2113800048828,30.178442001342773,39.895050048828125,50.26844024658203,96.82051849365234
2023-07-11,186.00445556640625,504.739990234375,134.82351684570312,111.31999969482422,208.60162353515625,128.77999877929688,41.63395690917969,690.6824340820312,85.55683898925781,218.75999450683594,87.17250061035156,27.3548641204834,2743.8291015625,42.849205017089844,243.39163208007812,511.0035400390625,218.86770629882812,48.85513687133789,143.5918426513672,88.02259826660156,196.91665649414062,87.6635971069336,116.33760833740234,303.50335693359375,296.7454528808594,32.93478012084961,124.32211303710938,147.8759002685547,139.96426391601562,55.60744857788086,432.2184143066406,60.51342010498047,392.68341064453125,296.4624328613281,78.53172302246094,326.84210205078125,67.4658432006836,440.2099914550781,42.376529693603516,90.26165008544922,111.96468353271484,31.43330192565918,139.9773712158203,16.489999771118164,89.01555633544922,111.1740493774414,3.3761048316955566,133.42416381835938,149.76141357421875,269.7900085449219,98.12258911132812,444.53802490234375,236.56178283691406,30.04962730407715,40.290985107421875,50.193790435791016,98.00430297851562
2023-07-12,187.67579650878906,507.3599853515625,136.12704467773438,114.58000183105469,210.2975616455078,130.8000030517578,41.98233413696289,710.1389770507812,86.32311248779297,217.11000061035156,89.27133178710938,27.675355911254883,2748.8271484375,43.6319694519043,244.1135711669922,519.0693359375,224.91409301757812,47.561580657958984,144.97219848632812,88.6717758178711,195.89793395996094,87.64784240722656,118.11534881591797,308.72442626953125,300.3972473144531,33.811920166015625,122.8425064086914,147.36317443847656,140.6573486328125,55.90641784667969,433.40863037109375,60.8240852355957,395.53631591796875,307.4447021484375,79.28042602539062,331.4920349121094,68.66206359863281,444.04998779296875,43.87252426147461,90.75402069091797,113.07575988769531,31.407121658325195,140.70523071289062,16.59000015258789,89.37667846679688,112.89583587646484,3.5324909687042236,137.5936737060547,150.56495666503906,271.989990234375,100.68080139160156,433.79168701171875,238.19424438476562,29.937976837158203,40.78118133544922,50.32036590576172,98.4852066040039
2023-07-13,188.4373016357422,517.280029296875,139.81227111816406,115.91999816894531,212.14260864257812,134.3000030517578,42.06084060668945,735.4935302734375,86.36288452148438,216.85000610351562,91.75003814697266,27.967567443847656,2794.232177734375,43.908241271972656,246.28904724121094,519.5035400390625,227.97193908691406,48.30208969116211,143.03790283203125,88.98653411865234,198.2651824951172,87.71089172363281,123.68692016601562,310.8810119628906,297.6347351074219,34.19987869262695,123.84123992919922,148.043701171875,141.34095764160156,56.38288879394531,427.60498046875,62.357879638671875,395.407958984375,311.4897155761719,79.68714904785156,336.8595886230469,68.88636016845703,450.3800048828125,45.94613265991211,91.34857940673828,114.46946716308594,31.468212127685547,140.7997589111328,16.739999771118164,90.72183990478516,117.11943817138672,3.587686538696289,140.90187072753906,151.5859375,277.8999938964844,102.2990493774414,429.9982604980469,239.27601623535156,29.749040603637695,41.205406188964844,50.02501678466797,96.68180084228516
2023-07-14,188.5856475830078,514.8300170898438,139.9004669189453,115.94000244140625,211.92825317382812,134.67999267578125,41.51620101928711,738.7068481445312,86.19022369384766,213.1199951171875,89.80316162109375,27.4397029876709,2826.16162109375,42.13090515136719,246.0579833984375,527.46337890625,226.94277954101562,47.22412872314453,139.468994140625,87.1668701171875,197.39205932617188,86.92269134521484,124.5608901977539,308.52581787109375,299.4322814941406,34.03963088989258,123.36038208007812,149.03179931640625,142.1954345703125,56.89673614501953,442.1239929199219,62.383277893066406,397.3328857421875,306.9775695800781,79.28968048095703,339.3958435058594,68.40973663330078,441.9100036621094,45.438472747802734,91.81307983398438,116.24327850341797,31.695104598999023,141.83956909179688,16.399999618530273,89.82807922363281,116.58673858642578,3.5324909687042236,141.28358459472656,150.45150756835938,281.3800048828125,101.88236236572266,461.1329345703125,239.1284942626953,29.20799446105957,41.06399917602539,50.19704055786133,93.35240173339844
2023-07-17,191.8492431640625,522.0,142.60556030273438,118.31999969482422,212.31033325195312,133.55999755859375,41.7958869934082,739.1673583984375,88.3018569946289,211.8699951171875,88.71101379394531,27.713058471679688,2907.7255859375,42.60055923461914,247.82919311523438,533.5029907226562,225.6265869140625,47.627197265625,139.34185791015625,84.15703582763672,199.81748962402344,87.60054016113281,123.79615783691406,309.48114013671875,299.00653076171875,34.3516960144043,124.13716125488281,148.28607177734375,145.6228485107422,56.81265640258789,439.8419494628906,64.48467254638672,397.0268859863281,308.7168273925781,79.83503723144531,339.8776550292969,67.90509796142578,450.04998779296875,46.429813385009766,91.91526794433594,115.8729248046875,31.29368019104004,140.83758544921875,17.399999618530273,89.33153533935547,117.38579559326172,3.5416901111602783,141.9099884033203,150.735107421875,290.3800048828125,101.54322052001953,464.8878479003906,239.9447479248047,27.018035888671875,42.176387786865234,50.25870895385742,93.75933074951172
2023-07-18,191.59210205078125,532.22998046875,141.63525390625,117.93000030517578,216.71795654296875,132.8300018310547,41.85966873168945,741.6557006835938,87.63064575195312,211.57000732421875,86.6121826171875,28.938467025756836,2939.221435546875,43.300445556640625,253.94163513183594,534.1109008789062,225.26043701171875,48.03025817871094,139.62338256835938,84.54063415527344,204.0668182373047,87.53749084472656,122.9122543334961,319.00579833984375,299.67828369140625,34.54567337036133,125.1728744506836,148.2767333984375,145.88868713378906,56.58843231201172,443.8356018066406,64.0811996459961,393.03887939453125,310.1380615234375,84.98360443115234,353.4046936035156,67.33499908447266,474.79998779296875,47.46211242675781,96.11434173583984,117.7052230834961,31.625288009643555,141.10227966308594,18.079999923706055,88.78984832763672,116.87211608886719,3.615283727645874,141.83169555664062,154.27069091796875,293.3399963378906,99.95403289794922,480.17669677734375,236.7781524658203,27.713668823242188,42.98710632324219,50.16782760620117,93.33390808105469
2023-07-19,192.94699096679688,527.1699829101562,138.9595947265625,116.43000030517578,216.23338317871094,135.36000061035156,41.77134323120117,701.2435302734375,87.43082427978516,208.60000610351562,87.45741271972656,29.720844268798828,2886.255126953125,43.76089096069336,254.17381286621094,534.612548828125,231.9302978515625,49.14571762084961,140.47698974609375,85.6127700805664,203.55264282226562,86.61528778076172,121.19410705566406,322.108154296875,302.2516174316406,34.40229797363281,125.2838363647461,147.97845458984375,146.44883728027344,57.58808898925781,446.1571044921875,62.534706115722656,393.1473693847656,314.0738525390625,86.11129760742188,349.0693359375,67.38172912597656,477.5899963378906,47.04539108276367,95.8913803100586,115.67800903320312,31.799819946289062,142.06643676757812,18.049999237060547,89.16902923583984,118.35607147216797,3.587686538696289,139.96226501464844,155.00808715820312,291.260009765625,99.86681365966797,483.73004150390625,237.41734313964844,29.173643112182617,43.609283447265625,50.18405532836914,93.9813003540039
2023-07-20,190.99874877929688,516.8800048828125,131.37353515625,110.25,217.33294677734375,129.9600067138672,41.3739013671875,662.3988037109375,86.16693115234375,213.61000061035156,87.27696990966797,29.87166404724121,2876.022705078125,43.65959167480469,252.5680389404297,537.3623046875,225.78492736816406,49.08946990966797,142.02989196777344,84.79638671875,204.61984252929688,87.67936706542969,118.38349914550781,331.85980224609375,301.8825988769531,34.91677474975586,127.965576171875,156.9649200439453,148.25274658203125,58.288787841796875,456.2496643066406,60.13241958618164,392.94012451171875,300.6664733886719,86.70287322998047,340.99835205078125,69.2508544921875,437.4200134277344,45.48944091796875,97.665771484375,112.9393081665039,32.08780288696289,143.2183837890625,17.1299991607666,88.63638305664062,114.83642578125,3.587686538696289,131.08493041992188,154.35580444335938,262.8999938964844,94.82792663574219,484.2486267089844,235.64718627929688,28.890235900878906,44.42943572998047,51.112300872802734,95.6367416381836
2023-07-21,189.82188415527344,520.22998046875,133.6865997314453,110.94999694824219,218.8145751953125,130.0,41.030426025390625,679.2786865234375,86.98270416259766,211.8000030517578,87.53339385986328,30.145021438598633,2881.680908203125,43.328067779541016,249.2402801513672,538.2305908203125,225.68597412109375,49.33319091796875,144.10948181152344,85.75048065185547,201.49586486816406,86.96210479736328,119.19786834716797,332.9002990722656,303.1882019042969,34.8914680480957,128.4834442138672,158.65220642089844,147.1134490966797,58.33550262451172,454.49871826171875,60.924713134765625,392.37744140625,292.4571228027344,86.89697265625,337.9508056640625,70.93306732177734,427.5,44.27924728393555,97.5542984008789,114.66439056396484,32.63758087158203,145.47280883789062,16.43000030517578,88.04053497314453,118.64147186279297,3.587686538696289,131.1730194091797,153.91146850585938,260.0199890136719,94.23683166503906,486.44781494140625,235.28334045410156,29.096351623535156,43.326473236083984,51.40116882324219,96.08065032958984
2023-07-24,190.6229248046875,523.8599853515625,135.5978240966797,110.61000061035156,219.37368774414062,128.8000030517578,41.01570129394531,670.5789794921875,87.45215606689453,215.8699951171875,91.50311279296875,30.776578903198242,2852.620361328125,43.88982009887695,250.90414428710938,544.0869140625,223.3109893798828,49.783119201660156,146.951904296875,85.17999267578125,201.1757049560547,86.89905548095703,120.6975326538086,339.4928283691406,307.57794189453125,34.8914680480957,129.03826904296875,159.4818572998047,150.00918579101562,58.354190826416016,451.8231506347656,62.42919921875,399.5835876464844,289.8232727050781,87.50703430175781,339.26812744140625,70.55923461914062,428.3699951171875,44.58204650878906,96.6996078491211,115.07373046875,32.73356628417969,145.93893432617188,16.31999969482422,88.13082122802734,118.05167388916016,3.550889730453491,129.57765197753906,155.53746032714844,269.05999755859375,95.20584869384766,488.51263427734375,236.7486114501953,29.182228088378906,43.76011276245117,51.70301055908203,97.588134765625
2023-07-25,191.48333740234375,525.3400268554688,137.27378845214844,113.0,219.2711944580078,129.1300048828125,41.36899185180664,673.3418579101562,89.04293823242188,214.1199951171875,90.20203399658203,30.30527114868164,2900.598388671875,43.36490249633789,253.50633239746094,545.3026733398438,223.67710876464844,50.242427825927734,147.62391662597656,84.22589874267578,200.1376190185547,92.34551239013672,121.37288665771484,335.4919128417969,307.596923828125,35.034847259521484,129.76882934570312,160.7030487060547,148.8888702392578,58.15799331665039,450.0721435546875,63.52434539794922,396.11871337890625,292.6658020019531,87.27595520019531,345.0387878417969,70.50315856933594,427.70001220703125,45.64833450317383,97.3777847290039,114.956787109375,32.34087371826172,146.28138732910156,16.549999237060547,87.74263000488281,118.97441101074219,3.560088634490967,129.79298400878906,156.51116943359375,265.2799987792969,97.21172332763672,490.6733703613281,234.7325897216797,29.405519485473633,42.87398147583008,51.66081619262695,97.7361068725586
2023-07-26,192.35360717773438,514.5499877929688,136.25448608398438,110.08999633789062,219.17800903320312,128.14999389648438,43.473995208740234,670.4027099609375,86.627685546875,232.8000030517578,92.25337982177734,30.550350189208984,2916.1044921875,43.73326110839844,249.88841247558594,546.2481689453125,223.23178100585938,49.886234283447266,146.5159912109375,84.4521255493164,196.9845428466797,90.42230224609375,128.384521484375,338.1970520019531,311.8163757324219,35.34690856933594,130.453125,161.01071166992188,149.7813262939453,58.905399322509766,446.1866149902344,62.7554931640625,397.2341613769531,296.7406921386719,86.46253967285156,332.0523681640625,69.50318145751953,422.6700134277344,45.42148208618164,96.5138168334961,112.56895446777344,32.471771240234375,146.43359375,16.43000030517578,88.68153381347656,117.97557830810547,3.7348732948303223,129.52871704101562,156.64352416992188,264.3500061035156,96.32991027832031,487.8595886230469,233.16896057128906,29.491397857666016,43.77897262573242,51.845821380615234,97.1904525756836
2023-07-27,191.08770751953125,513.969970703125,143.23281860351562,111.0999984741211,219.96075439453125,128.25,43.55741500854492,693.7389526367188,86.67035675048828,233.75,90.6388931274414,30.11674690246582,2913.876708984375,44.092411041259766,249.8690643310547,542.0609130859375,222.80625915527344,49.68000793457031,144.99037170410156,83.96031951904297,196.07260131835938,90.97403717041016,128.51361083984375,335.31219482421875,311.9299011230469,34.76495361328125,132.21014404296875,161.91490173339844,148.1293487548828,58.33550262451172,447.56378173828125,68.57608032226562,389.4258728027344,309.8002014160156,85.73230743408203,325.1217346191406,68.47515869140625,413.1700134277344,45.86919021606445,96.45807647705078,113.44611358642578,31.94234275817871,144.6928253173828,16.149999618530273,88.99750518798828,119.71639251708984,3.688877820968628,131.2219696044922,156.3882598876953,255.7100067138672,96.27175903320312,485.1994323730469,230.55308532714844,28.812944412231445,43.14737319946289,51.65757369995117,97.49563598632812
2023-07-28,193.6689453125,528.8699951171875,148.90765380859375,112.95999908447266,220.25892639160156,132.2100067138672,42.96859359741211,703.7808837890625,87.27755737304688,238.69000244140625,95.49183654785156,30.069612503051758,2969.42578125,43.65959167480469,251.92950439453125,543.4984741210938,223.25160217285156,48.82701110839844,144.27291870117188,84.71768951416016,197.23678588867188,90.1622085571289,131.67184448242188,334.1015319824219,313.50042724609375,35.19509506225586,132.65403747558594,162.65138244628906,148.97434997558594,58.37287139892578,450.9968566894531,70.4625473022461,387.9057312011719,323.48577880859375,85.42446899414062,332.6422119140625,68.08264923095703,425.7799987792969,46.71860885620117,96.78323364257812,113.04651641845703,31.8276309967041,148.7831268310547,17.809999465942383,90.153076171875,123.16947937011719,3.716474771499634,133.90374755859375,158.01425170898438,266.44000244140625,97.73497772216797,482.97137451171875,231.8413543701172,29.225168228149414,43.49617004394531,51.90099334716797,96.33036041259766
2023-07-31,194.28207397460938,546.1699829101562,148.5744171142578,114.4000015258789,218.1902313232422,133.67999267578125,43.331695556640625,701.8606567382812,87.1669921875,238.85000610351562,97.02084350585938,30.163875579833984,2928.56494140625,43.88982009887695,256.51483154296875,540.941650390625,222.66769409179688,48.780155181884766,148.62281799316406,87.43244171142578,199.19656372070312,90.04396057128906,131.81089782714844,336.59857177734375,315.83721923828125,35.23725891113281,133.32908630371094,156.1725311279297,149.97122192382812,57.85902786254883,447.13092041015625,70.19193267822266,389.2087097167969,316.6479797363281,85.41511535644531,330.2336730957031,68.5031967163086,438.9700012207031,46.697628021240234,97.45211029052734,114.25505065917969,31.81880760192871,148.67849731445312,19.84000015258789,90.02668762207031,125.7283706665039,3.7072761058807373,133.4535369873047,159.04469299316406,267.42999267578125,96.07797241210938,486.294189453125,233.78851318359375,29.268110275268555,43.5150146484375,51.884769439697266,99.17884063720703
2023-08-01,193.4513702392578,549.0999755859375,149.59375,117.5999984741211,216.29859924316406,131.69000244140625,43.48381423950195,695.8643798828125,89.23788452148438,238.00999450683594,95.0644760131836,29.805683135986328,2872.878173828125,43.34648895263672,279.22845458984375,535.9246215820312,221.9354248046875,49.361305236816406,147.3878173828125,87.57014465332031,212.4685516357422,89.24000549316406,130.64891052246094,338.348388671875,314.1626892089844,35.59992599487305,132.5430450439453,157.44033813476562,149.23065185546875,57.70954132080078,445.69476318359375,69.93890380859375,391.9628601074219,320.73272705078125,84.83675384521484,330.64654541015625,67.44715881347656,438.6199951171875,46.47578048706055,95.98428344726562,114.91780090332031,31.421735763549805,148.6309356689453,19.989999771118164,88.69956970214844,125.64273834228516,3.5968856811523438,133.49267578125,162.4479217529297,261.07000732421875,95.35120391845703,484.72882080078125,235.8045196533203,28.70988655090332,43.090797424316406,51.64134979248047,98.60543823242188
2023-08-02,190.4547882080078,530.2999877929688,144.399169921875,109.3499984741211,214.7051544189453,128.2100067138672,43.366050720214844,670.67919921875,86.55105590820312,231.3800048828125,90.28750610351562,29.400352478027344,2843.906005859375,42.64661407470703,278.1837463378906,532.9144287109375,218.2046661376953,49.28632354736328,145.05389404296875,84.88490295410156,212.3424530029297,88.2547378540039,127.50061798095703,332.0868835449219,310.7851867675781,34.29264831542969,133.31982421875,158.3911895751953,147.5406951904297,57.887046813964844,447.0621032714844,67.00613403320312,385.0035095214844,312.38421630859375,83.3254623413086,321.9562072753906,67.20416259765625,429.70001220703125,44.23928451538086,95.45475769042969,112.77362060546875,31.192312240600586,148.95436096191406,18.969999313354492,88.41971588134766,122.96971893310547,3.495694398880005,130.38023376464844,164.3480682373047,254.11000061035156,92.73486328125,484.7864074707031,233.621337890625,28.61541748046875,42.515750885009766,51.67704772949219,97.37541961669922
2023-08-03,189.06036376953125,523.760009765625,144.8695831298828,113.1500015258789,214.97537231445312,128.91000366210938,43.41511535644531,668.6663818359375,85.84103393554688,231.36000061035156,92.6712417602539,29.607728958129883,2799.535888671875,42.55452346801758,272.263427734375,538.0667114257812,213.3160858154297,49.820613861083984,144.99945068359375,84.08818054199219,210.62522888183594,88.56212615966797,127.57011413574219,334.03533935546875,312.0623779296875,34.57098388671875,133.57875061035156,159.07168579101562,148.44264221191406,57.58808898925781,441.8289489746094,67.73689270019531,387.9551086425781,311.2711486816406,83.15753936767578,321.13043212890625,65.51261901855469,431.0,44.485111236572266,94.795166015625,111.64306640625,30.883474349975586,149.3443603515625,18.709999084472656,87.95025634765625,112.91486358642578,3.5692882537841797,129.39169311523438,159.35667419433594,259.32000732421875,92.03717041015625,484.84405517578125,234.8014373779297,28.392126083374023,42.89578628540039,51.69002914428711,99.06787872314453
2023-08-04,179.98167419433594,526.8800048828125,142.7624053955078,115.81999969482422,226.6979522705078,139.57000732421875,42.83612060546875,665.7503051757812,85.51803588867188,231.36000061035156,92.02544403076172,29.50404167175293,3019.611572265625,42.58246994018555,267.41693115234375,532.6152954101562,212.35618591308594,49.33319091796875,144.67250061035156,84.88490295410156,210.29405212402344,89.1138916015625,127.23246002197266,334.0920715332031,308.8267822265625,34.40229797363281,133.38455200195312,157.5801544189453,148.1293487548828,56.7192268371582,442.1535949707031,67.45357513427734,386.31640625,308.826171875,82.83103942871094,322.2314453125,64.64347076416016,431.6000061035156,44.650001525878906,94.57220458984375,111.53585815429688,30.901126861572266,147.708251953125,18.200000762939453,86.85787963867188,115.57838439941406,3.5968856811523438,130.1355438232422,161.45530700683594,253.86000061035156,93.18061065673828,482.7984924316406,235.02761840820312,28.014253616333008,42.61075973510742,51.39142608642578,99.34529876708984
2023-08-07,176.87631225585938,529.72998046875,147.3885040283203,116.80999755859375,235.6995086669922,142.22000122070312,43.611385345458984,680.8515014648438,87.01275634765625,238.25,91.70254516601562,30.05076026916504,3196.905029296875,42.69425964355469,272.4569396972656,538.76123046875,213.81088256835938,49.68938064575195,145.19923400878906,85.40621948242188,215.3492889404297,90.43018341064453,130.6290283203125,336.3053283691406,311.4190368652344,35.01797866821289,135.17857360839844,161.3649139404297,148.8319091796875,57.167667388916016,446.6686096191406,68.90922546386719,391.76544189453125,314.6204528808594,83.10157775878906,324.52197265625,64.14815521240234,440.760009765625,45.38650894165039,95.50120544433594,113.15371704101562,31.483501434326172,149.2682647705078,17.989999771118164,87.76068115234375,113.52366638183594,3.6336824893951416,132.91522216796875,163.9132080078125,251.4499969482422,93.36471557617188,490.49090576171875,237.50584411621094,27.936960220336914,42.810279846191406,52.08924102783203,99.14183807373047
2023-08-08,177.8158416748047,520.5999755859375,145.06564331054688,113.2300033569336,243.0237579345703,139.94000244140625,43.55741500854492,667.0560302734375,85.66448974609375,238.0399932861328,89.48026275634766,29.475765228271484,3180.107421875,42.07009506225586,273.6564636230469,536.5518798828125,209.3775177001953,49.73625564575195,144.9812774658203,86.68489837646484,214.48239135742188,89.50011444091797,130.4999237060547,329.4006652832031,310.13238525390625,34.503501892089844,134.92889404296875,161.4394989013672,147.99642944335938,56.91542053222656,513.0866088867188,67.99480438232422,388.1327819824219,310.7244873046875,82.53250122070312,320.5307312011719,64.21356964111328,438.29998779296875,44.63401412963867,95.73345947265625,112.30581665039062,31.448200225830078,149.42999267578125,17.040000915527344,87.70650482177734,111.9255599975586,3.550889730453491,131.7700653076172,160.98265075683594,249.6999969482422,91.56233978271484,485.8044128417969,235.32264709472656,27.971311569213867,42.259239196777344,52.14116668701172,99.63201141357422
2023-08-09,176.2235870361328,513.780029296875,142.27232360839844,110.47000122070312,241.64463806152344,137.85000610351562,43.39548873901367,660.3009643554688,82.51885986328125,237.86000061035156,90.07856750488281,29.08928871154785,3159.100341796875,41.399356842041016,275.242919921875,540.005859375,203.7170867919922,49.6706428527832,145.17196655273438,86.05538940429688,212.17393493652344,88.4123764038086,128.77186584472656,324.13226318359375,310.5107727050781,34.40229797363281,133.28260803222656,161.33697509765625,146.01211547851562,57.04621887207031,517.6409912109375,67.02274322509766,388.6065673828125,303.34002685546875,81.6835708618164,316.775390625,64.40982818603516,428.8999938964844,42.52543258666992,96.01216125488281,110.2298583984375,31.62468147277832,149.23971557617188,15.25,87.67942810058594,110.88867950439453,3.550889730453491,132.6411590576172,158.0898895263672,242.19000244140625,91.06816101074219,482.203125,235.78488159179688,28.091543197631836,41.53718185424805,52.22555923461914,101.32443237304688
2023-08-10,176.00604248046875,515.8300170898438,141.73326110839844,110.2300033569336,244.1979217529297,138.55999755859375,43.13542938232422,665.5244140625,81.75936126708984,238.25999450683594,94.21923828125,29.164697647094727,3177.36669921875,41.30620574951172,274.55609130859375,541.73291015625,206.0821990966797,50.026832580566406,146.0528564453125,90.25538635253906,211.2973175048828,89.51585388183594,128.8016357421875,321.9662780761719,311.6366882324219,34.47914505004883,133.99351501464844,160.4979705810547,145.7937469482422,56.91542053222656,512.8309326171875,67.05596923828125,392.0319519042969,303.8667297363281,81.75821685791016,317.46356201171875,63.82106018066406,429.9800109863281,42.35954284667969,95.95641326904297,110.12264251708984,31.518796920776367,148.4977569580078,15.40999984741211,87.4266357421875,109.97547149658203,3.6428816318511963,134.9608154296875,158.49639892578125,245.33999633789062,91.86274719238281,483.5187683105469,236.62237548828125,28.35777473449707,41.48967361450195,52.19950485229492,101.84235382080078
2023-08-11,176.06546020507812,508.45001220703125,136.06826782226562,107.56999969482422,244.61721801757812,138.41000366210938,42.79195022583008,649.7850341796875,80.48481750488281,235.72000122070312,90.9048080444336,29.494613647460938,3160.64794921875,41.52047348022461,275.910400390625,543.1511840820312,206.5275115966797,50.4205207824707,149.06781005859375,87.56029510498047,212.69021606445312,90.32771301269531,128.67251586914062,322.2784423828125,313.2544250488281,34.24860763549805,133.8719024658203,162.06407165527344,146.63873291015625,57.14898681640625,519.6575927734375,63.693355560302734,389.8997497558594,299.79193115234375,81.81417846679688,315.5760803222656,64.40982818603516,421.6600036621094,40.82756805419922,96.235107421875,110.19087219238281,31.801158905029297,149.3634033203125,15.40999984741211,86.81275939941406,109.02420043945312,3.6060848236083984,134.7259063720703,158.13714599609375,242.64999389648438,89.13980865478516,487.86920166015625,236.5041046142578,28.649768829345703,41.54667663574219,52.505680084228516,103.42381286621094
2023-08-14,177.71925354003906,522.25,139.06736755371094,111.9800033569336,243.1821746826172,140.57000732421875,42.93425369262695,654.468505859375,82.84574127197266,236.7100067138672,88.75849914550781,29.155271530151367,3188.348388671875,41.0826301574707,275.2525939941406,541.7135620117188,209.8525390625,50.504886627197266,148.95883178710938,87.35375213623047,213.35252380371094,91.0765151977539,130.43038940429688,319.4503479003906,312.156982421875,33.966827392578125,132.74008178710938,161.681884765625,146.9425506591797,56.878047943115234,530.3533325195312,65.18122863769531,393.4534606933594,304.3139953613281,81.46902465820312,318.5548095703125,64.07337951660156,427.7799987792969,43.7236213684082,96.0307388305664,112.63717651367188,31.8276309967041,148.19334411621094,15.720000267028809,86.53287506103516,108.46295928955078,3.5692882537841797,135.998291015625,157.5888671875,239.75999450683594,90.18634796142578,490.6733703613281,239.3219757080078,28.8215274810791,41.55617904663086,52.11481475830078,103.50702667236328
2023-08-15,175.72874450683594,518.7000122070312,137.29339599609375,111.3499984741211,247.878662109375,137.6699981689453,42.59568405151367,639.8876342773438,81.7225112915039,232.25999450683594,86.98255920410156,28.222076416015625,3155.05859375,40.25352096557617,268.3165588378906,538.8577270507812,206.60667419433594,50.008087158203125,144.60894775390625,85.63243865966797,212.28111267089844,89.73655700683594,128.8910369873047,314.2198181152344,314.2288818359375,32.97634506225586,132.70266723632812,161.2157745361328,143.20179748535156,56.49500274658203,538.8507690429688,64.07044982910156,389.3765869140625,300.1000061035156,80.37754821777344,316.4117126464844,62.94256591796875,423.70001220703125,43.91050338745117,95.30610656738281,114.31352233886719,31.22760772705078,147.24212646484375,15.369999885559082,85.43145751953125,106.23699188232422,3.5324909687042236,134.76507568359375,156.35044860839844,232.9600067138672,88.83942413330078,486.60150146484375,236.29721069335938,28.56389045715332,40.59661102294922,51.84772491455078,100.84968566894531
2023-08-16,174.85728454589844,514.489990234375,135.49978637695312,107.19000244140625,246.95616149902344,135.07000732421875,42.13935470581055,634.7229614257812,80.79812622070312,229.9499969482422,84.6368179321289,27.609373092651367,3149.922607421875,39.7225227355957,265.54998779296875,539.3787841796875,204.8353271484375,49.64251708984375,144.05499267578125,84.93408203125,210.47911071777344,89.51585388183594,127.81843566894531,311.2876892089844,315.0708312988281,32.43840408325195,131.55215454101562,160.7030487060547,142.5941925048828,56.50434875488281,538.4761352539062,63.13844680786133,389.2975769042969,292.4869079589844,80.21894073486328,315.6433410644531,63.138832092285156,415.45001220703125,43.45680618286133,94.86019897460938,112.41300964355469,31.307025909423828,145.73919677734375,15.449999809265137,84.8536605834961,104.78157043457031,3.5140926837921143,134.50079345703125,153.3726348876953,225.60000610351562,88.93630981445312,483.5955810546875,235.76515197753906,28.572479248046875,40.1120719909668,51.873783111572266,99.15267944335938
2023-08-17,172.31219482421875,511.6700134277344,134.85293579101562,104.44000244140625,247.85794067382812,133.97999572753906,41.89402389526367,632.6611328125,80.22679901123047,224.5399932861328,86.08985137939453,27.599943161010742,3067.816650390625,39.554840087890625,266.1884460449219,527.8587646484375,201.7180938720703,51.301639556884766,146.46629333496094,84.5111312866211,208.81356811523438,87.45865631103516,129.03005981445312,309.78375244140625,309.6309814453125,32.38717269897461,131.57086181640625,162.21324157714844,141.11306762695312,56.62580108642578,530.0182495117188,63.360225677490234,387.5700988769531,283.34332275390625,80.0323715209961,312.1755676269531,63.09210968017578,403.0,43.31489944458008,94.5071792602539,111.96468353271484,32.215877532958984,144.6928253173828,14.149999618530273,84.32102966308594,104.71498107910156,3.5048935413360596,131.48623657226562,153.41043090820312,219.22000122070312,88.80065155029297,474.3761901855469,233.87344360351562,28.392126083374023,40.3495979309082,50.71098327636719,101.07344818115234
2023-08-18,172.79745483398438,508.1300048828125,139.8220672607422,105.44999694824219,245.95101928710938,133.22000122070312,41.82041931152344,643.4519653320312,80.10457611083984,226.64999389648438,83.60164642333984,27.4397029876709,3014.949462890625,39.35920333862305,264.8631286621094,525.7653198242188,202.6977996826172,51.592227935791016,147.5206756591797,84.55047607421875,209.07650756835938,88.11288452148438,126.58692169189453,307.33404541015625,309.7161560058594,32.15663146972656,132.2723846435547,160.7962646484375,141.43589782714844,56.94344711303711,538.66357421875,63.78810501098633,387.1258544921875,281.5145263671875,79.1927719116211,311.781494140625,63.39116287231445,404.5299987792969,43.26992416381836,93.84758758544922,113.50460815429688,32.34823989868164,145.1018524169922,14.399999618530273,85.18771362304688,104.73400115966797,3.5140926837921143,132.48455810546875,153.02284240722656,215.49000549316406,88.27738189697266,478.6785888671875,234.6616668701172,28.49518585205078,40.37809371948242,51.440582275390625,102.60261535644531
2023-08-21,174.13436889648438,520.469970703125,145.81051635742188,108.22000122070312,244.8988800048828,134.67999267578125,41.938175201416016,650.5115966796875,83.91658782958984,227.22000122070312,84.1144790649414,27.477405548095703,3008.610595703125,39.19152069091797,263.8474426269531,524.0961303710938,206.85406494140625,51.9671630859375,147.0255889892578,84.47178649902344,210.13819885253906,88.29415130615234,127.49066925048828,304.6195068359375,306.5845947265625,32.23347854614258,133.086181640625,156.00473022460938,141.92007446289062,56.45762634277344,542.2320556640625,65.38052368164062,388.14263916015625,288.123779296875,78.5957260131836,317.101318359375,62.69023513793945,408.2900085449219,46.935462951660156,95.6684341430664,113.63128662109375,32.65707778930664,144.36936950683594,14.5,85.16062927246094,105.28573608398438,3.560088634490967,133.80589294433594,153.89254760742188,231.27999877929688,89.692138671875,477.94866943359375,235.9326629638672,28.340599060058594,40.36858367919922,51.30377960205078,101.36249542236328
2023-08-22,175.51089477539062,519.47998046875,144.90882873535156,105.66000366210938,242.00555419921875,134.25,42.100101470947266,655.4210205078125,83.00967407226562,230.07000732421875,83.64913177490234,26.80814552307129,3030.189208984375,38.2133674621582,261.3806457519531,519.4264526367188,204.60768127441406,51.98591232299805,145.81532287597656,84.3832778930664,211.64793395996094,88.01042175292969,128.19581604003906,301.5265197753906,306.98199462890625,31.917543411254883,132.34722900390625,154.76490783691406,138.9768829345703,56.11195373535156,545.790771484375,65.14409637451172,392.7229309082031,285.8379211425781,77.41096496582031,317.67266845703125,63.10143280029297,413.1700134277344,45.63733673095703,95.30610656738281,113.58256530761719,32.5070686340332,144.42648315429688,14.670000076293945,84.88980102539062,104.13472747802734,3.495694398880005,135.5284881591797,155.9723358154297,233.19000244140625,89.3820571899414,472.8204040527344,237.0263214111328,28.512359619140625,39.42802047729492,51.14093017578125,100.79373168945312
2023-08-23,179.3631591796875,530.7100219726562,145.37046813964844,109.43000030517578,241.7613067626953,135.52000427246094,42.374874114990234,664.8470458984375,85.0262451171875,228.5800018310547,85.32059478759766,26.81757354736328,3054.5087890625,38.26925277709961,264.1182861328125,521.8287353515625,206.9530487060547,52.47334671020508,146.0078887939453,84.42262268066406,215.55386352539062,89.43705749511719,131.46327209472656,304.87481689453125,308.5051574707031,32.11393737792969,134.14315795898438,153.37591552734375,139.91680908203125,56.30815124511719,545.4950561523438,66.24510955810547,395.9015197753906,292.43719482421875,77.79344940185547,322.1452941894531,63.44723892211914,427.54998779296875,47.084373474121094,95.5290756225586,114.84956359863281,32.34823989868164,145.77723693847656,15.300000190734863,85.15160369873047,105.7518539428711,3.5140926837921143,137.16302490234375,156.84202575683594,236.86000061035156,91.30072784423828,470.0353698730469,238.7308349609375,28.50377082824707,39.53253173828125,51.49595642089844,99.9079360961914
2023-08-24,174.6691436767578,512.4299926757812,139.98785400390625,101.80000305175781,241.06614685058594,131.83999633789062,41.972530364990234,636.078125,82.88066864013672,217.30999755859375,84.62732696533203,26.97781753540039,2983.364501953125,38.26925277709961,260.51007080078125,513.969970703125,203.37071228027344,51.779693603515625,144.8068084716797,81.11770629882812,215.1739959716797,87.521728515625,128.8910369873047,302.6332092285156,305.19384765625,32.06270217895508,134.2740936279297,153.89794921875,139.78387451171875,56.158660888671875,540.2112426757812,64.0802230834961,392.55517578125,284.99310302734375,77.840087890625,315.21966552734375,62.82108688354492,406.92999267578125,47.1313362121582,93.68035888671875,110.044677734375,31.907047271728516,145.1018524169922,14.140000343322754,84.93492889404297,103.22149658203125,3.4772961139678955,132.6998748779297,153.88311767578125,230.0399932861328,89.66307830810547,468.74853515625,235.94252014160156,28.66694450378418,39.36151123046875,51.10184097290039,99.16200256347656
2023-08-25,176.87747192382812,525.0599975585938,141.79513549804688,102.25,240.84071350097656,133.25999450683594,42.34544372558594,639.210205078125,82.62459564208984,223.41000366210938,85.30160522460938,26.864702224731445,2999.25537109375,38.418312072753906,263.6636047363281,516.193359375,207.2895050048828,52.210880279541016,145.88865661621094,81.99311828613281,218.42726135253906,88.2547378540039,128.99034118652344,302.8128662109375,305.4493103027344,32.028541564941406,135.95782470703125,156.10450744628906,139.6129913330078,56.42025375366211,545.7808227539062,64.50420379638672,397.7080078125,283.7507629394531,77.63485717773438,318.18499755859375,63.51264572143555,416.0299987792969,45.98711013793945,94.55362701416016,113.11473846435547,32.101173400878906,146.05307006835938,14.529999732971191,85.82868957519531,104.94328308105469,3.495694398880005,134.53994750976562,155.47129821777344,238.58999633789062,90.21542358398438,469.7281188964844,238.99685668945312,28.64118003845215,39.1714973449707,51.40475082397461,100.93358612060547
2023-08-28,178.4421844482422,529.9199829101562,142.83628845214844,102.61000061035156,241.00039672851562,133.13999938964844,42.51718521118164,647.0455932617188,83.52278137207031,227.05999755859375,87.59986877441406,27.109785079956055,3025.970458984375,38.492835998535156,265.82080078125,518.3004760742188,209.51608276367188,52.679561614990234,146.88803100585938,82.7800064086914,220.36558532714844,89.82327270507812,130.11257934570312,308.3177490234375,308.3348388671875,32.41279220581055,136.5845184326172,154.26414489746094,140.0972137451172,56.57908248901367,546.0470581054688,65.09526824951172,402.199462890625,288.4815979003906,78.71699523925781,318.8943176269531,63.5687255859375,418.05999755859375,46.803558349609375,95.07386016845703,113.87493896484375,31.9511661529541,146.28138732910156,14.640000343322754,86.55995178222656,106.23699188232422,3.587686538696289,135.40126037597656,158.1088104248047,238.82000732421875,91.08753204345703,471.80242919921875,240.23828125,28.812944412231445,39.78904342651367,51.697898864746094,101.7820816040039
2023-08-29,182.33404541015625,540.5700073242188,147.31529235839844,105.91999816894531,243.9031219482422,134.91000366210938,43.13542938232422,655.4111328125,86.3211669921875,227.25,89.2998275756836,27.496259689331055,3066.6337890625,38.86547088623047,270.8898010253906,524.6610717773438,209.75355529785156,53.01701354980469,146.65882873535156,83.01605987548828,222.1577911376953,90.90309143066406,133.64822387695312,314.5414123535156,311.6177062988281,32.626251220703125,136.98670959472656,154.2829132080078,141.2365264892578,56.52302169799805,546.0274658203125,66.88597869873047,406.3553466796875,296.1642150878906,79.80847930908203,323.53436279296875,63.529205322265625,429.989990234375,48.75124740600586,95.94712829589844,117.58826446533203,31.89822006225586,146.36700439453125,15.399999618530273,86.89400482177734,108.23465728759766,3.624483108520508,137.07493591308594,158.2411651611328,257.17999267578125,92.13407135009766,473.2910461425781,241.72605895996094,29.791980743408203,39.90306091308594,52.131107330322266,102.38814544677734
2023-08-30,185.82980346679688,545.3599853515625,148.26805114746094,106.58999633789062,242.2498016357422,135.07000732421875,43.32188415527344,657.4239501953125,86.54910278320312,228.85000610351562,88.93893432617188,27.373716354370117,3086.08349609375,38.53941345214844,273.11474609375,524.1681518554688,212.801513671875,53.25135040283203,146.86053466796875,82.89803314208984,224.10586547851562,90.0991439819336,134.94923400878906,313.37786865234375,314.7978210449219,32.455482482910156,137.37020874023438,153.7383270263672,140.66685485839844,56.49500274658203,540.2012939453125,67.06964874267578,408.5862731933594,293.29193115234375,79.53794860839844,323.90875244140625,63.13396453857422,434.6700134277344,49.23092269897461,94.67440032958984,118.04633331298828,31.677627563476562,146.52870178222656,16.329999923706055,87.35441589355469,108.51246643066406,3.5968856811523438,137.65240478515625,158.86508178710938,256.8999938964844,91.84336853027344,472.0425720214844,242.60293579101562,29.749040603637695,39.46602249145508,52.505680084228516,103.38581085205078
2023-08-31,186.0476837158203,559.3400268554688,150.04591369628906,105.72000122070312,240.8031463623047,138.00999450683594,43.366050720214844,648.5576782226562,89.5182113647461,224.02999877929688,88.2266616821289,27.250154495239258,3060.88671875,38.46488952636719,271.95391845703125,530.953857421875,219.15467834472656,53.75752258300781,147.7040252685547,82.30786895751953,224.38833618164062,90.21736145019531,135.23724365234375,312.5481262207031,314.4836120605469,31.86631202697754,137.3421630859375,151.8134002685547,138.9293975830078,55.89706802368164,546.3232421875,68.62004089355469,407.3326721191406,294.0771484375,79.43533325195312,322.89404296875,62.86107635498047,433.67999267578125,49.321861267089844,93.34593200683594,117.3348617553711,31.21878433227539,146.81405639648438,14.979999542236328,86.72245788574219,109.71953582763672,3.560088634490967,136.7225799560547,162.7220916748047,258.0799865722656,90.67086029052734,457.68524169921875,242.06103515625,30.04102897644043,39.228511810302734,52.96493911743164,103.67487335205078
2023-09-01,187.6222381591797,563.2100219726562,151.25405883789062,109.44999694824219,241.1506805419922,138.1199951171875,43.45928192138672,650.5115966796875,84.6324234008789,223.39999389648438,90.23052978515625,27.544803619384766,3070.6064453125,38.744361877441406,276.9067687988281,526.0916137695312,219.22396850585938,54.216827392578125,150.63795471191406,80.30132293701172,227.60264587402344,90.04396057128906,134.73074340820312,312.25244140625,317.1304626464844,32.06270217895508,138.38043212890625,150.68661499023438,139.39463806152344,55.411251068115234,549.1917114257812,68.57705688476562,410.22491455078125,294.5641174316406,79.99505615234375,323.7806396484375,62.92694854736328,439.8800048828125,48.4764289855957,93.56888580322266,117.86115264892578,31.571735382080078,146.9757843017578,15.180000305175781,86.37940979003906,110.54342651367188,3.4496984481811523,135.2544403076172,163.1096649169922,245.00999450683594,90.30262756347656,457.35870361328125,244.45523071289062,29.937976837158203,39.57052993774414,52.626197814941406,105.8473892211914
2023-09-05,187.8599090576172,564.8800048828125,150.88079833984375,110.77999877929688,238.61436462402344,137.27000427246094,43.16487121582031,651.5327758789062,84.5984878540039,222.57000732421875,89.88863372802734,27.23114585876465,3099.93359375,38.53009796142578,272.43756103515625,526.5555419921875,216.41351318359375,53.673160552978516,152.6183624267578,79.85870361328125,223.60910034179688,88.97200775146484,134.8400115966797,308.77130126953125,312.08428955078125,31.780927658081055,138.55816650390625,150.8744354248047,137.85653686523438,54.953460693359375,550.2564086914062,68.46080780029297,406.2072448730469,298.3110046386719,79.1461181640625,328.5979919433594,62.29644775390625,448.67999267578125,48.51541519165039,91.1256103515625,120.83375549316406,31.21878433227539,145.0067138671875,15.210000038146973,85.3231430053711,111.65470123291016,3.4037024974823,134.7454833984375,165.78497314453125,256.489990234375,91.66893768310547,461.74755859375,241.72605895996094,29.45704460144043,39.46602249145508,52.202762603759766,105.8567123413086
2023-09-06,181.13580322265625,561.9400024414062,150.4584503173828,109.27999877929688,233.9174041748047,135.36000061035156,43.15996551513672,653.9677734375,84.60819244384766,217.9499969482422,89.69869232177734,26.98402214050293,3096.552001953125,38.53941345214844,273.6661071777344,528.4501953125,219.31301879882812,53.57941818237305,152.77420043945312,79.65214538574219,225.5961456298828,88.81436157226562,133.53897094726562,306.27252197265625,310.3895263671875,31.575998306274414,138.49269104003906,148.3673858642578,137.62869262695312,54.91608810424805,551.9913940429688,68.01824951171875,407.86566162109375,297.33697509765625,78.51177215576172,327.9379577636719,61.81652069091797,445.760009765625,47.03328323364258,90.9398193359375,121.17488098144531,30.327573776245117,144.72132873535156,15.300000190734863,84.4564437866211,109.86323547363281,3.3209097385406494,135.7927703857422,169.05589294433594,251.9199981689453,89.40144348144531,458.0309753417969,242.5339813232422,29.353986740112305,38.97198486328125,52.5936279296875,106.77049255371094
2023-09-07,175.83767700195312,560.4600219726562,145.59637451171875,106.58999633789062,238.9713134765625,137.85000610351562,42.566246032714844,626.2297973632812,83.12995147705078,216.0500030517578,85.44406127929688,26.73689842224121,3059.3291015625,37.943206787109375,272.244140625,530.3158569335938,220.2135467529297,53.232601165771484,152.78338623046875,79.24886322021484,228.7130584716797,88.11288452148438,134.33348083496094,307.06414794921875,312.693603515625,31.48207664489746,137.98757934570312,150.2641143798828,136.45138549804688,54.495670318603516,565.0825805664062,66.10931396484375,409.2871398925781,296.8400573730469,78.21324157714844,325.0120544433594,62.34349822998047,443.1400146484375,46.21376037597656,91.83165740966797,121.91558074951172,30.2481632232666,146.10064697265625,15.210000038146973,84.21269226074219,101.93103790283203,3.274913787841797,136.97705078125,169.09368896484375,251.49000549316406,87.25991821289062,465.5889587402344,243.49951171875,29.03622817993164,38.411441802978516,53.24505615234375,106.24833679199219
2023-09-08,176.45164489746094,560.3599853515625,144.90879821777344,106.08999633789062,243.705810546875,138.22999572753906,42.144256591796875,616.4797973632812,83.18038177490234,211.27000427246094,85.52003479003906,26.955507278442383,3098.41552734375,37.812782287597656,273.06634521484375,532.7999877929688,222.42031860351562,53.120113372802734,153.30599975585938,80.24230194091797,229.99876403808594,88.05770111083984,135.44583129882812,310.4594421386719,312.9697570800781,31.567462921142578,138.13723754882812,150.76174926757812,136.55584716796875,54.495670318603516,578.1246337890625,65.34534454345703,409.5043029785156,296.0648498535156,79.22074890136719,329.30731201171875,62.889305114746094,442.79998779296875,45.5451545715332,91.35785675048828,123.11437225341797,30.22168731689453,145.47280883789062,15.130000114440918,84.56478118896484,101.68193817138672,3.3117101192474365,137.47622680664062,167.4488067626953,248.5,86.86263275146484,463.5064697265625,243.64732360839844,28.727060317993164,38.95297622680664,53.342769622802734,107.796142578125
2023-09-11,177.62020874023438,564.5,144.10337829589844,105.31999969482422,245.85704040527344,143.10000610351562,42.41904067993164,616.3325805664062,83.33460998535156,211.00999450683594,84.24744415283203,27.06956672668457,3137.4326171875,37.812782287597656,272.8438720703125,540.1368408203125,222.964599609375,53.27947235107422,150.14285278320312,81.16688537597656,231.8591766357422,90.05973052978516,135.9821014404297,309.62969970703125,312.64599609375,31.99439239501953,138.79202270507812,152.73361206054688,137.15399169921875,55.009521484375,587.09521484375,64.83734130859375,411.33050537109375,305.67559814453125,77.90538787841797,332.9228820800781,63.54801940917969,445.3599853515625,45.15138626098633,92.19396209716797,123.49447631835938,29.948148727416992,147.20408630371094,15.789999961853027,85.34117889404297,105.64805603027344,3.3577067852020264,136.213623046875,168.90463256835938,273.5799865722656,86.8238525390625,462.16644287109375,243.578369140625,29.147876739501953,39.26650619506836,53.52843475341797,106.44415283203125
2023-09-12,174.5899200439453,542.2100219726562,141.4120635986328,105.30999755859375,244.53248596191406,141.22999572753906,42.492637634277344,607.5841064453125,81.91650390625,210.64999389648438,83.85807037353516,27.535301208496094,3128.314208984375,38.828208923339844,272.6116943359375,540.146484375,219.3525848388672,52.85765838623047,152.93922424316406,82.30786895751953,221.9824676513672,90.64299774169922,134.41294860839844,315.59051513671875,310.65606689453125,32.3615608215332,136.84640502929688,153.59747314453125,138.9388885498047,54.46764373779297,590.7820434570312,63.95741271972656,410.9158935546875,299.8117370605469,79.80847930908203,326.844482421875,63.73622131347656,434.69000244140625,44.84356689453125,93.51315307617188,106.82843017578125,30.133453369140625,144.61672973632812,15.59000015258789,85.26895141601562,106.55815124511719,3.3761048316955566,132.37689208984375,171.37196350097656,267.4800109863281,87.67658996582031,462.6677551269531,243.65719604492188,29.23375701904297,40.41608810424805,53.58706283569336,109.54906463623047
2023-09-13,172.5201873779297,553.5599975585938,142.01123046875,107.70999908447266,241.63922119140625,144.85000610351562,42.448482513427734,605.86572265625,82.73225402832031,208.39999389648438,83.23126983642578,27.44975471496582,3071.345458984375,39.47099304199219,266.9139709472656,541.0841064453125,216.52236938476562,52.75455093383789,152.3799591064453,82.11114501953125,215.66099548339844,89.53951263427734,135.77357482910156,319.48175048828125,310.2752685546875,32.90803146362305,137.08026123046875,153.98245239257812,139.00535583496094,54.59843826293945,590.3681640625,64.54141998291016,410.9454650878906,303.1909484863281,81.39439392089844,331.0707702636719,64.39495849609375,412.239990234375,45.45820999145508,93.62462615966797,109.00181579589844,30.071687698364258,145.62501525878906,15.600000381469727,85.99118041992188,107.90892791748047,3.3577067852020264,132.86627197265625,173.92440795898438,271.29998779296875,88.3936767578125,462.6098937988281,244.1793975830078,29.07917022705078,40.14057540893555,53.600093841552734,108.57005310058594
2023-09-14,174.03533935546875,552.1599731445312,142.00143432617188,106.62999725341797,246.4019012451172,144.72000122070312,42.448482513427734,610.6278076171875,84.54708862304688,209.0500030517578,83.57315826416016,27.753910064697266,3152.10107421875,40.18830871582031,273.33721923828125,545.9270629882812,216.50257873535156,52.83890914916992,153.32432556152344,83.09475708007812,216.38177490234375,91.15531158447266,137.15402221679688,328.6280822753906,313.845703125,33.616737365722656,137.8285675048828,153.74771118164062,141.7017059326172,55.05044174194336,583.2012939453125,64.3228988647461,408.0235900878906,309.81011962890625,83.09223175048828,333.671630859375,65.19483947753906,400.489990234375,45.55415344238281,94.6000747680664,110.7756576538086,30.133453369140625,147.22314453125,15.829999923706055,86.94815826416016,109.25013732910156,3.431300163269043,133.10118103027344,177.7057647705078,276.0400085449219,89.095947265625,466.2349548339844,237.94264221191406,29.23375701904297,40.90062713623047,53.824832916259766,110.50946044921875
2023-09-15,173.31239318847656,528.8900146484375,135.79368591308594,101.48999786376953,244.91761779785156,140.38999938964844,42.06084060668945,585.8452758789062,82.61100769042969,208.11000061035156,82.68994140625,27.4117374420166,3115.22265625,39.78772735595703,270.03851318359375,537.7975463867188,212.3759765625,52.529579162597656,152.65501403808594,84.17671203613281,211.98886108398438,91.02921295166016,136.4588165283203,326.6919860839844,306.0097351074219,33.53135681152344,136.5564422607422,151.5974578857422,141.28395080566406,54.560768127441406,567.47802734375,61.05791473388672,408.9811096191406,298.4700012207031,82.4765396118164,325.3174743652344,64.59256744384766,396.94000244140625,43.874141693115234,95.34326934814453,111.0193099975586,30.06285858154297,145.98651123046875,15.329999923706055,86.47870635986328,108.38793182373047,3.3761048316955566,132.36712646484375,178.85910034179688,274.3900146484375,86.93356323242188,469.2236328125,237.5189666748047,29.019060134887695,40.80562210083008,53.62614440917969,108.81246185302734
2023-09-18,176.24371337890625,532.4199829101562,137.77781677246094,102.37000274658203,247.20037841796875,139.97999572753906,42.415000915527344,586.8958129882812,82.44805145263672,205.1199951171875,82.6424560546875,27.335697174072266,3113.4287109375,39.7225227355957,271.77008056640625,543.9454345703125,212.76193237304688,52.595191955566406,153.3151397705078,83.62589263916016,213.4596710205078,91.88046264648438,137.26327514648438,327.4358825683594,302.0680236816406,33.31788635253906,135.71458435058594,152.5552215576172,141.5782928466797,54.899776458740234,563.160400390625,62.28668975830078,411.76483154296875,300.6962890625,82.75640106201172,324.1747131347656,64.2161636352539,394.3999938964844,43.940093994140625,94.82303619384766,109.3624496459961,29.683433532714844,146.5382080078125,15.460000038146973,87.53497314453125,108.01432037353516,3.3485071659088135,132.36712646484375,178.63221740722656,265.2799987792969,86.52446746826172,468.6065673828125,241.05604553222656,28.795766830444336,41.261661529541016,53.2287712097168,109.6889419555664
2023-09-19,177.3330535888672,541.6900024414062,135.2633056640625,101.61000061035156,248.29006958007812,137.6300048828125,42.44451141357422,583.0076904296875,82.37044525146484,204.47999572753906,82.72793579101562,27.23114585876465,3068.4970703125,39.75978469848633,270.5415344238281,545.52099609375,213.45465087890625,52.34210968017578,153.2967987060547,80.59640502929688,210.5472869873047,91.59671783447266,137.09445190429688,326.07208251953125,299.5448913574219,33.685054779052734,137.05221557617188,152.3016815185547,141.3979034423828,54.786773681640625,566.7879638671875,61.257808685302734,408.211181640625,303.2008361816406,82.56982421875,323.770751953125,63.6044807434082,396.20001220703125,43.494361877441406,95.60340118408203,109.9082260131836,29.99226951599121,146.1101531982422,15.149999618530273,87.8599853515625,106.06956481933594,3.3853042125701904,131.8385772705078,184.37991333007812,266.5,85.88159942626953,463.40045166015625,239.97225952148438,28.68412208557129,41.06214141845703,53.215736389160156,109.39988708496094
2023-09-20,173.7877655029297,535.780029296875,134.53646850585938,100.33999633789062,255.00668334960938,135.2899932861328,41.71651840209961,579.188232421875,81.00215911865234,202.3699951171875,81.42684936523438,27.136096954345703,3025.280029296875,39.40578842163086,269.5161437988281,545.0183715820312,210.81243896484375,52.02340316772461,152.82923889160156,81.20623779296875,209.07650756835938,90.52477264404297,132.82391357421875,321.1221923828125,295.9744567871094,33.394737243652344,140.1483154296875,152.96836853027344,140.7997589111328,55.031612396240234,561.5436401367188,60.64146041870117,405.2398986816406,297.8339538574219,81.29176330566406,316.00775146484375,63.378631591796875,386.29998779296875,42.21411895751953,96.225830078125,110.00569915771484,29.66578483581543,145.98651123046875,14.739999771118164,88.21208190917969,104.63257598876953,3.4129014015197754,130.69342041015625,178.43368530273438,262.5899963378906,85.02445220947266,474.4586181640625,238.29730224609375,28.85588264465332,40.729618072509766,53.388370513916016,108.5327377319336
2023-09-21,172.24285888671875,513.8800048828125,132.7880859375,96.11000061035156,253.08094787597656,129.3300018310547,40.99345397949219,571.56884765625,78.83611297607422,199.9499969482422,79.87885284423828,26.660860061645508,2993.1044921875,38.85615158081055,263.1509094238281,536.560302734375,206.43844604492188,49.998714447021484,151.4539337158203,81.37345123291016,205.18038940429688,89.05870819091797,129.5465087890625,314.9610290527344,292.0708312988281,33.52281188964844,137.8566436767578,151.7946319580078,139.6984405517578,54.18410110473633,542.3109130859375,59.81148910522461,398.1719665527344,293.9180908203125,79.18344116210938,314.78619384765625,62.9645881652832,384.1499938964844,40.99283981323242,94.84161376953125,106.65299224853516,28.98634910583496,144.72132873535156,14.0,86.59607696533203,103.42550659179688,3.3761048316955566,128.373779296875,176.11761474609375,255.6999969482422,83.14452362060547,483.1451416015625,233.1246337890625,28.58965301513672,40.20708084106445,52.740196228027344,107.00359344482422
2023-09-22,173.0945587158203,512.9000244140625,133.75067138671875,96.19999694824219,251.47463989257812,129.1199951171875,40.98854064941406,576.4585571289062,80.8568344116211,197.7100067138672,83.85807037353516,26.271167755126953,3019.000732421875,38.120201110839844,264.14727783203125,539.9533081054688,204.2811279296875,50.21430587768555,152.4533233642578,79.917724609375,207.13818359375,87.68724060058594,129.3577880859375,312.7197570800781,291.0901184082031,33.76189422607422,137.4169921875,150.70542907714844,138.3597412109375,54.2406005859375,542.715087890625,60.665950775146484,397.046630859375,297.2475280761719,77.70014953613281,312.3035583496094,63.708003997802734,379.80999755859375,41.585487365722656,93.95906829833984,106.26313781738281,28.84516716003418,144.18865966796875,14.130000114440918,85.70230865478516,103.15725708007812,3.366905689239502,129.83212280273438,176.87388610839844,244.8800048828125,83.41725158691406,487.9269714355469,231.6171875,28.58106231689453,39.1714973449707,52.88025665283203,107.17142486572266
2023-09-25,174.37203979492188,511.6000061035156,134.16319274902344,97.37999725341797,250.68551635742188,131.27000427246094,40.9541130065918,575.506103515625,81.3259506225586,198.77999877929688,82.8323974609375,26.23314666748047,3053.86767578125,38.2133674621582,265.3177795410156,539.982177734375,204.1920623779297,50.12994384765625,154.68124389648438,79.68165588378906,210.29405212402344,88.1210708618164,130.2119140625,313.62579345703125,291.8136901855469,33.6594352722168,137.0147705078125,150.48007202148438,139.0433349609375,53.675601959228516,544.4402465820312,60.81097412109375,397.3131103515625,298.9868469238281,77.45760345458984,312.8257751464844,63.49155807495117,384.79998779296875,42.1971321105957,94.58149719238281,105.55166625976562,29.101058959960938,143.3135223388672,14.220000267028809,84.60991668701172,105.79176330566406,3.339308023452759,129.14700317382812,174.73739624023438,246.99000549316406,84.0016860961914,491.9568786621094,229.9225311279297,28.478004455566406,39.48502731323242,53.11477279663086,108.37423706054688
2023-09-26,170.29202270507812,506.29998779296875,131.69776916503906,95.95999908447266,252.73338317871094,125.9800033569336,40.068721771240234,562.3294677734375,79.59974670410156,195.63999938964844,81.58830261230469,25.824440002441406,3017.068359375,37.468101501464844,260.72283935546875,534.510986328125,200.3821563720703,49.40817642211914,153.84693908691406,78.73739624023438,205.58949279785156,86.70917510986328,127.68931579589844,308.83807373046875,288.0528869628906,33.27519226074219,133.98416137695312,149.31576538085938,137.60018920898438,53.233009338378906,542.1925659179688,59.381317138671875,390.2945556640625,297.1282958984375,76.65531921386719,307.50592041015625,61.487152099609375,379.25,41.88631057739258,94.21918487548828,102.21846008300781,28.589275360107422,142.03884887695312,13.960000038146973,83.37400817871094,105.111572265625,3.2933120727539062,124.47832489013672,170.63461303710938,244.1199951171875,82.10231018066406,487.3003234863281,226.2671661376953,28.332012176513672,38.620460510253906,52.929107666015625,108.54207611083984
2023-09-27,168.77682495117188,502.6000061035156,132.66038513183594,98.06999969482422,252.67701721191406,125.9800033569336,40.511417388916016,564.116455078125,79.66020965576172,195.4600067138672,81.85420989990234,25.91948890686035,3038.83447265625,37.69167709350586,263.8086853027344,544.7283325195312,200.61964416503906,49.86748504638672,156.81748962402344,78.58984375,208.79403686523438,87.46639251708984,129.64581298828125,307.0545959472656,287.3674011230469,33.43742752075195,133.91867065429688,147.52227783203125,138.40721130371094,52.68683624267578,541.9462280273438,60.15739059448242,390.3933410644531,295.915771484375,76.17022705078125,308.1462707519531,56.42439651489258,377.5899963378906,42.44298553466797,93.14154815673828,101.96504974365234,28.324562072753906,140.15541076660156,14.850000381469727,82.68738555908203,104.60383605957031,3.339308023452759,124.96770477294922,172.4213104248047,240.5,83.22245788574219,485.64208984375,226.11936950683594,27.825315475463867,38.819969177246094,52.675052642822266,112.07589721679688
2023-09-28,169.03433227539062,504.6700134277344,135.76422119140625,102.76000213623047,254.40548706054688,125.9800033569336,41.357452392578125,570.1255493164062,81.1416244506836,190.42999267578125,81.23690795898438,26.195127487182617,3060.689697265625,38.38105010986328,267.2234802246094,549.6580810546875,201.0847625732422,50.504886627197266,156.40492248535156,78.81607818603516,209.93365478515625,88.610107421875,131.40370178222656,310.15423583984375,288.9573974609375,33.881439208984375,132.43141174316406,147.30633544921875,140.1256866455078,52.55500411987305,536.711669921875,61.49003982543945,394.3023376464844,302.0976257324219,76.67398071289062,308.9836730957031,53.71421813964844,376.3599853515625,43.06361389160156,95.0645751953125,103.45623016357422,28.315738677978516,139.2041473388672,15.770000457763672,85.18668365478516,106.43362426757812,3.48649525642395,125.23196411132812,174.3645477294922,246.3800048828125,84.16728973388672,491.7833557128906,228.24755859375,27.954137802124023,38.86747360229492,52.94214630126953,111.39525604248047
2023-09-29,169.5492706298828,509.8999938964844,135.9901580810547,102.81999969482422,252.47032165527344,127.12000274658203,41.31318664550781,577.9902954101562,81.00313568115234,191.67999267578125,82.37654113769531,26.024038314819336,3040.1064453125,38.31584167480469,264.0892639160156,546.1107177734375,200.6691131591797,50.392398834228516,154.59872436523438,79.72100067138672,207.7421112060547,87.19821166992188,129.96363830566406,308.5996398925781,287.69110107421875,33.69358444213867,131.23411560058594,146.2453155517578,137.6856689453125,52.715087890625,529.4957275390625,61.41654968261719,390.8177490234375,298.37060546875,76.18887329101562,311.0622863769531,53.91183853149414,377.6000061035156,43.47337341308594,94.62794494628906,103.2320556640625,29.268712997436523,138.74757385253906,16.0,84.75638580322266,106.39529418945312,3.458897590637207,126.5728759765625,171.81243896484375,250.22000122070312,84.64456176757812,486.0855407714844,226.62185668945312,27.83390235900879,38.819969177246094,52.09202194213867,109.63298797607422
2023-10-02,172.06463623046875,521.1300048828125,137.0313262939453,103.2699966430664,250.16885375976562,129.4600067138672,40.6540641784668,571.6278076171875,81.42933654785156,187.8300018310547,82.17710876464844,25.377717971801758,3049.77685546875,37.72894287109375,262.85107421875,552.248779296875,201.58946228027344,50.982940673828125,152.69168090820312,80.3308334350586,204.78103637695312,85.80998229980469,133.25096130371094,303.76422119140625,285.47265625,33.31788635253906,131.7018280029297,145.68190002441406,136.4988555908203,52.24424362182617,530.6392211914062,61.81928634643555,390.7585754394531,304.9400939941406,75.01344299316406,317.0224914550781,49.074920654296875,380.3299865722656,44.755619049072266,94.3306655883789,104.00201416015625,29.948148727416992,138.11026000976562,15.880000114440918,83.6852798461914,106.43362426757812,3.394503355026245,125.82901000976562,170.5794219970703,251.60000610351562,85.37509155273438,496.0928955078125,227.86331176757812,27.275680541992188,37.63238525390625,52.14739227294922,107.81478881835938
2023-10-03,170.7277374267578,507.0299987792969,134.29090881347656,100.08000183105469,245.19009399414062,124.72000122070312,40.42287826538086,560.2576904296875,79.46710205078125,188.9199981689453,80.28721618652344,24.626840591430664,2967.986328125,37.132728576660156,260.1908264160156,546.18798828125,197.74984741210938,50.652496337890625,153.0492401123047,78.23575592041016,203.62193298339844,84.99755096435547,131.5228729248047,291.95697021484375,277.96044921875,33.57404708862305,131.31829833984375,145.86033630371094,135.49249267578125,51.67924499511719,517.7254638671875,60.56796646118164,386.03009033203125,299.09613037109375,72.78384399414062,308.73736572265625,49.66776657104492,376.75,43.49135971069336,92.39834594726562,101.86759185791016,29.912857055664062,138.3956298828125,14.899999618530273,82.64160919189453,105.56184387207031,3.366905689239502,125.22218322753906,165.9818115234375,246.52999877929688,83.1932373046875,491.17596435546875,225.4395294189453,27.464614868164062,36.73930740356445,51.81840896606445,108.00126647949219
2023-10-04,171.9755096435547,518.4199829101562,136.82505798339844,104.06999969482422,249.35154724121094,127.0,40.99345397949219,580.150390625,80.3428955078125,186.72999572753906,79.8503646850586,24.65535545349121,3003.1591796875,37.08615493774414,256.3793640136719,552.7223510742188,199.76861572265625,50.46366882324219,149.4827117919922,78.01935577392578,203.9043731689453,85.8572998046875,134.3136444091797,294.3222961425781,278.388916015625,33.565513610839844,131.95437622070312,146.0293426513672,136.10011291503906,51.82991027832031,523.9063110351562,61.96626663208008,388.6954345703125,303.70770263671875,73.78202819824219,314.22467041015625,47.635135650634766,376.8999938964844,44.01505661010742,89.33264923095703,104.36263275146484,29.39225196838379,138.8522186279297,15.729999542236328,83.6120376586914,105.23611450195312,3.394503355026245,126.1911392211914,161.96726989746094,261.1600036621094,84.4205322265625,492.28472900390625,227.81405639648438,27.086742401123047,37.02434158325195,52.4405403137207,103.96392822265625
2023-10-05,173.21339416503906,516.4400024414062,136.80540466308594,102.91000366210938,249.01339721679688,125.95999908447266,40.64914321899414,571.1466064453125,80.34777069091797,186.2899932861328,79.46098327636719,24.769411087036133,2975.843505859375,37.151363372802734,252.28746032714844,550.5186767578125,199.90713500976562,50.10490036010742,150.27120971679688,79.48493194580078,197.90432739257812,85.75476837158203,134.14479064941406,296.1343688964844,277.7319641113281,33.966827392578125,132.3752899169922,147.55047607421875,136.6739501953125,49.325050354003906,533.7838745117188,61.324440002441406,389.69390869140625,302.9225769042969,73.83800506591797,314.61871337890625,46.53412628173828,372.5899963378906,44.66167449951172,89.32335662841797,105.60040283203125,29.533430099487305,136.78802490234375,15.8100004196167,84.20711517333984,105.18821716308594,3.4129014015197754,126.80776977539062,165.39874267578125,260.04998779296875,84.77117919921875,497.69317626953125,230.0407257080078,27.327207565307617,37.337860107421875,51.815155029296875,101.62357330322266
2023-10-06,175.76837158203125,526.6799926757812,137.79745483398438,107.23999786376953,251.258544921875,127.95999908447266,41.00822448730469,586.5325927734375,82.434814453125,187.3800048828125,81.73075103759766,24.77891731262207,3006.0869140625,37.794151306152344,257.3564453125,538.9286499023438,205.2014617919922,50.46366882324219,148.7400665283203,81.58000946044922,204.7323455810547,87.92386627197266,136.63758850097656,298.0227966308594,278.7983093261719,34.564537048339844,132.85232543945312,148.0199737548828,138.77813720703125,50.04072952270508,557.1864624023438,61.547855377197266,393.4207763671875,313.49737548828125,74.9388198852539,322.4013977050781,47.277549743652344,381.510009765625,45.73504638671875,90.2430648803711,107.16954803466797,29.23341941833496,137.06387329101562,16.610000610351562,84.38105773925781,106.22284698486328,3.48649525642395,128.1388702392578,165.53256225585938,260.5299987792969,86.9725341796875,505.9650573730469,231.5777587890625,27.059680938720703,37.70838928222656,50.945491790771484,99.92658233642578
2023-10-09,177.2538299560547,529.2899780273438,137.65994262695312,106.97000122070312,255.0819091796875,128.25999450683594,40.88032531738281,580.6511840820312,83.47055053710938,188.49000549316406,80.58161926269531,25.007028579711914,2966.931396484375,37.95252227783203,262.4447326660156,540.3204345703125,205.06292724609375,50.907413482666016,152.85671997070312,83.31114959716797,207.7421112060547,86.9694595336914,137.47186279296875,298.1466979980469,281.21673583984375,33.94975280761719,133.0113525390625,148.86502075195312,138.4625244140625,49.79589080810547,563.633544921875,61.5067024230957,390.2276916503906,316.4093933105469,74.5469970703125,324.9234313964844,46.41179275512695,385.95001220703125,45.24633026123047,90.6611099243164,107.5204086303711,29.29518699645996,136.36949157714844,17.610000610351562,84.50921630859375,107.10421752929688,3.394503355026245,127.15034484863281,166.43104553222656,259.6700134277344,86.68031311035156,507.6040954589844,230.9866180419922,27.585962295532227,37.71788787841797,50.75983428955078,103.42313385009766
2023-10-10,176.65963745117188,532.719970703125,138.88772583007812,109.01000213623047,254.80943298339844,129.47999572753906,41.052486419677734,591.2357788085938,83.71728515625,193.52999877929688,82.784912109375,25.6723690032959,3016.89111328125,38.60462951660156,264.2923889160156,543.3364868164062,204.7264404296875,50.86020278930664,152.69168090820312,83.59638214111328,207.70310974121094,87.9317626953125,137.1143035888672,300.206787109375,284.8918762207031,34.60722351074219,132.92715454101562,148.69602966308594,139.3041534423828,50.87881851196289,571.076171875,62.16225051879883,395.7933654785156,319.86810302734375,74.75222778320312,323.5146484375,48.538536071777344,373.32000732421875,45.77102279663086,91.4786376953125,106.92588806152344,29.268712997436523,137.72023010253906,17.799999237060547,86.10218048095703,107.59278106689453,3.4772961139678955,128.41293334960938,169.32723999023438,263.6199951171875,88.25827026367188,505.4156188964844,233.1147918701172,27.857873916625977,37.83189392089844,51.333091735839844,102.98487854003906
2023-10-11,178.05596923828125,549.9099731445312,139.65386962890625,108.30999755859375,266.410888671875,131.8300018310547,41.632911682128906,595.20263671875,85.29232788085938,196.07000732421875,83.36422729492188,25.681867599487305,3028.277099609375,38.68846893310547,263.9247741699219,546.6520385742188,204.69677734375,50.66194152832031,147.7040252685547,83.45868682861328,210.2648162841797,89.33576965332031,139.58726501464844,298.5377502441406,283.7778625488281,34.8633918762207,133.9747772216797,146.6490478515625,139.78237915039062,50.57748031616211,596.6770629882812,62.88246536254883,395.2397155761719,325.8114318847656,73.60478210449219,327.4848327636719,50.382957458496094,365.92999267578125,46.7784309387207,92.35189819335938,107.2486801147461,29.215768814086914,136.0270233154297,17.920000076293945,85.27822875976562,106.45277404785156,3.5048935413360596,129.57765197753906,170.16839599609375,262.989990234375,89.61219787597656,505.3095397949219,232.20834350585938,27.5947322845459,37.70838928222656,51.53829574584961,99.29253387451172
2023-10-12,178.95713806152344,559.6300048828125,142.4237823486328,108.79000091552734,267.7636413574219,132.3300018310547,41.38697052001953,605.5809936523438,88.31954956054688,191.3000030517578,80.25872802734375,25.567811965942383,3005.653076171875,38.68846893310547,260.80987548828125,544.9700927734375,203.5389404296875,50.8413200378418,147.82325744628906,82.96688079833984,211.80381774902344,87.8134536743164,138.01808166503906,295.514404296875,278.98870849609375,34.41083526611328,132.1134033203125,146.7899169921875,139.4571990966797,49.7299690246582,601.8228759765625,64.17886352539062,395.32867431640625,322.17388916015625,72.58792877197266,326.2435302734375,49.87479782104492,361.20001220703125,46.91734313964844,90.92123413085938,106.7302474975586,29.048112869262695,136.33143615722656,17.940000534057617,84.10641479492188,106.77848815917969,3.4221010208129883,128.8631591796875,173.58074951171875,258.8699951171875,90.02129364013672,506.6689147949219,233.29212951660156,27.11231231689453,37.755889892578125,51.77281188964844,99.27389526367188
2023-10-13,177.1151580810547,548.760009765625,138.63235473632812,105.08999633789062,266.88055419921875,129.7899932861328,40.28514862060547,588.8793334960938,86.13301086425781,184.91000366210938,79.79337310791016,25.43474578857422,2908.1396484375,38.595314025878906,259.1944274902344,547.927978515625,202.46031188964844,50.76579666137695,150.41790771484375,82.96688079833984,203.18362426757812,86.27535247802734,136.4191131591797,294.9898376464844,277.94146728515625,33.94120788574219,129.5130157470703,147.2781982421875,141.55177307128906,49.8053092956543,600.5413818359375,63.21464538574219,393.4801025390625,312.76190185546875,72.56927490234375,322.86444091796875,51.276939392089844,355.67999267578125,45.43421936035156,90.3359603881836,105.88899230957031,28.333383560180664,137.63462829589844,17.360000610351562,84.46344757080078,104.0960922241211,3.3485071659088135,126.05412292480469,169.83384704589844,251.1199951171875,88.11216735839844,520.0313110351562,234.16903686523438,26.901798248291016,38.91497802734375,52.0594482421875,102.444091796875
2023-10-16,176.98641967773438,550.739990234375,138.49484252929688,106.45999908447266,269.49212646484375,132.5500030517578,41.01313400268555,592.8558959960938,88.0240249633789,184.92999267578125,80.06878662109375,25.653356552124023,2924.296142578125,38.14815139770508,261.951416015625,553.147705078125,206.35926818847656,51.13399887084961,151.64649963378906,84.30458068847656,206.1349334716797,86.08604431152344,138.1471710205078,299.8443908691406,283.0923156738281,34.23152160644531,130.21456909179688,147.9166717529297,141.40830993652344,50.31381607055664,607.8755493164062,63.76142120361328,396.5743408203125,319.1822814941406,73.44620513916016,327.70159912109375,51.17342758178711,360.82000732421875,46.06785202026367,89.96436309814453,106.33897399902344,29.356948852539062,138.9473419189453,17.360000610351562,85.25077056884766,105.86840057373047,3.4496984481811523,127.92354583740234,171.19114685058594,253.9199981689453,88.85244750976562,518.71044921875,236.53369140625,27.410537719726562,39.57052993774414,52.508934020996094,102.51869201660156
2023-10-17,175.43162536621094,560.0900268554688,140.18426513671875,105.13999938964844,267.1811828613281,131.47000122070312,41.15086364746094,597.5982666015625,86.25199890136719,185.60000610351562,79.68890380859375,26.25215721130371,2936.056884765625,38.38105010986328,263.7506408691406,555.1777954101562,207.65565490722656,50.926292419433594,153.6543731689453,84.78654479980469,206.2712860107422,86.7801742553711,138.76295471191406,295.04705810546875,281.7688903808594,34.23152160644531,131.2528533935547,146.56454467773438,141.1022491455078,50.91648864746094,599.6640014648438,63.68793487548828,397.17730712890625,322.0148620605469,74.9388198852539,327.1301574707031,50.97580337524414,355.7200012207031,43.91212463378906,89.63921356201172,106.66177368164062,28.89811134338379,139.12806701660156,17.84000015258789,85.49797058105469,107.4874038696289,3.4404990673065186,127.71802520751953,170.35000610351562,254.85000610351562,88.63815307617188,517.3800659179688,237.64703369140625,27.638593673706055,39.88405227661133,52.57734298706055,103.86136627197266
2023-10-18,174.13436889648438,557.8699951171875,138.93682861328125,102.16999816894531,266.3920593261719,128.1300048828125,40.10807800292969,572.678466796875,86.50848388671875,185.69000244140625,78.83418273925781,25.95750617980957,2809.718994140625,37.70099639892578,250.75901794433594,555.4676513671875,202.6977996826172,50.76579666137695,154.873779296875,83.29147338867188,197.1543426513672,84.8476791381836,137.01499938964844,287.9894104003906,276.341796875,33.872901916503906,130.92544555664062,143.4095916748047,139.55282592773438,50.89765167236328,598.6092529296875,62.93244171142578,388.7152099609375,315.0279235839844,69.85457611083984,325.2090759277344,50.100650787353516,346.19000244140625,42.171146392822266,89.27690887451172,105.88899230957031,27.715713500976562,142.7142333984375,17.200000762939453,85.33316802978516,106.31866455078125,3.3577067852020264,124.8991928100586,168.20892333984375,242.67999267578125,87.27449035644531,516.8111572265625,233.97198486328125,27.235105514526367,39.45652389526367,52.61642837524414,105.31591796875
2023-10-19,173.75807189941406,555.739990234375,132.0415802001953,102.4000015258789,263.5927734375,128.39999389648438,39.78834915161133,577.0770874023438,84.63597869873047,182.7899932861328,77.50460815429688,25.62483787536621,2745.603515625,37.31904983520508,244.6356658935547,546.7583618164062,206.1514892578125,50.34093475341797,155.03883361816406,81.88491821289062,194.71925354003906,84.358642578125,136.80645751953125,285.3476257324219,273.03802490234375,33.394737243652344,129.09207153320312,143.02462768554688,138.95982360839844,51.180152893066406,582.4028930664062,58.98447036743164,383.4361877441406,310.8934326171875,68.02611541748047,326.40118408203125,49.3007698059082,401.7699890136719,42.076202392578125,87.92057037353516,105.97703552246094,27.521591186523438,141.91110229492188,17.059999465942383,83.06273651123047,106.6060562133789,3.3577067852020264,130.54661560058594,166.98544311523438,220.11000061035156,90.49858093261719,512.540283203125,230.3658905029297,27.699993133544922,39.123992919921875,52.36561584472656,105.38118743896484
2023-10-20,171.2030792236328,540.9600219726562,131.73704528808594,101.80999755859375,261.9112243652344,125.16999816894531,39.281707763671875,569.5855102539062,83.25110626220703,180.0399932861328,75.91861724853516,25.007028579711914,2717.44921875,36.96504592895508,242.3117218017578,534.4820556640625,201.60923767089844,49.972721099853516,152.95758056640625,81.29476165771484,188.95297241210938,83.67242431640625,134.67115783691406,286.1678161621094,272.69525146484375,32.182247161865234,128.29702758789062,143.6631317138672,136.7218017578125,51.38732147216797,576.3303833007812,58.82767868041992,380.0157470703125,306.7589111328125,68.22201538085938,321.8202209472656,48.896121978759766,400.9599914550781,41.36262130737305,87.95772552490234,99.62858581542969,27.045101165771484,141.71966552734375,16.110000610351562,84.73809051513672,104.0673599243164,3.3117101192474365,127.92354583740234,165.81932067871094,211.99000549316406,88.94010162353516,508.10546875,229.9422149658203,27.691219329833984,38.25942611694336,51.710933685302734,103.57231903076172
2023-10-23,171.32188415527344,540.4099731445312,131.84512329101562,100.01000213623047,256.5097351074219,126.55999755859375,38.94723129272461,577.1361083984375,84.0888671875,181.02999877929688,76.45994567871094,24.303678512573242,2779.455078125,36.22909927368164,240.4836883544922,533.8634643554688,199.8972625732422,49.283512115478516,147.31895446777344,81.73738098144531,190.39453125,84.153564453125,135.5649871826172,285.376220703125,271.41943359375,32.182247161865234,127.56742095947266,142.1513671875,134.8567657470703,50.9259033203125,568.4539794921875,58.75223159790039,379.2842102050781,312.0860595703125,66.88799285888672,324.4308776855469,48.4820671081543,406.8399963378906,42.94968795776367,87.9670181274414,101.39911651611328,27.212757110595703,141.8153839111328,16.200000762939453,83.23667907714844,104.0960922241211,3.2841129302978516,129.39169311523438,166.13473510742188,212.0800018310547,88.74529266357422,502.84149169921875,228.11947631835938,27.533336639404297,37.508872985839844,52.44378662109375,102.05248260498047
2023-10-24,171.75762939453125,539.5599975585938,132.50320434570312,101.66999816894531,259.3841857910156,128.55999755859375,38.9865837097168,589.8612060546875,85.93112182617188,182.36000061035156,78.70122528076172,24.208633422851562,2795.060302734375,36.266361236572266,242.6520538330078,533.428466796875,202.09414672851562,50.04825210571289,143.6240692138672,81.20623779296875,194.4562530517578,89.61973571777344,137.85916137695312,285.33807373046875,269.74371337890625,32.1737060546875,128.88629150390625,142.00112915039062,135.01934814453125,52.394920349121094,584.009765625,59.18730163574219,382.4872131347656,310.6349792480469,66.75737762451172,325.62286376953125,51.869789123535156,413.7300109863281,43.63727951049805,88.17140197753906,100.94914245605469,26.85097885131836,143.49057006835938,16.639999389648438,83.15428161621094,104.7954330444336,3.238116979598999,130.83045959472656,166.43104553222656,216.52000427246094,89.26153564453125,506.1483459472656,231.19349670410156,30.085805892944336,37.3188591003418,53.17340087890625,101.06411743164062
2023-10-25,169.44033813476562,521.1400146484375,127.79833221435547,96.05999755859375,255.66427612304688,121.38999938964844,39.18333435058594,572.7667846679688,82.86101531982422,177.72999572753906,76.95378875732422,24.28466796875,2772.929443359375,35.968257904052734,238.16949462890625,531.64013671875,195.00868225097656,49.47233581542969,142.908935546875,79.2685317993164,190.16075134277344,87.71092224121094,124.74958801269531,283.0300598144531,267.4776611328125,32.08831787109375,128.22218322753906,142.32037353515625,134.28289794921875,52.846920013427734,578.1246337890625,57.160888671875,381.8940124511719,297.6947937011719,66.60813903808594,335.6123352050781,53.13077163696289,411.25,41.75438690185547,88.65447998046875,99.2177505493164,27.115692138671875,144.16064453125,15.59000015258789,82.42190551757812,100.37905883789062,3.3209097385406494,127.933349609375,167.44424438476562,212.4199981689453,85.3653564453125,511.1712646484375,233.36111450195312,29.550752639770508,37.08133316040039,53.01380157470703,101.2506103515625
2023-10-26,165.2711944580078,514.280029296875,128.51535034179688,93.66999816894531,253.36277770996094,119.56999969482422,39.44894790649414,577.5387573242188,80.62962341308594,179.08999633789062,78.35933685302734,24.82644271850586,2703.697509765625,36.6483154296875,235.7288360595703,529.3298950195312,194.20713806152344,48.49988555908203,141.88206481933594,78.47181701660156,191.4464874267578,85.81787109375,121.44239807128906,283.2493591308594,264.68798828125,31.8321590423584,134.4705352783203,139.9072265625,134.62721252441406,52.52675247192383,560.0255126953125,57.33628845214844,360.4223327636719,286.5832824707031,67.233154296875,323.0220947265625,54.175323486328125,403.5400085449219,40.30224609375,87.60470581054688,98.2102279663086,27.495121002197266,143.39483642578125,15.289999961853027,82.12893676757812,101.18378448486328,3.3577067852020264,128.43251037597656,164.0319061279297,205.75999450683594,85.18028259277344,509.3876037597656,227.87315368652344,30.23491668701172,37.67038345336914,52.69133377075195,100.3275146484375
2023-10-27,166.58827209472656,508.1199951171875,128.96719360351562,96.43000030517578,245.71615600585938,127.73999786376953,39.01118087768555,579.3059692382812,81.76188659667969,179.69000244140625,78.65373992919922,23.923490524291992,2707.11865234375,35.623573303222656,231.96585083007812,524.912353515625,194.52378845214844,48.679264068603516,132.3468475341797,78.0291976928711,190.23867797851562,83.88539123535156,121.33314514160156,276.49700927734375,263.2216796875,31.345457077026367,133.31068420410156,136.7147216796875,129.77810668945312,52.01824951171875,552.2673950195312,57.22751998901367,359.9181213378906,294.9119567871094,65.67523956298828,324.91357421875,52.92375183105469,397.8699951171875,40.47614669799805,85.71883392333984,98.78733825683594,26.56861686706543,140.8677215576172,15.069999694824219,80.07823181152344,101.98849487304688,3.3209097385406494,128.59890747070312,165.17889404296875,207.3000030517578,83.75818634033203,505.820556640625,225.89276123046875,29.331464767456055,36.82482147216797,52.495906829833984,98.41608428955078
2023-10-30,168.63819885253906,526.9400024414062,128.70199584960938,96.18000030517578,247.23794555664062,132.7100067138672,39.34074020385742,578.206298828125,82.04373931884766,182.35000610351562,78.9576416015625,24.41773796081543,2748.610595703125,36.266361236572266,235.46632385253906,536.3670043945312,197.1956787109375,48.6887092590332,133.94215393066406,79.35706329345703,192.64456176757812,86.61453247070312,123.60747528076172,286.91168212890625,268.0013427734375,30.75628662109375,133.41355895996094,138.0574493408203,131.43270874023438,52.87517547607422,557.6694946289062,57.17656326293945,368.162841796875,300.8056335449219,66.65729522705078,332.30224609375,53.82714080810547,410.0799865722656,41.136756896972656,87.10304260253906,99.43296813964844,26.95686149597168,142.87791442871094,14.6899995803833,81.83597564697266,103.30095672607422,3.4404990673065186,130.81088256835938,163.83116149902344,197.36000061035156,83.82636260986328,510.9591064453125,229.64663696289062,30.366485595703125,37.46136474609375,53.098487854003906,98.72376251220703
2023-10-31,169.1135711669922,532.0599975585938,129.99853515625,98.5,240.20193481445312,133.08999633789062,39.621116638183594,587.9563598632812,82.05543518066406,186.82000732421875,78.38782501220703,25.035545349121094,2749.901611328125,36.788047790527344,219.80162048339844,534.0084228515625,198.7394256591797,49.21742248535156,133.61209106445312,80.25213623046875,202.51153564453125,85.68377685546875,123.2300796508789,289.5630798339844,271.0576171875,31.020984649658203,135.29368591308594,139.28749084472656,133.0012664794922,53.195343017578125,546.056884765625,57.63907241821289,372.0479431152344,299.4241027832031,66.8744888305664,333.0903625488281,54.86227798461914,411.69000244140625,40.7559814453125,86.93582916259766,101.14479064941406,26.965686798095703,143.614990234375,14.800000190734863,81.62542724609375,104.41223907470703,3.416966438293457,131.15345764160156,167.44424438476562,200.83999633789062,84.06987762451172,516.3291625976562,231.6368865966797,30.813825607299805,37.784393310546875,53.22551727294922,98.69580078125
2023-11-01,172.28250122070312,544.5,132.8862762451172,108.04000091552734,245.03038024902344,137.0,40.1523323059082,598.7748413085938,83.18382263183594,189.3800048828125,78.33084869384766,25.092575073242188,2726.9033203125,36.89051818847656,225.42184448242188,538.222900390625,201.78736877441406,49.274070739746094,132.00762939453125,79.74066162109375,209.25184631347656,84.59527587890625,125.58383178710938,292.9488525390625,272.9046936035156,30.961214065551758,136.00457763671875,139.6161651611328,132.88650512695312,53.148258209228516,546.5794677734375,59.445987701416016,373.5010986328125,309.9393005371094,66.99723815917969,340.9321594238281,54.984619140625,420.19000244140625,42.30007553100586,87.56754302978516,103.44353485107422,26.92156982421875,143.2129669189453,14.920000076293945,81.48809051513672,106.23242950439453,3.4357926845550537,133.18927001953125,177.57615661621094,205.66000366210938,85.52120971679688,512.51123046875,235.06561279296875,31.0506591796875,37.63238525390625,53.7010612487793,98.49998474121094
2023-11-02,175.84759521484375,558.7100219726562,136.049072265625,107.83000183105469,250.43186950683594,138.07000732421875,40.875404357910156,621.533935546875,84.97438049316406,192.00999450683594,79.21406555175781,26.25215721130371,2798.26416015625,38.52077865600586,232.5103302001953,538.4068603515625,205.9436492919922,49.80277633666992,136.39015197753906,81.92426300048828,210.5472869873047,85.01333618164062,126.6167221069336,299.2435607910156,280.4264221191406,31.610153198242188,137.51052856445312,141.07154846191406,135.2584686279297,53.760345458984375,572.0421752929688,61.07456588745117,378.3154602050781,308.9653015136719,69.36741638183594,343.1487731933594,56.37734603881836,424.7099914550781,43.48037338256836,87.40032958984375,104.53910827636719,26.912742614746094,144.96470642089844,17.969999313354492,83.25499725341797,112.43067932128906,3.5769896507263184,135.63616943359375,178.31216430664062,218.50999450683594,88.13165283203125,516.878662109375,239.6668243408203,31.489227294921875,38.830562591552734,53.912776947021484,101.73545837402344
2023-11-03,174.93650817871094,563.6599731445312,137.26707458496094,112.25,253.50367736816406,138.60000610351562,41.69685363769531,632.3818969726562,86.08424377441406,195.0500030517578,81.01847839355469,27.012537002563477,2818.10791015625,39.87967300415039,234.09530639648438,543.1812133789062,205.310302734375,50.04825210571289,135.33580017089844,83.6750717163086,210.04855346679688,85.91252899169922,128.2156982421875,312.4622497558594,281.4547119140625,31.968774795532227,138.34303283691406,142.1044158935547,136.76962280273438,53.43076705932617,559.73974609375,62.132843017578125,381.63702392578125,312.6724853515625,72.01141357421875,347.562255859375,55.87860107421875,432.3599853515625,44.97848892211914,86.1740493774414,105.69336700439453,27.583356857299805,143.6532745361328,18.889999389648438,83.78596496582031,114.49994659423828,3.586402654647827,136.0276641845703,181.2178955078125,219.9600067138672,89.40763854980469,511.8365478515625,240.01168823242188,31.594478607177734,39.89453887939453,53.632659912109375,100.49534606933594
2023-11-06,177.49148559570312,565.4500122070312,137.86619567871094,111.75,256.2936706542969,139.74000549316406,41.490257263183594,627.4894409179688,85.90382385253906,192.9499969482422,81.06596374511719,26.92699432373047,2929.185546875,39.67206573486328,231.6935577392578,551.8192749023438,205.26080322265625,50.31260681152344,134.7764892578125,82.64228820800781,211.65234375,88.16838836669922,129.3577880859375,308.9239196777344,280.4645080566406,32.38717269897461,139.34385681152344,142.44244384765625,137.8025665283203,53.64735412597656,586.7305297851562,62.61985397338867,381.7457580566406,313.8651123046875,71.69034576416016,351.23687744140625,55.55864715576172,434.739990234375,45.72404861450195,86.81505584716797,106.7302474975586,27.512765884399414,144.48611450195312,18.540000915527344,83.2824478149414,114.89273834228516,3.5487499237060547,135.60679626464844,181.27525329589844,219.27000427246094,90.19661712646484,514.3045654296875,239.90330505371094,31.261171340942383,39.62614822387695,53.70431137084961,98.71444702148438
2023-11-07,180.05636596679688,585.2000122070312,139.22171020507812,113.44999694824219,254.6779327392578,142.7100067138672,41.57387924194336,626.3771362304688,87.56078338623047,191.41000366210938,81.11344909667969,26.765411376953125,2969.08056640625,39.59657287597656,228.42645263671875,553.2236328125,209.6348114013672,50.16155242919922,132.40187072753906,83.20294952392578,211.0753936767578,88.18417358398438,130.07286071777344,308.9620666503906,280.65496826171875,32.182247161865234,139.2129364013672,141.6912841796875,137.735595703125,53.8451042175293,591.4031372070312,62.83640670776367,384.4248352050781,316.86663818359375,71.3031997680664,355.177490234375,55.012847900390625,434.6099853515625,45.92793273925781,87.15878295898438,106.61285400390625,27.574533462524414,144.15106201171875,18.799999237060547,83.5662612915039,115.6495590209961,3.5110976696014404,137.67196655273438,181.19882202148438,222.17999267578125,90.01155090332031,518.5176391601562,241.16444396972656,31.524301528930664,39.338592529296875,53.95512390136719,97.16664123535156
2023-11-08,181.115966796875,585.3099975585938,141.66744995117188,113.58999633789062,256.69757080078125,142.0800018310547,41.88868713378906,629.310546875,88.85885620117188,191.8300018310547,80.53414154052734,26.50878143310547,2977.40087890625,39.46445846557617,228.32920837402344,549.4564819335938,209.26866149902344,50.03881072998047,130.55899047851562,83.11442565917969,212.79653930664062,89.80113983154297,130.93690490722656,309.5438232421875,281.7498779296875,32.09686279296875,138.464599609375,141.1748504638672,138.41468811035156,53.760345458984375,610.3302612304688,63.4556999206543,385.24530029296875,317.8207702636719,71.73756408691406,357.807861328125,54.10945129394531,436.6499938964844,46.546566009521484,87.67902374267578,109.8800277709961,27.19510841369629,143.59585571289062,18.489999771118164,82.57752990722656,115.01727294921875,3.539336919784546,139.14990234375,175.32037353515625,222.11000061035156,89.61219787597656,517.45703125,240.8287353515625,31.375194549560547,39.28107452392578,53.51540756225586,95.97315979003906
2023-11-09,180.64064025878906,577.739990234375,140.6262664794922,113.48999786376953,248.05520629882812,140.60000610351562,41.83949279785156,624.3590698242188,88.88323974609375,193.3300018310547,78.56827545166016,26.166614532470703,2967.4638671875,39.1624870300293,227.67771911621094,545.476318359375,207.8238525390625,49.09468078613281,130.1372528076172,88.85865783691406,213.55934143066406,89.20169067382812,129.34788513183594,305.938720703125,274.0853576660156,31.99301528930664,138.70111083984375,138.4236602783203,138.00340270996094,53.35542678833008,582.91552734375,63.71830368041992,383.52520751953125,318.58599853515625,70.05674743652344,355.3351135253906,51.493377685546875,435.1499938964844,46.92234420776367,86.61067962646484,109.73329162597656,26.542282104492188,143.92132568359375,18.270000457763672,82.21133422851562,115.05559539794922,3.5675764083862305,139.42393493652344,176.08505249023438,209.97999572753906,89.2420654296875,519.6456298828125,238.58741760253906,31.24362564086914,38.72512435913086,53.39162826538086,96.00112915039062
2023-11-10,184.8351287841797,597.219970703125,148.00286865234375,118.58999633789062,251.1082000732422,143.55999755859375,42.60191345214844,650.9573364257812,93.38308715820312,196.64999389648438,78.58726501464844,26.30918312072754,3030.524658203125,39.709815979003906,233.0548553466797,558.8888549804688,211.40621948242188,49.65171813964844,131.0632781982422,86.82260131835938,216.92337036132812,90.92118835449219,131.68177795410156,310.44989013671875,277.627197265625,32.04493713378906,140.9715118408203,138.26400756835938,140.05018615722656,53.411930084228516,589.2147216796875,67.16458129882812,389.8717956542969,326.75567626953125,71.13323211669922,364.1817932128906,51.88861083984375,447.239990234375,48.306522369384766,86.89866638183594,110.60387420654297,26.363426208496094,144.9359893798828,19.670000076293945,82.11976623535156,118.99296569824219,3.6334681510925293,142.0176544189453,178.74229431152344,214.64999389648438,94.91100311279297,521.7762451171875,242.1518096923828,31.322566986083984,39.194801330566406,54.131011962890625,96.73773956298828
2023-11-13,183.24856567382812,590.3400268554688,147.0795440673828,116.79000091552734,250.52581787109375,142.58999633789062,42.48386001586914,644.381591796875,92.35028839111328,204.5399932861328,78.12191772460938,26.32819366455078,3074.86474609375,40.294891357421875,234.98985290527344,559.9637451171875,213.03900146484375,49.31182861328125,132.0259552001953,87.97341918945312,217.65684509277344,91.11839294433594,131.18519592285156,311.78515625,274.2757873535156,32.38243103027344,140.1011962890625,138.62081909179688,139.42849731445312,53.609683990478516,604.0015258789062,65.98871612548828,389.8421325683594,327.173095703125,70.85938262939453,361.23614501953125,51.286346435546875,444.6199951171875,48.59135818481445,87.40960693359375,111.66031646728516,25.916284561157227,145.94110107421875,19.709999084472656,82.39442443847656,118.64807891845703,3.642881155014038,141.9491424560547,179.44961547851562,223.7100067138672,93.91748809814453,523.08740234375,241.57911682128906,31.419050216674805,39.07978439331055,54.6163330078125,97.75405883789062
2023-11-14,185.86639404296875,604.3300170898438,151.34246826171875,119.87999725341797,253.65396118164062,145.8000030517578,43.634864807128906,664.86669921875,94.88887023925781,207.47000122070312,79.65092468261719,27.772918701171875,3128.38330078125,41.861392974853516,241.00875854492188,572.1365966796875,218.87759399414062,50.19931411743164,132.98863220214844,89.57669067382812,223.06475830078125,92.48294067382812,132.7047119140625,323.0487365722656,289.0906677246094,32.7805061340332,142.2864227294922,138.6490020751953,141.97262573242188,53.76976013183594,603.2508544921875,68.09449768066406,393.10443115234375,334.2494812011719,73.94720458984375,364.7728576660156,54.1565055847168,448.6499938964844,49.626747131347656,88.17140197753906,113.56777954101562,26.166685104370117,145.61561584472656,19.940000534057617,82.76063537597656,122.01065826416016,3.7464258670806885,144.52328491210938,183.59796142578125,237.41000366210938,96.34284973144531,521.05322265625,243.82044982910156,31.471683502197266,40.33547592163086,54.6065559387207,98.13043975830078
2023-11-15,186.43162536621094,595.3099975585938,152.60952758789062,118.0,256.48150634765625,143.1999969482422,43.79719161987305,667.4163208007812,95.1268539428711,208.7100067138672,82.68994140625,28.15311050415039,3076.452392578125,42.35209655761719,244.14947509765625,577.9277954101562,217.1359100341797,50.303165435791016,133.45623779296875,92.3897933959961,220.6688232421875,91.7336196899414,133.69789123535156,321.9805908203125,293.4323425292969,33.29107666015625,144.33921813964844,139.71942138671875,143.21597290039062,53.873355865478516,581.2470092773438,68.38651275634766,392.2937927246094,330.6715087890625,75.24087524414062,364.92095947265625,53.63893127441406,461.94000244140625,48.85919952392578,87.14020538330078,111.57227325439453,26.998367309570312,144.94558715820312,19.950000762939453,83.97823333740234,123.50513458251953,3.6993601322174072,145.36500549316406,180.7591094970703,242.83999633789062,96.23570251464844,519.0768432617188,244.9756622314453,31.576936721801758,41.06396484375,55.30033874511719,97.53765106201172
2023-11-16,188.11732482910156,602.0599975585938,152.05947875976562,119.83000183105469,254.68267822265625,142.8300018310547,44.04804992675781,670.2415161132812,93.58106994628906,206.60000610351562,75.13037109375,28.07707405090332,3084.3681640625,42.153926849365234,241.34909057617188,560.3026733398438,219.144775390625,45.355934143066406,131.34390258789062,92.96028900146484,221.79347229003906,93.81597137451172,135.99203491210938,321.0936279296875,291.7660827636719,32.91897201538086,144.7932891845703,140.94009399414062,144.85147094726562,53.81685256958008,581.454345703125,68.6353988647461,392.56072998046875,332.1424560546875,75.22199249267578,371.33746337890625,53.26252365112305,466.95001220703125,49.45085906982422,87.38174438476562,112.16897583007812,26.622770309448242,146.2952880859375,19.770000457763672,83.5662612915039,123.29438018798828,3.7558391094207764,145.43350219726562,181.99215698242188,233.58999633789062,95.98246765136719,520.4361572265625,245.4298553466797,31.73482322692871,40.766815185546875,50.824974060058594,96.40851593017578
2023-11-17,188.09751892089844,602.6599731445312,145.9499969482422,120.62000274658203,251.26483154296875,145.17999267578125,44.12183380126953,675.3800659179688,95.35408020019531,208.0399932861328,73.69633483886719,28.495277404785156,3090.67724609375,42.8050651550293,246.0747528076172,558.9178466796875,218.91717529296875,45.091575622558594,133.83609008789062,92.60618591308594,222.77137756347656,94.59684753417969,134.38314819335938,323.4969482421875,292.5563659667969,33.38627243041992,144.6324920654297,140.64901733398438,146.1617889404297,53.92043685913086,584.377685546875,68.62560272216797,395.7241516113281,332.98724365234375,75.80744934082031,365.0986328125,53.98711395263672,465.9100036621094,49.26896667480469,88.17140197753906,112.84393310546875,26.75691032409668,144.6105499267578,20.489999771118164,84.17963409423828,124.03203582763672,3.8029043674468994,146.76463317871094,184.82144165039062,234.3000030517578,96.99546813964844,517.0328979492188,246.40737915039062,31.7786808013916,41.17898941040039,50.6002311706543,98.76087188720703
2023-11-20,189.8427276611328,612.7000122070312,149.85926818847656,121.52999877929688,251.2269287109375,146.1300048828125,44.04804992675781,683.4716186523438,97.10760498046875,217.7100067138672,74.51307678222656,28.523792266845703,3113.04443359375,42.710697174072266,243.52716064453125,562.4525756835938,222.78648376464844,45.57308578491211,133.761962890625,93.47175598144531,221.9108123779297,94.70728302001953,135.31671142578125,323.74493408203125,293.4323425292969,33.52473449707031,146.0136260986328,141.88893127441406,146.6112823486328,54.052268981933594,590.1947631835938,70.4687728881836,399.77728271484375,337.8870544433594,75.259765625,372.5911560058594,53.95888900756836,474.4700012207031,50.379310607910156,88.48725128173828,114.36990356445312,26.81056785583496,143.84474182128906,21.34000015258789,84.57330322265625,124.07036590576172,3.8123180866241455,150.04347229003906,179.3922576904297,235.60000610351562,97.3656005859375,515.8856201171875,246.81216430664062,32.217247009277344,41.01603698730469,50.583946228027344,98.32803344726562
2023-11-21,189.03952026367188,610.989990234375,146.59825134277344,119.16000366210938,248.83157348632812,143.89999389648438,44.10707473754883,673.7359619140625,95.69251251220703,218.27000427246094,74.96892547607422,28.19112777709961,3100.33740234375,42.55027389526367,242.51593017578125,565.842041015625,221.9849090576172,45.12934112548828,133.44696044921875,92.9012680053711,221.99880981445312,94.5653076171875,136.03176879882812,319.47222900390625,290.71881103515625,33.37761688232422,145.59739685058594,143.0341796875,146.30523681640625,54.64552307128906,585.2566528320312,69.31446075439453,404.27532958984375,334.9153137207031,74.09830474853516,368.27734375,54.5611457824707,474.95001220703125,49.91457748413086,89.53701782226562,113.54823303222656,27.096738815307617,143.2129669189453,19.799999237060547,84.95781707763672,121.68494415283203,3.8029043674468994,149.26046752929688,175.11964416503906,241.1999969482422,95.8558349609375,520.21435546875,249.0436248779297,32.67335510253906,40.83390808105469,50.76634979248047,98.29039764404297
2023-11-22,189.7039031982422,619.719970703125,147.1396484375,122.51000213623047,250.50741577148438,146.7100067138672,44.313663482666016,674.1101684570312,94.7952651977539,219.91000366210938,74.9879150390625,28.162614822387695,3085.501708984375,42.48421859741211,239.2098846435547,570.470947265625,221.50990295410156,45.393699645996094,133.71566772460938,93.51110076904297,223.8568878173828,94.33655548095703,137.54135131835938,322.9724426269531,294.3939208984375,32.91897201538086,146.7515106201172,142.75021362304688,146.64955139160156,55.01277160644531,587.7158203125,70.30317687988281,405.63946533203125,339.397705078125,74.11717224121094,372.9958801269531,54.52130126953125,478.0,48.68730545043945,90.19660949707031,113.70475006103516,27.114620208740234,144.5626678466797,19.690000534057617,85.89161682128906,122.14478302001953,3.7934916019439697,149.9064483642578,176.09461975097656,234.2100067138672,96.08960723876953,524.2347412109375,250.51480102539062,32.761070251464844,41.00645065307617,50.37874221801758,97.86698150634766
2023-11-24,188.37515258789062,619.4299926757812,147.9861602783203,122.30999755859375,251.3310546875,146.74000549316406,44.44647216796875,680.3905029296875,95.46527862548828,220.0,74.54155731201172,28.257659912109375,3071.296630859375,42.68238830566406,240.5225830078125,572.6788940429688,222.0442657470703,45.658050537109375,134.2437286376953,94.48487091064453,223.67108154296875,94.6283950805664,135.75369262695312,323.4588317871094,295.8221130371094,33.42089080810547,146.79879760742188,144.34034729003906,146.8503875732422,55.154029846191406,593.6513671875,70.30708312988281,407.78466796875,336.1576843261719,74.26826477050781,372.5812683105469,54.59719467163086,479.55999755859375,47.74785614013672,91.17206573486328,113.71451568603516,27.275592803955078,144.90728759765625,19.200000762939453,86.36767578125,122.38428497314453,3.840557098388672,150.91456604003906,179.98487854003906,235.4499969482422,95.29088592529297,527.4547119140625,251.0874786376953,32.81370544433594,41.140647888183594,50.83148956298828,98.3938980102539
2023-11-27,188.19667053222656,619.27001953125,148.4488067626953,122.6500015258789,250.20440673828125,147.72999572753906,44.32842254638672,677.6341552734375,92.673095703125,219.3000030517578,73.62984466552734,28.096080780029297,3086.290283203125,42.54084014892578,240.5517578125,576.107177734375,222.45001220703125,45.252079010009766,133.74342346191406,93.60945892333984,223.729736328125,94.6283950805664,135.47561645507812,322.0854797363281,296.0316162109375,33.412235260009766,147.16775512695312,143.1855926513672,146.51565551757812,55.05044174194336,584.199951171875,70.79214477539062,404.2950744628906,332.6492919921875,73.60726928710938,373.7461242675781,54.62565994262695,479.1700134277344,48.213584899902344,90.80046081542969,113.92972564697266,26.953651428222656,144.7732696533203,19.079999923706055,86.10218048095703,122.81537628173828,3.7934916019439697,151.6486358642578,178.3695068359375,236.0800018310547,94.68697357177734,524.07080078125,250.9294891357422,32.761070251464844,41.23649978637695,51.06275177001953,97.8199234008789
2023-11-28,188.80152893066406,623.3200073242188,145.7418670654297,122.01000213623047,251.38787841796875,147.02999877929688,44.22513198852539,665.4376220703125,92.29373168945312,222.3699951171875,72.87959289550781,28.067564010620117,3097.241943359375,42.333229064941406,240.65870666503906,575.235595703125,222.57867431640625,45.176551818847656,134.80886840820312,90.98324584960938,219.63223266601562,93.74497985839844,136.2602081298828,322.0281677246094,298.33575439453125,33.394927978515625,147.243408203125,143.51690673828125,146.8503875732422,55.1634521484375,584.26904296875,69.61039733886719,404.3345947265625,336.9130554199219,72.59687042236328,377.7835998535156,55.17589569091797,479.0,47.79283142089844,90.11300659179688,113.70475006103516,26.551225662231445,145.77838134765625,19.709999084472656,86.19373321533203,121.27300262451172,3.8687968254089355,152.979736328125,178.8952178955078,246.72000122070312,95.4369888305664,521.1207275390625,249.74464416503906,32.8663330078125,41.571990966796875,51.67184829711914,97.76347351074219
2023-11-29,187.78018188476562,617.3900146484375,147.02151489257812,123.8499984741211,252.41041564941406,146.32000732421875,44.357933044433594,676.876220703125,91.75537109375,224.42999267578125,70.91372680664062,28.808937072753906,3081.844482421875,43.173099517822266,242.55479431152344,569.2894897460938,227.9521484375,45.36537170410156,133.32652282714844,90.98324584960938,220.8155517578125,93.75286865234375,134.06532287597656,327.1822204589844,298.1152648925781,32.91031265258789,147.9623565673828,143.97119140625,147.596435546875,54.833858489990234,584.5258178710938,69.9631576538086,405.13531494140625,330.1646423339844,74.17384338378906,373.9830322265625,55.36563491821289,477.19000244140625,48.11164855957031,90.1222915649414,113.6753921508789,26.899995803833008,144.66796875,19.84000015258789,85.7359848022461,123.31687927246094,3.887622833251953,155.26023864746094,181.14144897460938,244.13999938964844,96.3136215209961,515.7699584960938,251.01837158203125,33.120697021484375,41.96499252319336,50.838008880615234,96.29560089111328
2023-11-30,188.35533142089844,611.010009765625,147.4349365234375,121.16000366210938,255.28863525390625,146.08999633789062,44.75635528564453,673.08642578125,90.28273010253906,231.6300048828125,71.11316680908203,29.21132469177246,3081.262939453125,43.50338363647461,243.78970336914062,574.0154418945312,249.27780151367188,45.67694091796875,133.03933715820312,91.17013549804688,222.66380310058594,96.07183837890625,131.62217712402344,328.4130554199219,300.4827575683594,33.2564697265625,149.99624633789062,146.384765625,149.2797393798828,55.46980285644531,583.716064453125,70.15226745605469,409.09942626953125,325.1455993652344,74.91981506347656,374.042236328125,55.5079345703125,473.9700012207031,46.742454528808594,90.94911193847656,113.6753921508789,27.248764038085938,146.95578002929688,20.049999237060547,85.4704818725586,124.41593933105469,3.8687968254089355,155.7398223876953,181.3995361328125,240.0800018310547,94.78436279296875,533.1139526367188,253.4374237060547,33.62066650390625,42.741416931152344,50.71098327636719,96.67198181152344
2023-12-01,189.6344757080078,612.469970703125,149.21661376953125,121.38999938964844,257.9490661621094,147.02999877929688,45.39088439941406,681.3945922851562,90.69916534423828,233.8699951171875,70.26792907714844,29.661611557006836,3114.641845703125,44.569732666015625,249.6627655029297,577.4144897460938,257.2934875488281,45.76190948486328,134.16033935546875,91.06192779541016,225.37265014648438,96.62398529052734,130.95677185058594,335.0382080078125,306.3584289550781,33.455501556396484,151.87875366210938,149.90573120117188,150.00662231445312,55.659645080566406,576.802734375,70.75587463378906,409.6234130859375,322.8298645019531,76.38346862792969,369.69879150390625,56.13407897949219,465.739990234375,46.737457275390625,91.16277313232422,114.60467529296875,25.85368537902832,146.13255310058594,20.270000457763672,86.10218048095703,125.01368713378906,3.897035598754883,156.68922424316406,184.22882080078125,238.8300018310547,95.9921875,529.3121948242188,253.2103271484375,33.83995056152344,43.15358352661133,50.27125549316406,96.9072265625
2023-12-04,187.83966064453125,604.5599975585938,145.94859313964844,118.56999969482422,258.0342712402344,144.83999633789062,45.18921661376953,679.5440063476562,90.11109161376953,234.8699951171875,69.3562240600586,29.527482986450195,3089.917724609375,44.70185089111328,247.7082977294922,580.1550903320312,248.0507354736328,45.36537170410156,134.21591186523438,90.50127410888672,223.16253662109375,95.85887908935547,128.384521484375,335.9613037109375,310.57586669921875,33.187232971191406,152.39906311035156,150.37896728515625,151.1065216064453,55.59320068359375,578.4224853515625,69.57805633544922,403.5634765625,318.0592346191406,76.68565368652344,364.3977966308594,55.659725189208984,453.8999938964844,45.48318862915039,91.96171569824219,113.25476837158203,26.1845703125,145.55821228027344,18.399999618530273,85.07683563232422,125.28362274169922,3.897035598754883,155.8866424560547,179.09593200683594,235.5800018310547,94.49217224121094,530.3956298828125,251.22569274902344,33.366302490234375,43.24943923950195,50.25823211669922,96.38029479980469
2023-12-05,191.79617309570312,602.219970703125,143.86178588867188,118.37999725341797,256.4531555175781,146.8800048828125,44.918678283691406,683.6882934570312,89.05293273925781,234.16000366210938,68.73892211914062,29.297550201416016,3103.255615234375,44.06958770751953,248.1361541748047,586.2269897460938,248.40696716308594,45.252079010009766,132.35374450683594,89.3012924194336,220.6199493408203,94.83348846435547,130.09275817871094,328.6149597167969,310.0774230957031,33.04877471923828,152.67340087890625,150.066650390625,151.08740234375,55.67863082885742,580.8618774414062,68.31202697753906,404.0181884765625,316.33984375,75.70358276367188,367.73431396484375,55.242305755615234,455.1499938964844,46.542659759521484,90.08514404296875,112.03203582763672,26.014657974243164,140.4848175048828,18.299999237060547,84.71977233886719,126.05489349365234,3.9346885681152344,155.9747314453125,179.68856811523438,238.72000122070312,94.18046569824219,532.3110961914062,251.39356994628906,33.699607849121094,42.645565032958984,50.724002838134766,94.5078353881836
2023-12-06,190.70541381835938,595.7000122070312,142.43447875976562,116.81999969482422,255.01406860351562,144.52000427246094,45.366294860839844,681.2765502929688,88.12838745117188,236.88999938964844,67.89369201660156,29.24964714050293,3105.21728515625,45.16425323486328,248.8945770263672,588.2413330078125,246.53665161132812,45.034934997558594,132.0480194091797,89.9996337890625,221.9108123779297,94.502197265625,129.12939453125,328.8265380859375,312.5791320800781,33.3343505859375,151.62335205078125,148.23988342285156,149.49972534179688,55.62167739868164,581.9482421875,68.08959197998047,405.6889343261719,315.5049743652344,74.98592376708984,364.0621032714844,57.11123275756836,446.7300109863281,45.48019027709961,90.15945434570312,109.58655548095703,25.74637222290039,140.3795166015625,17.1299991607666,83.40147399902344,125.29327392578125,3.944101572036743,154.7415008544922,181.50466918945312,239.3699951171875,95.31036376953125,531.6048583984375,251.07760620117188,33.76978302001953,42.6551399230957,50.17354202270508,93.25637817382812
2023-12-07,192.63905334472656,608.780029296875,146.06671142578125,128.3699951171875,256.8697204589844,146.8800048828125,45.48926544189453,688.7284545898438,89.9443130493164,237.3300018310547,68.69144439697266,29.37419319152832,3192.232421875,45.76820755004883,250.2947998046875,591.6500854492188,246.2595672607422,45.56364059448242,131.9460906982422,90.83570098876953,222.8984832763672,94.24191284179688,135.99203491210938,331.3746337890625,312.6366882324219,33.59395980834961,151.56658935546875,147.0851593017578,149.9587860107422,55.75456619262695,580.980224609375,69.37914276123047,408.42724609375,324.5889587402344,75.87355041503906,366.1845703125,56.7791862487793,452.0,46.57265090942383,89.11898040771484,110.40824127197266,25.603286743164062,140.23593139648438,17.219999313354492,83.41978454589844,128.16627502441406,3.906449317932129,155.9551544189453,181.83921813964844,242.63999938964844,96.71298217773438,530.385986328125,252.58828735351562,33.90135192871094,43.51782989501953,49.84333801269531,92.60712432861328
2023-12-08,194.0669708251953,610.010009765625,145.40719604492188,128.9199981689453,254.79629516601562,147.4199981689453,45.858184814453125,685.55859375,92.09378814697266,244.6999969482422,68.51099395751953,29.661611557006836,3228.440185546875,46.13623809814453,252.32699584960938,591.4855346679688,248.19915771484375,45.67694091796875,133.69712829589844,91.59554290771484,227.1818084716797,95.117431640625,134.06532287597656,337.345947265625,312.9241943359375,33.93145751953125,153.21263122558594,146.1575927734375,151.61343383789062,55.631168365478516,590.63916015625,68.90290832519531,407.4485778808594,330.71124267578125,77.69603729248047,369.4223937988281,56.63688659667969,453.760009765625,47.48219299316406,89.46270751953125,111.13211059570312,25.737428665161133,138.94366455078125,17.770000457763672,83.59371948242188,128.1951904296875,3.953514337539673,156.7577362060547,179.0099334716797,243.83999633789062,97.74547576904297,531.8370971679688,252.50929260253906,33.55049133300781,44.188812255859375,49.32026290893555,93.67039489746094
2023-12-11,191.55819702148438,625.2000122070312,152.71104431152344,134.41000366210938,257.65557861328125,145.88999938964844,46.84686279296875,699.153076171875,100.37765502929688,248.0800018310547,67.77973175048828,29.55622673034668,3299.130859375,45.437923431396484,253.707763671875,604.1522827148438,249.4757537841797,46.63050842285156,133.73416137695312,90.98371887207031,229.49951171875,94.87291717529297,132.376953125,338.240234375,317.5824890136719,33.749732971191406,154.67889404296875,146.76336669921875,152.16815185546875,56.039310455322266,576.802734375,72.07969665527344,410.9580078125,323.2870178222656,78.20594024658203,366.530029296875,56.64636993408203,459.8900146484375,46.603633880615234,90.37312316894531,112.61894989013672,25.61223030090332,139.5850372314453,17.770000457763672,85.13174438476562,131.21279907226562,3.9346885681152344,155.7496337890625,178.8187713623047,239.74000549316406,98.32989501953125,525.9456176757812,253.27940368652344,33.04175567626953,44.09295654296875,49.444496154785156,93.73625946044922
2023-12-12,193.07534790039062,633.6599731445312,154.75848388671875,137.61000061035156,259.4070739746094,147.47999572753906,46.9550666809082,709.3119506835938,104.5751724243164,248.6300048828125,67.79872131347656,29.45083999633789,3354.12744140625,45.352989196777344,254.20361328125,609.6140747070312,253.78045654296875,46.573856353759766,132.02023315429688,89.86863708496094,231.8171844482422,96.48201751708984,131.6122589111328,339.0575256347656,319.375,33.97472381591797,155.8140869140625,146.77284240722656,153.5262908935547,56.400001525878906,577.5138549804688,71.84881591796875,415.9403381347656,332.1722717285156,78.9424819946289,369.5704650878906,56.46612548828125,463.0,47.633121490478516,91.1999282836914,98.61126708984375,25.558570861816406,139.6999053955078,17.5,85.03104400634766,131.77195739746094,3.897035598754883,154.89808654785156,176.63943481445312,237.00999450683594,98.96302795410156,527.9190673828125,256.2810363769531,32.71721649169922,44.54347610473633,49.483726501464844,92.25897979736328
2023-12-13,196.29808044433594,624.260009765625,154.53207397460938,138.19000244140625,266.6309509277344,148.83999633789062,47.284629821777344,723.81201171875,106.2730941772461,250.91000366210938,67.86520385742188,30.696321487426758,3375.538818359375,46.56088638305664,260.5628967285156,621.7193603515625,254.64138793945312,46.91374588012695,133.97506713867188,91.60541534423828,231.56292724609375,95.58280944824219,131.66192626953125,348.78863525390625,329.1517639160156,34.16511535644531,154.78294372558594,147.4542999267578,154.0427703857422,56.88407897949219,590.095947265625,72.18386840820312,419.8254699707031,332.6890563964844,80.85938262939453,369.5605773925781,59.302703857421875,479.9800109863281,48.063907623291016,92.6305923461914,100.74372863769531,23.841550827026367,142.22698974609375,17.8700008392334,86.42259979248047,133.81582641601562,3.9346885681152344,156.3760223388672,177.28941345214844,239.2899932861328,99.46954345703125,531.101806640625,259.0654296875,32.44530487060547,45.779991149902344,50.363155364990234,93.07759857177734
2023-12-14,196.4468231201172,584.6400146484375,159.2076873779297,138.0,261.61309814453125,147.4199981689453,48.602874755859375,741.9445190429688,107.91154479980469,256.239990234375,68.86238861083984,32.51663589477539,3391.39013671875,47.41019821166992,277.2874450683594,610.8536987304688,254.5325469970703,46.677711486816406,138.90379333496094,92.70077514648438,232.45281982421875,95.71688842773438,131.03622436523438,368.7314453125,337.2127990722656,34.30357360839844,154.111328125,148.4765167236328,156.84512329101562,56.039310455322266,566.561279296875,75.3830795288086,413.775390625,331.1286926269531,85.9679946899414,361.2289733886719,59.5588493347168,469.8299865722656,48.32576370239258,91.85023498535156,98.12217712402344,23.367582321166992,138.47462463378906,18.209999084472656,86.66978454589844,136.41888427734375,3.962928056716919,152.69589233398438,175.32037353515625,251.0500030517578,101.2398910522461,516.8135986328125,255.46156311035156,33.217185974121094,48.415992736816406,49.74853515625,95.58049774169922
2023-12-15,195.91136169433594,584.6799926757812,159.41441345214844,139.14999389648438,260.7893981933594,149.97000122070312,48.83406066894531,741.2061767578125,110.17901611328125,264.2699890136719,70.76177978515625,32.19089126586914,3429.658447265625,47.02329635620117,277.8416748046875,638.0078735351562,258.8768310546875,47.08369445800781,138.36647033691406,92.22709655761719,232.16925048828125,97.19978332519531,131.6917266845703,365.8852233886719,339.31195068359375,33.61992263793945,153.46803283691406,146.8580322265625,158.0310821533203,55.62167739868164,564.9514770507812,76.00111389160156,413.7853088378906,332.8679504394531,86.47791290283203,365.96734619140625,58.34453201293945,472.05999755859375,48.86549377441406,90.48461151123047,101.0665283203125,23.814722061157227,137.80455017089844,18.200000762939453,86.47752380371094,137.99037170410156,3.8782098293304443,150.2392120361328,172.64401245117188,253.5,100.3493423461914,513.7954711914062,254.77035522460938,32.778621673583984,48.224281311035156,49.93488311767578,94.94066619873047
2023-12-18,194.24546813964844,599.1300048828125,157.8492889404297,138.89999389648438,260.8177795410156,154.07000732421875,48.58757400512695,730.476318359375,111.8623046875,260.4100036621094,70.12548065185547,32.02802658081055,3421.1904296875,46.86286163330078,277.8125305175781,659.7196655273438,260.8460998535156,47.433021545410156,138.6721954345703,91.63501739501953,231.89541625976562,97.52316284179688,134.86978149414062,361.9332275390625,336.25433349609375,33.79299545288086,153.9504852294922,147.12301635742188,158.9875030517578,56.020328521728516,572.5758056640625,75.64935302734375,419.5782775878906,342.508544921875,85.7035903930664,367.8626708984375,57.870174407958984,486.1199951171875,50.051902770996094,91.24639129638672,102.70989227294922,24.199264526367188,139.92005920410156,17.84000015258789,86.86202239990234,136.5634765625,3.8593831062316895,151.60946655273438,175.18655395507812,252.0800018310547,100.73100280761719,509.37445068359375,255.10606384277344,33.04175567626953,47.601226806640625,50.6639289855957,95.64636993408203
2023-12-19,195.28663635253906,604.6400146484375,159.78846740722656,140.14999389648438,263.6202087402344,153.7899932861328,48.58264923095703,733.0948486328125,111.64971160888672,263.510009765625,71.5975112915039,32.104671478271484,3465.31396484375,48.06133270263672,284.86212158203125,656.3302612304688,261.58831787109375,47.376373291015625,140.48805236816406,92.69090270996094,232.89288330078125,99.33734130859375,135.71395874023438,367.75067138671875,337.46209716796875,34.09587860107422,152.834228515625,148.08847045898438,161.11077880859375,55.839988708496094,572.6251831054688,76.73900604248047,420.6064147949219,348.21331787109375,86.7989730834961,368.4648132324219,58.41093826293945,495.0199890136719,49.57913589477539,91.31141662597656,103.93263244628906,25.18297576904297,139.92005920410156,17.950000762939453,87.21907806396484,138.0867462158203,3.897035598754883,151.78564453125,175.8269805908203,257.2200012207031,101.65091705322266,506.9461975097656,256.70562744140625,32.95404052734375,48.01339340209961,50.84701156616211,96.9072265625
2023-12-20,193.19435119628906,596.0599975585938,154.46315002441406,135.47000122070312,260.5337829589844,152.1199951171875,47.95656967163086,718.2205810546875,108.78886413574219,260.25,70.59654235839844,31.596899032592773,3419.888916015625,47.2497673034668,281.7019958496094,640.1190185546875,257.5408935546875,47.01759719848633,139.2002716064453,90.06598663330078,228.78561401367188,97.3102035522461,137.3923797607422,363.0101318359375,334.1935119628906,33.827613830566406,151.40576171875,145.06912231445312,159.2935791015625,54.68198776245117,563.1441040039062,74.17649841308594,414.6552429199219,347.13995361328125,86.06240844726562,365.8587341308594,56.76969909667969,489.2699890136719,48.08687973022461,90.2430648803711,101.87842559814453,24.70900535583496,137.75669860839844,17.25,85.38131713867188,135.39695739746094,3.8123180866241455,147.92933654785156,171.99403381347656,247.13999938964844,97.90274810791016,499.1008605957031,253.86196899414062,32.71721649169922,47.29449462890625,50.25200271606445,95.28880310058594
2023-12-21,193.04562377929688,600.1400146484375,158.86317443847656,139.91000366210938,264.462890625,153.83999633789062,48.454471588134766,743.4801025390625,110.44559478759766,262.0199890136719,73.39730834960938,31.80767059326172,3469.513671875,47.749916076660156,282.052001953125,644.1476440429688,264.4679870605469,46.92319107055664,139.62644958496094,90.80609893798828,232.05186462402344,100.14976501464844,139.4581298828125,365.94293212890625,334.49066162109375,34.372802734375,152.0963592529297,146.5551300048828,160.20217895507812,55.04267883300781,564.9119873046875,76.33715057373047,418.599609375,351.9205017089844,87.46941375732422,368.7412414550781,56.54201126098633,491.6099853515625,48.965450286865234,91.1349105834961,103.5511245727539,25.31711769104004,138.0917205810547,17.59000015258789,86.1609878540039,137.32513427734375,3.8782098293304443,148.94725036621094,172.8734130859375,254.5,100.35911560058594,502.9219970703125,256.26129150390625,32.83124923706055,47.399925231933594,50.60834884643555,95.72164916992188
2023-12-22,191.9746856689453,598.75,159.51284790039062,139.60000610351562,269.0357971191406,153.4199981689453,48.80942153930664,740.7828979492188,109.92536163330078,260.44000244140625,72.45409393310547,32.02802658081055,3485.433837890625,47.99527359008789,282.333984375,650.3841552734375,263.5675048828125,47.2913932800293,139.94143676757812,89.81928253173828,233.37208557128906,99.92891693115234,140.5208282470703,366.01983642578125,334.1264343261719,34.84876251220703,153.3828887939453,147.14195251464844,160.1065216064453,55.35590362548828,563.3218994140625,76.63880157470703,419.2521057128906,351.2248229980469,87.26168060302734,369.7678527832031,56.6843147277832,486.760009765625,48.8055305480957,91.73875427246094,103.88371276855469,25.397600173950195,139.06809997558594,17.40999984741211,86.2630844116211,138.33741760253906,3.9158618450164795,149.45620727539062,170.6463165283203,252.5399932861328,100.94629669189453,503.33795166015625,255.165283203125,32.883872985839844,47.14112091064453,51.21316909790039,95.8910140991211
2023-12-26,191.42930603027344,598.260009765625,161.70791625976562,143.41000366210938,268.78961181640625,153.41000366210938,49.046043395996094,750.7744140625,110.89627838134766,262.7900085449219,73.00270080566406,32.43999099731445,3515.94384765625,48.448238372802734,287.4583435058594,653.3087158203125,263.4487609863281,47.47077941894531,141.20143127441406,89.75021362304688,234.90744018554688,100.54414367675781,140.5506134033203,366.94293212890625,334.8165283203125,35.091068267822266,154.39511108398438,147.78558349609375,161.05340576171875,55.58371353149414,563.5984497070312,78.18338775634766,418.8269958496094,352.6559753417969,87.66770935058594,369.8468322753906,57.1207160949707,491.19000244140625,49.25429916381836,91.5529556274414,103.87393951416016,25.406543731689453,139.6999053955078,17.68000030517578,86.55081176757812,140.2366943359375,3.9346885681152344,149.92599487304688,171.9080352783203,256.6099853515625,102.2185287475586,503.0671691894531,255.88607788085938,32.875099182128906,47.582054138183594,51.13470458984375,96.107421875
2023-12-27,191.5284423828125,596.0800170898438,161.6390380859375,146.07000732421875,271.2796630859375,153.33999633789062,49.03618621826172,752.1033935546875,110.33586883544922,262.1000061035156,73.25293731689453,32.42082977294922,3484.388671875,48.56147384643555,289.8794860839844,660.4200439453125,263.94354248046875,47.62184143066406,140.7382049560547,89.18772888183594,235.50393676757812,101.1834487915039,139.40847778320312,369.7026672363281,334.06890869140625,35.24683380126953,154.63160705566406,147.98434448242188,162.01939392089844,55.72608184814453,574.3040771484375,78.10673522949219,419.509033203125,355.6376037597656,88.44202423095703,369.2644958496094,57.47172927856445,491.7900085449219,49.392234802246094,92.6305923461914,103.62938690185547,25.585399627685547,139.81475830078125,17.469999313354492,87.042724609375,140.48733520507812,3.944101572036743,152.58822631835938,172.73960876464844,261.44000244140625,102.41426086425781,505.7370910644531,255.65899658203125,32.72598648071289,47.284908294677734,51.61528778076172,95.65576934814453
2023-12-28,191.95484924316406,595.52001953125,160.56607055664062,148.75999450683594,273.1069030761719,153.3800048828125,49.02138900756836,746.0198364257812,109.96748352050781,260.3500061035156,74.34052276611328,32.45915603637695,3499.993896484375,48.61809539794922,288.67376708984375,656.7554931640625,262.8153991699219,47.659603118896484,138.75558471679688,89.20746612548828,235.43551635742188,101.27816772460938,139.2694549560547,371.5584411621094,332.9474182128906,35.06510543823242,154.9059295654297,148.20205688476562,162.88018798828125,55.76405334472656,573.6522216796875,77.58992004394531,421.4466857910156,356.1246337890625,88.42315673828125,370.4588928222656,57.88915252685547,490.510009765625,49.4971809387207,92.87213134765625,103.93263244628906,25.74637222290039,139.49887084960938,17.559999465942383,87.32118225097656,140.62232971191406,3.897035598754883,151.05157470703125,173.1123809814453,253.17999267578125,102.46317291259766,507.7783508300781,257.1104431152344,32.883872985839844,47.428688049316406,51.51394271850586,94.27259826660156
2023-12-29,190.9136505126953,596.5999755859375,159.5325469970703,147.41000366210938,272.6903381347656,151.94000244140625,48.868568420410156,745.1043701171875,109.36396026611328,260.6600036621094,74.60038757324219,32.25795364379883,3496.7900390625,48.5426025390625,287.4972229003906,653.7644653320312,260.4007873535156,47.69737243652344,138.1904296875,89.09892272949219,235.50393676757812,100.73358154296875,138.733154296875,370.9430236816406,332.1710510253906,35.08241271972656,154.7167510986328,148.3534698486328,162.68890380859375,55.93490219116211,575.6966552734375,76.9600830078125,421.6345520019531,351.79132080078125,88.05487060546875,371.20916748046875,57.62351608276367,486.8800048828125,49.4971809387207,93.80113220214844,103.13050842285156,25.74637222290039,140.2742156982422,17.170000076293945,87.32118225097656,139.43649291992188,3.897035598754883,151.30606079101562,175.2821502685547,248.47999572753906,101.77813720703125,509.29705810546875,257.0610656738281,33.06807327270508,47.179466247558594,51.540096282958984,94.07500457763672
2024-01-02,184.08148193359375,580.0700073242188,151.9530792236328,138.5800018310547,281.5616760253906,149.92999267578125,47.73472595214844,705.7288208007812,106.3395004272461,251.75999450683594,71.95362091064453,32.47832107543945,3431.077880859375,50.052486419677734,284.6190490722656,644.4246826171875,253.4637908935547,47.687931060791016,138.4868927001953,89.51338195800781,233.62635803222656,99.40760803222656,137.22352600097656,373.3758239746094,330.7620544433594,34.71895217895508,152.7774658203125,151.41067504882812,164.58262634277344,56.7796630859375,584.8616333007812,73.6233139038086,417.0673828125,344.1683044433594,88.66867065429688,366.1055603027344,58.41093826293945,468.5,48.143856048583984,93.8290023803711,101.79039001464844,26.586994171142578,142.3801727294922,16.579999923706055,88.6948471069336,135.1944580078125,3.9252753257751465,147.0191192626953,173.36090087890625,248.4199981689453,99.36090087890625,521.7472534179688,255.59971618652344,34.103092193603516,47.284908294677734,52.076255798339844,96.3144302368164
2024-01-03,182.70318603515625,571.7899780273438,149.0787811279297,135.32000732421875,284.6860046386719,148.47000122070312,46.87202453613281,692.3901977539062,103.71378326416016,243.91000366210938,73.71492004394531,32.12383270263672,3360.8017578125,50.61868667602539,276.44146728515625,638.5216674804688,249.21841430664062,48.05900573730469,141.12730407714844,90.44097900390625,227.9543914794922,97.9158935546875,137.96841430664062,367.11602783203125,324.2249755859375,34.615108489990234,151.45306396484375,152.3571319580078,163.8653106689453,56.91255569458008,610.045654296875,72.40788269042969,413.98297119140625,342.3594665527344,86.7895278930664,365.8389892578125,58.809391021728516,470.260009765625,47.54515838623047,97.3777847290039,100.22528839111328,26.586994171142578,141.51864624023438,16.09000015258789,88.56490325927734,132.65892028808594,3.8782098293304443,146.60801696777344,173.53294372558594,238.4499969482422,98.02996826171875,524.3494873046875,254.72097778320312,34.34869384765625,46.66184997558594,52.07952117919922,97.1236343383789
2024-01-04,180.38282775878906,567.0499877929688,146.97230529785156,136.00999450683594,287.03399658203125,144.57000732421875,46.650184631347656,689.3583374023438,102.77616119384766,244.94000244140625,71.85737609863281,32.38250732421875,3371.319580078125,50.741363525390625,278.1917724609375,642.1465454101562,248.62469482421875,47.64987564086914,139.5801239013672,89.3653564453125,229.30389404296875,98.38945770263672,135.45574951171875,368.2314758300781,324.5413513183594,34.88337707519531,152.17202758789062,152.0353546142578,164.95274353027344,56.72271728515625,606.8853149414062,71.83309173583984,414.9715270996094,344.9931945800781,87.01615142822266,363.21319580078125,58.62913513183594,474.6700134277344,47.97394943237305,98.07453918457031,100.35245513916016,26.014657974243164,142.29400634765625,16.25,88.78766632080078,131.28028869628906,3.944101572036743,145.36500549316406,174.8902587890625,237.92999267578125,97.01219177246094,527.62890625,256.3304138183594,34.53288650512695,47.236976623535156,51.57605743408203,96.27679443359375
2024-01-05,179.65892028808594,564.5999755859375,146.6671600341797,138.5800018310547,286.873046875,145.24000549316406,46.566383361816406,692.3607177734375,102.80261993408203,249.0,70.2693099975586,32.98609161376953,3359.687255859375,51.26982498168945,280.9435119628906,649.7333374023438,248.50592041015625,47.659385681152344,139.33924865722656,89.70087432861328,229.67552185058594,99.67596435546875,134.80026245117188,371.5873107910156,328.7108154296875,35.255489349365234,150.5638427734375,152.5085906982422,165.78033447265625,56.63729476928711,610.8851318359375,71.96278381347656,414.6256103515625,349.79364013671875,88.04541015625,363.025634765625,58.89476776123047,474.05999755859375,49.07239532470703,98.76199340820312,100.4894027709961,26.354482650756836,141.11660766601562,15.979999542236328,88.45353698730469,131.82017517089844,3.9911673069000244,146.66676330566406,178.80921936035156,237.49000549316406,97.48193359375,519.8511352539062,256.40936279296875,35.26091766357422,47.850440979003906,51.232784271240234,96.56848907470703
2024-01-08,184.00216674804688,580.5499877929688,149.18707275390625,146.17999267578125,294.33367919921875,149.10000610351562,47.611488342285156,709.5875244140625,105.30781555175781,229.0,70.1441879272461,32.727413177490234,3413.609619140625,50.96784210205078,284.1717529296875,655.3590087890625,258.1544494628906,48.011436462402344,138.5054473876953,90.34230041503906,233.70460510253906,101.2466049194336,137.8889617919922,373.9142761230469,333.4937744140625,35.852596282958984,152.4368896484375,152.88717651367188,165.53976440429688,57.054927825927734,618.2724609375,74.39561462402344,417.8138122558594,356.4625244140625,88.30038452148438,369.87646484375,59.69166564941406,485.0299987792969,52.226810455322266,99.47732543945312,102.37730407714844,26.45285415649414,142.33230590820312,16.670000076293945,89.37240600585938,134.03759765625,4.038232803344727,149.31918334960938,179.59298706054688,240.4499969482422,100.05574035644531,519.019287109375,259.223388671875,35.17319869995117,47.850440979003906,51.73625183105469,94.95947265625
2024-01-09,183.58570861816406,586.2000122070312,148.66539001464844,149.25999450683594,290.9063415527344,151.3699951171875,47.251617431640625,704.7739868164062,106.05635070800781,225.75999450683594,69.31646728515625,32.21963882446289,3439.62451171875,50.46770095825195,284.21063232421875,660.7964477539062,258.61956787109375,47.48812484741211,134.98487854003906,88.48709869384766,234.19354248046875,101.6412353515625,139.98451232910156,368.9910583496094,331.8260192871094,35.11703109741211,151.4341583251953,152.98182678222656,164.2310028076172,56.95051956176758,617.729248046875,73.89057159423828,418.4277038574219,355.24005126953125,86.93116760253906,370.96234130859375,58.8283576965332,482.0899963378906,53.113372802734375,98.83631896972656,101.3697738647461,26.291881561279297,142.91622924804688,16.389999389648438,88.72269439697266,134.86666870117188,3.9346885681152344,148.9178924560547,177.77688598632812,234.9600067138672,99.71322631835938,520.8088989257812,260.0033874511719,34.82088851928711,47.246559143066406,52.082794189453125,93.78330993652344
2024-01-10,184.6269073486328,591.030029296875,147.4644775390625,148.5399932861328,288.3594665527344,153.72999572753906,47.42908477783203,706.585205078125,105.86823272705078,227.83999633789062,68.72937774658203,32.19089126586914,3471.090576171875,50.03361511230469,285.2413635253906,666.3230590820312,261.3804626464844,47.80210876464844,133.87315368652344,88.11211395263672,235.57241821289062,102.36734771728516,141.30538940429688,367.2794494628906,341.9957275390625,35.168949127197266,152.52206420898438,153.208984375,164.5774383544922,57.14035415649414,622.3809204101562,73.66163635253906,424.04168701171875,368.2001647949219,86.38348388671875,377.8526611328125,59.084510803222656,478.3299865722656,54.3227653503418,99.811767578125,102.04733276367188,25.925230026245117,143.5288543701172,16.790000915527344,87.68316650390625,134.30752563476562,3.9252753257751465,152.52951049804688,184.20968627929688,233.94000244140625,98.6465072631836,520.1026611328125,261.2178955078125,34.8565673828125,47.04527282714844,52.7301139831543,92.8611831665039
2024-01-11,184.0319061279297,597.489990234375,149.5709686279297,148.02000427246094,286.9677429199219,155.17999267578125,47.53261184692383,707.3136596679688,107.76991271972656,222.66000366210938,69.66295623779297,31.759775161743164,3501.7783203125,49.14655303955078,283.98699951171875,667.13525390625,268.5550231933594,47.99240493774414,134.5957794189453,88.2699966430664,238.0465545654297,102.46995544433594,141.10679626464844,365.1544189453125,341.7369689941406,34.113189697265625,153.40182495117188,152.52748107910156,163.8845672607422,56.770179748535156,627.8423461914062,74.69429016113281,422.5069885253906,367.40509033203125,85.46752166748047,379.68878173828125,57.60455322265625,492.2300109863281,54.79452133178711,99.96041107177734,102.88201141357422,25.397600173950195,144.074462890625,16.68000030517578,88.3143081665039,134.03759765625,3.8782098293304443,153.18527221679688,186.34121704101562,227.22000122070312,99.05753326416016,522.076171875,260.69451904296875,33.8040885925293,47.006927490234375,52.671260833740234,92.84236907958984
2024-01-12,184.35914611816406,596.5399780273438,148.88192749023438,146.55999755859375,290.19622802734375,154.6199951171875,47.57204818725586,702.0865478515625,108.52433013916016,217.6999969482422,69.14322662353516,31.42444610595703,3452.607421875,49.65614318847656,282.3825988769531,676.702880859375,269.09930419921875,47.89725112915039,136.43943786621094,89.15812683105469,236.7655029296875,102.4383773803711,141.67286682128906,363.2313232421875,340.95098876953125,34.078575134277344,156.84523010253906,153.701171875,162.68165588378906,57.32069778442383,634.9531860351562,74.6422348022461,424.8634948730469,372.19549560546875,84.70265197753906,383.4794616699219,57.90813064575195,492.1600036621094,54.682579040527344,99.82105255126953,104.67903900146484,25.665884017944336,144.16064453125,16.760000228881836,88.4256820678711,135.16555786132812,3.8782098293304443,155.17214965820312,187.0389862060547,218.88999938964844,99.07710266113281,504.49884033203125,260.83282470703125,34.39276123046875,45.434913635253906,52.739925384521484,94.04676818847656
2024-01-16,182.08840942382812,597.6799926757812,151.35263061523438,158.74000549316406,287.3275146484375,153.16000366210938,47.39457702636719,695.4714965820312,109.23758697509766,200.52000427246094,66.85256958007812,30.772966384887695,3453.888916015625,48.94837951660156,279.29052734375,674.969482421875,266.3878173828125,48.13512420654297,133.12269592285156,91.822509765625,236.40365600585938,101.00192260742188,141.51397705078125,365.8275146484375,343.5581359863281,32.84108352661133,157.94256591796875,151.9312286376953,161.66159057617188,56.94103240966797,626.70654296875,74.78665924072266,424.12091064453125,365.20855712890625,81.18045806884766,385.25634765625,57.25353240966797,481.239990234375,56.35374450683594,100.04402160644531,104.64957427978516,25.32605743408203,143.38526916503906,16.530000686645508,87.72029113769531,136.05252075195312,3.7370126247406006,153.4886932373047,186.96253967285156,219.91000366210938,99.49791717529297,502.21588134765625,261.8892822265625,35.04387283325195,44.878963470458984,52.906654357910156,91.92024993896484
2024-01-17,181.14634704589844,596.0999755859375,150.96875,160.1699981689453,287.8955383300781,151.7100067138672,46.99526596069336,701.1514892578125,108.13143920898438,203.05999755859375,66.34246826171875,30.46638298034668,3440.284912109375,48.46711349487305,270.9281921386719,677.6437377929688,268.6144104003906,47.85919189453125,132.59461975097656,89.14825439453125,232.0225372314453,100.1416244506836,140.50096130371094,362.6831970214844,340.9414367675781,32.52089309692383,157.110107421875,151.84603881835938,160.79550170898438,56.94103240966797,621.11669921875,73.97704315185547,423.2001037597656,366.1130065917969,79.7073745727539,384.46661376953125,55.2802619934082,480.3299865722656,56.02490997314453,100.57354736328125,104.5121078491211,25.17403221130371,143.5288543701172,16.389999389648438,86.9777603149414,134.31715393066406,3.6993601322174072,154.42828369140625,185.56700134277344,215.5500030517578,100.75057220458984,507.8169250488281,263.2617492675781,34.66926193237305,44.73517608642578,52.65818786621094,91.252197265625
2024-01-18,187.04641723632812,593.7000122070312,157.8296356201172,162.6699981689453,288.2837219238281,153.5,47.67063903808594,732.90771484375,112.07393646240234,211.61000061035156,65.4955062866211,30.39931869506836,3478.6416015625,48.23118591308594,274.10784912109375,680.7337646484375,271.60296630859375,48.28736114501953,131.39024353027344,90.99359130859375,234.81939697265625,101.45970153808594,142.49717712402344,362.4236145019531,343.0501403808594,32.789154052734375,157.8290557861328,152.58432006835938,161.11305236816406,57.102386474609375,615.6256103515625,77.1949234008789,426.4675598144531,373.8254699707031,79.22576904296875,388.8100891113281,54.69206619262695,485.30999755859375,57.07837677001953,100.35987854003906,106.74119567871094,25.12037467956543,142.70138549804688,16.399999618530273,86.49510955810547,140.07278442382812,3.774665594100952,157.02200317382812,191.24468994140625,211.8800048828125,110.61522674560547,499.49749755859375,264.75262451171875,34.73169708251953,44.514713287353516,53.367618560791016,91.08282470703125
2024-01-19,189.95179748535156,611.5499877929688,165.31063842773438,174.22999572753906,291.42706298828125,155.33999633789062,48.1192512512207,746.0001831054688,118.66664123535156,215.02000427246094,66.81407165527344,30.868772506713867,3565.094970703125,48.61809539794922,278.6795349121094,688.3206176757812,277.9561767578125,48.78213119506836,131.7793426513672,91.83238220214844,239.2005157470703,102.45416259765625,145.3773193359375,367.51031494140625,347.37298583984375,32.87569808959961,162.2184600830078,153.02914428710938,163.89418029785156,56.789161682128906,620.7908935546875,81.19100952148438,432.4676513671875,381.1006774902344,80.5855484008789,393.5484313964844,54.32207489013672,482.95001220703125,59.461181640625,100.54568481445312,107.69371795654297,25.2902889251709,142.15231323242188,16.780000686645508,85.6876220703125,146.50326538085938,3.784078598022461,159.97784423828125,191.8086395263672,212.19000244140625,111.76022338867188,487.1343994140625,267.477783203125,35.079551696777344,46.12506866455078,53.086463928222656,91.22395324707031
2024-01-22,192.26223754882812,603.5900268554688,165.66500854492188,168.17999267578125,293.6519775390625,154.77999877929688,48.296722412109375,754.7119750976562,119.57779693603516,214.92999267578125,66.05372619628906,31.1849308013916,3456.17578125,49.86374282836914,281.9911193847656,685.8840942382812,277.3821716308594,49.06757354736328,132.01095581054688,93.82573699951172,238.51597595214844,103.57491302490234,144.99000549316406,371.1257629394531,341.8903503417969,33.16992950439453,163.49554443359375,153.77688598632812,163.7017364501953,56.54237747192383,623.0623168945312,81.90040588378906,435.4083251953125,379.44085693359375,80.95381927490234,391.41619873046875,53.93311309814453,485.7099914550781,59.62410354614258,100.76863098144531,108.11597442626953,25.31711769104004,142.43165588378906,17.600000381469727,85.78972625732422,147.38059997558594,3.784078598022461,159.74295043945312,192.5255126953125,208.8000030517578,110.61522674560547,496.25677490234375,267.7739562988281,35.30253601074219,46.518070220947266,53.0897331237793,91.10162353515625
2024-01-23,193.54141235351562,597.1799926757812,164.4345703125,168.4199981689453,293.415283203125,156.02000427246094,48.28193283081055,766.2392578125,120.14701843261719,211.5,71.24139404296875,31.39570426940918,3440.99462890625,50.29783630371094,282.14739990234375,681.01123046875,273.8889465332031,49.248348236083984,131.640380859375,92.53300476074219,237.8803253173828,102.56465911865234,146.03280639648438,366.13519287109375,336.2255859375,33.2564697265625,164.54559326171875,151.25921630859375,162.62391662597656,56.80813980102539,621.877197265625,81.59090423583984,434.42816162109375,382.83990478515625,81.90755462646484,393.77545166015625,54.435916900634766,492.19000244140625,59.842994689941406,100.08118438720703,109.8147964477539,25.42443084716797,148.3269805908203,17.329999923706055,85.20498657226562,147.98797607421875,3.7370126247406006,159.9093475341797,192.5063934326172,209.13999938964844,111.69172668457031,498.7042541503906,267.833251953125,37.666141510009766,47.08361053466797,53.22377014160156,92.12726593017578
2024-01-24,192.8671417236328,606.47998046875,171.41355895996094,178.2899932861328,289.2399597167969,156.8699951171875,49.622825622558594,834.0833129882812,122.84721374511719,214.1300048828125,72.3770980834961,31.596899032592773,3447.037841796875,50.26008605957031,283.95458984375,679.9414672851562,273.9978332519531,48.8201904296875,134.26226806640625,92.2665786743164,236.2374267578125,102.54888153076172,147.68142700195312,364.8178405761719,332.8611755371094,33.53338623046875,164.53611755371094,150.45469665527344,164.0770263671875,55.91592025756836,625.847412109375,83.33692932128906,434.3687438964844,388.30621337890625,82.69132232666016,397.3884582519531,54.084903717041016,544.8699951171875,61.331241607666016,99.91395568847656,112.2500991821289,25.33500099182129,146.53524780273438,16.75,84.35106658935547,148.8267364501953,3.765252113342285,170.90077209472656,191.85643005371094,207.8300018310547,114.0306625366211,496.48895263671875,268.21832275390625,36.818809509277344,47.438270568847656,52.47183609008789,93.71744537353516
2024-01-25,192.5398712158203,622.5800170898438,169.92721557617188,180.3300018310547,293.7466735839844,157.75,49.6967658996582,855.5135498046875,120.50856018066406,201.8800048828125,71.07777404785156,31.989707946777344,3453.445068359375,50.703617095947266,293.8111267089844,673.394775390625,276.12542724609375,49.790687561035156,137.64382934570312,93.60863494873047,240.3936004638672,102.54888153076172,150.82969665527344,367.9910583496094,336.4076843261719,33.749732971191406,180.14495849609375,151.0225830078125,166.4251251220703,56.1532096862793,619.8427124023438,85.05050659179688,432.4874572753906,390.7709655761719,83.11624908447266,399.66876220703125,55.005130767822266,562.0,61.58612060546875,99.39371490478516,112.92767333984375,24.935598373413086,149.9067840576172,16.459999084472656,84.65736389160156,148.9231414794922,3.6899471282958984,169.75563049316406,190.74765014648438,182.6300048828125,114.06980895996094,477.3058166503906,269.16619873046875,37.719661712646484,47.812110900878906,53.236846923828125,96.0980224609375
2024-01-26,190.8045654296875,613.9299926757812,164.28689575195312,177.25,295.1762390136719,159.1199951171875,49.64747619628906,854.2042236328125,118.04743957519531,205.47000122070312,71.23177337646484,32.02802658081055,3469.56298828125,50.64699172973633,292.50213623046875,680.3080444335938,277.0259094238281,49.60990524291992,138.17190551757812,94.10203552246094,240.46205139160156,103.54334259033203,151.1475067138672,363.269775390625,340.55804443359375,34.31222915649414,177.2975311279297,150.96580505371094,165.7899627685547,56.352535247802734,631.32861328125,82.4408187866211,434.2004089355469,391.72515869140625,82.84239959716797,398.7408447265625,55.47948455810547,570.4199829101562,61.00041198730469,99.55165100097656,112.57415771484375,24.935598373413086,150.40769958496094,16.350000381469727,84.32322692871094,145.30780029296875,3.708773374557495,169.9905242919922,189.3138885498047,183.25,114.75485229492188,486.7861328125,264.55517578125,37.81776809692383,48.233863830566406,53.704349517822266,96.9166259765625
2024-01-29,190.120361328125,630.22998046875,165.8421630859375,177.8300018310547,296.7668762207031,161.25999450683594,50.01226806640625,868.8422241210938,119.3103256225586,205.19000244140625,70.81791687011719,32.200477600097656,3503.355224609375,51.062217712402344,296.2337951660156,687.3697509765625,284.8634338378906,49.752628326416016,138.1163330078125,96.20394134521484,243.2295684814453,103.47230529785156,152.45846557617188,365.93328857421875,340.9414367675781,34.33818817138672,177.03265380859375,150.83326721191406,166.22303771972656,56.69424819946289,637.00732421875,83.10502624511719,436.23016357421875,398.5629577636719,82.73854064941406,404.45648193359375,56.513553619384766,575.7899780273438,62.433692932128906,100.28555297851562,111.70020294189453,24.944673538208008,150.42694091796875,17.09000015258789,85.1121597290039,144.26657104492188,3.6334681510925293,172.59400939941406,192.75491333007812,190.92999267578125,114.48084259033203,488.0823974609375,270.2029113769531,37.505592346191406,48.26261901855469,53.95608901977539,97.03894805908203
2024-01-30,186.46133422851562,627.9600219726562,163.6372528076172,172.05999755859375,297.8746032714844,159.0,50.667938232421875,854.47998046875,118.3687973022461,200.44000244140625,69.60520935058594,33.33099365234375,3504.607421875,53.87436294555664,297.7088623046875,694.0352783203125,284.73480224609375,49.7050666809082,139.079833984375,95.66120147705078,244.745361328125,105.70592498779297,150.4225311279297,372.00079345703125,342.2833251953125,34.493961334228516,177.7232208251953,150.2748565673828,169.62965393066406,56.85560607910156,636.9876708984375,82.12149047851562,440.7946472167969,397.6088562011719,83.54903411865234,403.3409729003906,56.238433837890625,562.8499755859375,62.7425422668457,100.0997543334961,112.1028060913086,24.527114868164062,151.70811462402344,16.739999771118164,85.1678466796875,140.73800659179688,3.727599859237671,171.99697875976562,192.93653869628906,191.58999633789062,113.58049011230469,487.1827087402344,273.6487731933594,37.88020324707031,49.06779098510742,54.13589859008789,98.65736389160156
2024-01-31,182.85189819335938,617.780029296875,161.72763061523438,167.69000244140625,297.53375244140625,155.1999969482422,49.83972930908203,856.2420043945312,115.60982513427734,211.0399932861328,69.4608383178711,32.583702087402344,3457.605224609375,53.00618362426758,293.3617858886719,688.2313842773438,278.1639709472656,47.745025634765625,136.587646484375,94.7829360961914,240.64784240722656,104.51412963867188,139.1403350830078,369.2507019042969,338.3150939941406,34.03530502319336,173.74061584472656,150.39788818359375,167.7916259765625,56.46644592285156,637.60986328125,81.07801055908203,444.79473876953125,387.7496032714844,83.18669128417969,392.4723815917969,55.62177658081055,564.1099853515625,61.49616241455078,96.1236343383789,109.6871337890625,24.581581115722656,151.37095642089844,16.09000015258789,84.32322692871094,143.17715454101562,3.765252113342285,169.42286682128906,190.8814697265625,187.2899932861328,110.54671478271484,495.04754638671875,269.8079833984375,37.773170471191406,48.09966278076172,54.02474594116211,96.73784637451172
2024-02-01,185.29124450683594,627.9099731445312,164.35581970214844,170.47999572753906,307.2854919433594,159.27999877929688,50.49045944213867,876.6384887695312,117.57030487060547,209.80999755859375,69.73995971679688,32.14299011230469,3507.860595703125,52.902381896972656,300.5710754394531,698.7653198242188,280.8457336425781,47.745025634765625,137.0138397216797,95.77960968017578,258.7297058105469,106.87403869628906,140.19309997558594,369.0968322753906,345.130126953125,34.18241882324219,176.8056182861328,149.8867950439453,167.1853485107422,57.88071060180664,652.24609375,81.76972961425781,456.3693542480469,392.3612060546875,82.78620147705078,398.5927429199219,56.6843147277832,567.510009765625,62.99541473388672,97.85157775878906,113.4481201171875,24.772205352783203,153.33607482910156,16.329999923706055,86.58792877197266,136.04287719726562,3.821730852127075,173.45533752441406,193.251953125,188.86000061035156,110.967529296875,490.59759521484375,273.550048828125,37.89804458618164,47.03786087036133,55.025142669677734,96.34265899658203
2024-02-02,184.28973388671875,634.760009765625,165.54685974121094,177.66000366210938,305.98846435546875,171.80999755859375,51.003150939941406,876.7566528320312,119.95401763916016,209.3800048828125,69.1528549194336,32.066349029541016,3510.75830078125,52.91190719604492,307.7998352050781,703.7246704101562,282.6864318847656,47.745025634765625,141.04391479492188,95.84867858886719,264.13763427734375,107.76590728759766,141.4047088623047,372.95269775390625,342.4079284667969,34.0526123046875,175.75555419921875,148.2304229736328,168.14767456054688,57.46307373046875,659.3766479492188,82.40741729736328,456.0326843261719,472.0797424316406,83.21528625488281,405.9371643066406,55.166412353515625,564.6400146484375,66.12684631347656,96.35588073730469,113.70343017578125,24.445419311523438,152.28610229492188,17.020000457763672,86.3094711303711,136.60205078125,3.9346885681152344,173.29873657226562,193.59605407714844,187.91000366210938,113.27711486816406,493.5868225097656,273.6784362792969,37.57695007324219,47.45293426513672,55.437068939208984,95.94746398925781
2024-02-05,186.10435485839844,630.5,168.41131591796875,174.22999572753906,304.8334045410156,170.30999755859375,50.77145767211914,886.0615234375,121.7920150756836,206.6300048828125,71.8284912109375,31.606483459472656,3573.464599609375,51.92111587524414,313.9638671875,705.3910522460938,285.1108703613281,47.1075325012207,141.12730407714844,95.3750228881836,263.4726867675781,108.68933868408203,142.69581604003906,368.29876708984375,340.4046325683594,34.04396057128906,173.51356506347656,147.46376037597656,167.92633056640625,56.988487243652344,697.448974609375,83.64741516113281,452.25042724609375,456.59521484375,81.8994140625,400.438720703125,53.0982666015625,562.0599975585938,69.29725646972656,96.1236343383789,114.29261779785156,24.11863136291504,152.40170288085938,16.719999313354492,85.04718780517578,138.85801696777344,3.708773374557495,173.27915954589844,194.06442260742188,181.05999755859375,116.25216674804688,486.553955078125,272.0986633300781,36.90800094604492,47.008907318115234,55.139564514160156,95.55227661132812
2024-02-06,187.7107696533203,607.1400146484375,166.05873107910156,167.8800048828125,299.2474365234375,169.14999389648438,50.662994384765625,892.3234252929688,119.7884521484375,208.5800018310547,75.2933578491211,31.654382705688477,3593.120849609375,51.77821731567383,315.2533264160156,705.0241088867188,282.8546447753906,47.554718017578125,141.14584350585938,97.98019409179688,265.13507080078125,108.58673095703125,143.11294555664062,370.1930236816406,341.46856689453125,34.6064567565918,173.50411987304688,149.6028289794922,168.5037384033203,56.89356994628906,696.29345703125,82.00652313232422,455.9534606933594,451.9339599609375,82.09965515136719,400.2807922363281,53.34492492675781,555.8800048828125,68.18881225585938,96.37446594238281,113.2222671508789,24.96282958984375,153.12416076660156,21.8700008392334,85.07504272460938,138.925537109375,3.765252113342285,174.99197387695312,209.19537353515625,185.10000610351562,116.82955932617188,494.0124816894531,273.2637634277344,36.658260345458984,46.61314392089844,55.51552963256836,96.21092224121094
2024-02-07,187.8198699951172,615.8499755859375,168.2242889404297,170.94000244140625,280.1225280761719,170.52999877929688,51.39753723144531,909.422607421875,123.15975189208984,211.9199981689453,70.87566375732422,31.78851318359375,3656.191162109375,51.959224700927734,316.1031494140625,713.941162109375,285.833251953125,47.354915618896484,140.9420166015625,97.8321762084961,266.826904296875,109.31285858154297,144.54306030273438,371.798828125,347.64141845703125,34.57183837890625,173.81629943847656,149.52711486816406,168.82130432128906,56.94103240966797,716.3914184570312,83.37425231933594,457.3495788574219,466.7127990722656,82.00430297851562,408.7308349609375,53.48723220825195,559.2999877929688,70.06385803222656,96.11434173583984,115.1567611694336,25.01729393005371,153.27828979492188,23.600000381469727,84.87084197998047,140.65122985839844,3.7370126247406006,177.33119201660156,213.2003631591797,187.5800018310547,122.30992889404297,502.4479675292969,275.8605041503906,36.0517463684082,46.79654312133789,55.37495040893555,96.18270111083984
2024-02-08,186.739013671875,615.8599853515625,171.16746520996094,169.35000610351562,279.1568603515625,169.83999633789062,51.693321228027344,910.1227416992188,124.8938980102539,209.22000122070312,68.12301635742188,31.731021881103516,3785.624755859375,51.72105407714844,314.54998779296875,718.2855834960938,288.910888671875,47.52618408203125,142.73007202148438,109.081787109375,267.178955078125,109.7469482421875,144.91053771972656,370.2411193847656,348.6286315917969,33.9660758972168,175.9927978515625,148.0316619873047,168.2150421142578,56.789161682128906,726.563720703125,84.92866516113281,453.7356262207031,467.120361328125,81.67056274414062,408.7900390625,53.4018440246582,558.530029296875,69.60609436035156,94.16344451904297,114.57738494873047,25.026371002197266,152.81591796875,24.510000228881836,82.61540985107422,142.85899353027344,3.6993601322174072,177.31163024902344,216.31640625,189.55999755859375,130.87298583984375,503.1252136230469,272.80389404296875,35.596866607666016,46.67105484008789,55.37168884277344,97.82935333251953
2024-02-09,187.50350952148438,627.2100219726562,182.93035888671875,172.47999572753906,275.6253662109375,174.4499969482422,51.905296325683594,936.4125366210938,125.74430847167969,209.1999969482422,69.31646728515625,31.683122634887695,3704.750732421875,51.43524932861328,309.8219299316406,717.5317993164062,288.26763916015625,47.697444915771484,139.9321746826172,106.96014404296875,271.8240966796875,109.9284896850586,147.97938537597656,369.49114990234375,348.082275390625,33.77568817138672,177.88296508789062,148.37240600585938,168.41712951660156,56.53288269042969,730.9881591796875,89.56830596923828,453.3593444824219,465.2418518066406,81.8994140625,415.1473083496094,53.67696762084961,561.3200073242188,72.09685516357422,93.85687255859375,114.5381088256836,25.01729393005371,151.6407012939453,24.3799991607666,82.71752166748047,145.57774353027344,3.727599859237671,177.693359375,214.54811096191406,193.57000732421875,130.26622009277344,501.3161315917969,273.44683837890625,35.42740249633789,46.39113235473633,55.342254638671875,95.75927734375
2024-02-12,185.8156280517578,611.8400268554688,182.6350555419922,171.91000366210938,278.7591857910156,172.33999633789062,51.777122497558594,916.3056640625,123.93766021728516,209.3300018310547,70.3944320678711,32.21005630493164,3736.34521484375,51.36855697631836,314.18853759765625,716.5498046875,284.3290710449219,47.564247131347656,140.8957061767578,107.84827423095703,268.0003662109375,110.63092041015625,146.51943969726562,377.5490417480469,350.2868957519531,33.60261917114258,177.71112060546875,149.40408325195312,169.16773986816406,56.665771484375,728.1241455078125,89.21656036376953,454.1811218261719,466.0270690917969,82.8338851928711,409.9253234863281,54.59719467163086,557.8499755859375,72.2117919921875,93.39237213134766,113.75252532958984,25.108068466186523,151.34205627441406,25.049999237060547,83.53428649902344,147.6023406982422,3.7370126247406006,175.57923889160156,215.8862762451172,188.1300048828125,127.67285919189453,500.755126953125,272.1015625,35.76633071899414,47.22126388549805,55.67572784423828,97.07658386230469
2024-02-13,183.72067260742188,601.8900146484375,177.4869384765625,171.5399932861328,275.01947021484375,168.63999938964844,50.815818786621094,890.7752075195312,122.62969970703125,204.4600067138672,68.91223907470703,31.37654685974121,3694.331298828125,50.26344680786133,305.6019287109375,708.4559326171875,278.22332763671875,47.231224060058594,139.5245361328125,109.00283813476562,266.3673095703125,111.89375305175781,144.14581298828125,364.19287109375,342.7530212402344,33.44684600830078,175.36276245117188,148.09793090820312,167.6953582763672,56.333560943603516,733.7633666992188,87.70243835449219,455.9138488769531,457.3009033203125,80.06861877441406,401.1001281738281,52.41520690917969,554.52001953125,72.09186553955078,92.02674865722656,111.63145446777344,24.48172950744629,150.5329132080078,24.010000228881836,82.78247833251953,144.65220642089844,3.652294874191284,170.28414916992188,220.79930114746094,184.02000427246094,124.82501220703125,499.9908752441406,272.8335266113281,35.7930908203125,46.56488037109375,55.296485900878906,96.24085998535156
2024-02-14,182.83702087402344,604.6599731445312,183.27487182617188,178.6999969482422,274.6312561035156,170.97999572753906,51.323585510253906,911.6019287109375,123.66529846191406,203.3800048828125,70.63504791259766,31.740604400634766,3685.163330078125,51.425716400146484,309.38232421875,716.3217163085938,286.1400451660156,47.84016799926758,139.9043731689453,110.08833312988281,269.53570556640625,115.62696838378906,144.94032287597656,363.5101623535156,343.366455078125,34.00068664550781,175.23867797851562,147.40699768066406,169.398681640625,56.276611328125,749.2366333007812,89.97313690185547,460.59716796875,470.38018798828125,80.09722137451172,404.9769287109375,53.136207580566406,579.3300170898438,73.86296844482422,92.0174560546875,112.20100402832031,24.60881233215332,149.91641235351562,25.190000534057617,82.81031799316406,148.4121856689453,3.6711208820343018,173.7000274658203,217.00462341308594,188.7100067138672,126.50828552246094,500.07794189453125,274.56463623046875,35.81092834472656,46.844810485839844,55.11994934082031,95.7660140991211
2024-02-15,182.549072265625,590.4400024414062,184.7218780517578,176.75999450683594,275.8239440917969,169.8000030517578,52.09262466430664,916.9268798828125,123.94451904296875,205.3300018310547,71.04890441894531,32.64118957519531,3697.338134765625,52.5975227355957,315.59521484375,718.6327514648438,288.9010009765625,46.67937088012695,144.6621551513672,110.96659851074219,269.7019958496094,117.1028823852539,141.7920684814453,370.6065368652344,346.09820556640625,34.50260543823242,178.38888549804688,149.47035217285156,173.0940399169922,56.381019592285156,749.70166015625,89.78448486328125,466.6270751953125,481.06439208984375,81.68963623046875,402.07916259765625,54.331565856933594,593.4600219726562,72.62158203125,92.5562744140625,110.74767303466797,24.97191047668457,151.24574279785156,25.40999984741211,82.58757781982422,150.37892150878906,3.708773374557495,173.8272705078125,218.4479217529297,200.4499969482422,126.27340698242188,503.889404296875,277.9477233886719,36.2033805847168,50.2329216003418,55.34552764892578,98.51061248779297
2024-02-16,181.01014709472656,546.6599731445312,196.4454345703125,173.8699951171875,270.7000732421875,169.50999450683594,52.018680572509766,916.0394287109375,122.02519989013672,203.88999938964844,71.13552856445312,32.66035079956055,3663.9990234375,52.254554748535156,314.4620361328125,718.1170043945312,286.7041320800781,46.089447021484375,144.8213653564453,110.1278076171875,271.393798828125,117.72638702392578,139.55746459960938,369.6641845703125,347.3155517578125,34.89202880859375,179.12396240234375,149.29867553710938,172.2856903076172,56.371524810791016,773.7227783203125,90.98811340332031,463.5081787109375,470.4200134277344,82.48107147216797,399.60675048828125,54.103878021240234,583.9500122070312,72.57660675048828,93.07652282714844,109.30415344238281,25.071758270263672,151.72740173339844,24.440000534057617,83.20943450927734,147.20704650878906,3.6899471282958984,173.15191650390625,217.32003784179688,199.9499969482422,123.98338317871094,504.5375061035156,275.5538635253906,36.114192962646484,50.10744094848633,55.69534683227539,98.51061248779297
2024-02-20,180.26548767089844,541.9099731445312,186.17869567871094,165.69000244140625,270.5187683105469,167.0800018310547,51.570068359375,896.9384155273438,120.17054748535156,203.3699951171875,70.3944320678711,32.535797119140625,3648.24609375,52.79758071899414,306.4810791015625,719.8031616210938,283.4088134765625,45.93721389770508,144.2313232421875,107.99630737304688,269.9953918457031,117.3001937866211,140.15335083007812,369.7410888671875,347.5263671875,35.350677490234375,175.1145782470703,150.54798889160156,172.95928955078125,57.61494827270508,747.604248046875,88.47374725341797,447.28985595703125,468.859619140625,81.3844985961914,398.35076904296875,53.70542526245117,575.1300048828125,69.41719818115234,95.42688751220703,106.49569702148438,25.044525146484375,152.690673828125,23.399999618530273,83.20015716552734,146.50326538085938,3.840557098388672,172.8485107421875,216.756103515625,193.75999450683594,122.65245056152344,504.0635986328125,272.1806640625,36.123104095458984,49.972293853759766,57.493446350097656,97.57991790771484
2024-02-21,181.02008056640625,538.52001953125,187.66758728027344,164.2899932861328,270.4710388183594,168.58999633789062,51.76233673095703,895.5973510742188,120.25872802734375,201.57000732421875,72.74283599853516,32.28670883178711,3687.943359375,52.71184158325195,309.80242919921875,717.1549072265625,280.5983581542969,46.12751007080078,145.57998657226562,106.24964904785156,271.041748046875,117.6553726196289,141.5735626220703,373.3469543457031,349.0216369628906,32.20935821533203,171.54429626464844,151.3300018310547,174.08522033691406,58.127498626708984,737.9581298828125,88.62014770507812,454.5177307128906,465.65594482421875,81.48938751220703,397.74749755859375,54.170284271240234,573.3499755859375,67.43819427490234,95.27824401855469,106.21092987060547,25.11714744567871,154.5112762451172,22.739999771118164,84.06334686279297,146.55145263671875,3.8499703407287598,172.1829376220703,217.0619659423828,194.77000427246094,122.6622314453125,504.94378662109375,273.7732849121094,36.658260345458984,50.831398010253906,56.78728103637695,99.57425689697266
2024-02-22,183.0554656982422,537.5700073242188,196.93609619140625,181.86000061035156,272.11224365234375,174.5800018310547,52.477142333984375,938.6311645507812,127.84686279296875,201.5,73.26256561279297,32.200477600097656,3846.5166015625,53.2548713684082,314.6379089355469,728.4425048828125,290.59320068359375,46.2131462097168,145.57061767578125,106.22004699707031,278.2979431152344,119.70745086669922,143.10299682617188,375.4624328613281,355.9324951171875,32.633392333984375,175.84962463378906,153.0180206298828,176.1735076904297,58.04207992553711,761.435302734375,92.78915405273438,466.9043273925781,483.6641540527344,81.86126708984375,407.1131286621094,53.76234817504883,588.469970703125,78.49864196777344,95.50120544433594,109.00956726074219,25.008214950561523,154.6654052734375,23.59000015258789,84.63880920410156,149.19308471679688,3.8499703407287598,177.83038330078125,224.09695434570312,197.41000366210938,126.31255340576172,509.3260803222656,280.6878662109375,36.328250885009766,51.5167350769043,57.34633255004883,99.48877716064453
2024-02-23,181.21865844726562,553.4400024414062,194.40208435058594,176.52000427246094,275.92889404296875,174.99000549316406,52.979976654052734,920.2896118164062,127.01111602783203,200.8300018310547,73.10856628417969,32.497474670410156,3456.116943359375,53.283451080322266,316.386474609375,731.9439086914062,289.7520751953125,46.489070892333984,144.84945678710938,106.31871795654297,278.6402587890625,121.01760864257812,142.97389221191406,376.02008056640625,356.5267639160156,33.05742263793945,177.29107666015625,154.3436279296875,177.058837890625,58.08953094482422,761.3361206054688,91.23081970214844,468.7459716796875,481.5747985839844,82.52875518798828,405.8175354003906,53.866703033447266,583.5599975585938,78.77750396728516,96.52310943603516,109.93262481689453,25.198841094970703,155.11813354492188,22.969999313354492,84.98220825195312,149.34735107421875,3.8593831062316895,180.30662536621094,224.62266540527344,191.97000122070312,126.76272583007812,510.0419006347656,280.5394592285156,36.265811920166016,51.989723205566406,57.395362854003906,98.61507415771484
2024-02-26,179.86834716796875,560.47998046875,200.70266723632812,176.00999450683594,273.2476806640625,174.72999572753906,53.29055404663086,934.4304809570312,128.2612762451172,200.5399932861328,73.63792419433594,32.200477600097656,3449.9951171875,52.74042510986328,317.851806640625,739.3037109375,297.2630615234375,46.0513916015625,144.65277099609375,106.259521484375,278.024169921875,122.1541519165039,136.62765502929688,375.2220458984375,356.1816711425781,32.95358657836914,175.77325439453125,153.34226989746094,176.4525604248047,57.62443161010742,763.6908569335938,92.23892211914062,469.8251953125,479.29638671875,81.68963623046875,403.0484313964844,52.799232482910156,587.6500244140625,79.05237579345703,95.91925811767578,108.97029876708984,24.672353744506836,154.33790588378906,23.559999465942383,83.92411804199219,151.39122009277344,3.8499703407287598,183.5267333984375,227.61444091796875,199.39999389648438,127.84900665283203,508.18450927734375,281.08355712890625,35.400638580322266,52.25034713745117,58.45460891723633,99.00445556640625
2024-02-27,181.32786560058594,552.489990234375,200.02230834960938,178.0,265.7287902832031,173.5399932861328,53.2116813659668,928.2968139648438,126.99740600585938,201.39999389648438,74.76400756835938,32.84237289428711,3428.672607421875,53.07386016845703,320.0497131347656,738.6688232421875,296.38232421875,45.965763092041016,142.508056640625,107.9765625,277.3102722167969,121.53853607177734,137.92869567871094,375.78936767578125,359.9773864746094,33.195892333984375,176.47964477539062,153.52346801757812,176.53916931152344,57.27324295043945,756.8446655273438,91.44991302490234,470.0627746582031,484.5794982910156,81.51799011230469,402.9891052246094,53.191749572753906,601.6699829101562,78.66155242919922,95.82636260986328,109.3729019165039,24.409107208251953,153.45167541503906,24.530000686645508,83.70134735107422,152.61561584472656,3.8593831062316895,185.1514892578125,227.52841186523438,199.72999572753906,125.8427963256836,496.6727294921875,280.1141357421875,35.614707946777344,52.90673828125,58.444801330566406,98.7955093383789
2024-02-28,180.1265106201172,551.8200073242188,194.77671813964844,176.5399932861328,264.7459411621094,173.16000366210938,53.41379928588867,926.4527587890625,126.3302001953125,207.0,71.78999328613281,32.871124267578125,3445.933349609375,52.445091247558594,321.9350891113281,741.8925170898438,296.6495056152344,45.7278938293457,142.67660522460938,109.33836364746094,280.6253967285156,122.81713104248047,135.44583129882812,380.7474060058594,361.9422912597656,33.30839157104492,176.89015197753906,154.06707763671875,177.4341583251953,57.3301887512207,749.5631103515625,90.65798950195312,474.122314453125,481.5648498535156,82.0519790649414,403.2264709472656,52.69392013549805,596.47998046875,77.62407684326172,94.96238708496094,109.6675033569336,24.545270919799805,154.1741485595703,24.420000076293945,83.92411804199219,151.01675415039062,3.887622833251953,182.70458984375,226.81153869628906,202.0399932861328,124.65864562988281,482.026611328125,282.5475769042969,35.76633071899414,52.81985855102539,58.47422790527344,99.0709228515625
2024-02-29,179.4612579345703,560.280029296875,198.79966735839844,192.52999877929688,261.28228759765625,176.75999450683594,53.8525390625,938.463623046875,127.41475677490234,203.72000122070312,71.25101470947266,33.30528259277344,3419.5146484375,52.86427688598633,326.2332458496094,737.8555908203125,305.6053161621094,46.02284622192383,142.3675537109375,110.10807037353516,282.6204528808594,123.82740020751953,137.51158142089844,376.748046875,364.8178405761719,33.90549850463867,176.6324005126953,153.9049530029297,179.0508575439453,56.96950912475586,745.6453247070312,92.18880462646484,470.07275390625,487.64385986328125,82.04243469238281,409.08123779296875,52.8375244140625,602.9199829101562,79.07234954833984,93.80113220214844,109.6675033569336,24.10955238342285,153.1049041748047,25.079999923706055,83.4971694946289,152.8966064453125,3.8687968254089355,183.87908935546875,229.92758178710938,201.8800048828125,125.92110443115234,477.4992370605469,279.5898132324219,35.69498062133789,53.65964889526367,57.48363494873047,99.26084899902344
2024-03-01,178.3790283203125,570.9299926757812,207.30894470214844,202.63999938964844,267.4844665527344,178.22000122070312,54.62651062011719,977.1784057617188,137.0828857421875,200.0,71.8188705444336,33.141265869140625,3449.975341796875,52.96906661987305,328.9098815917969,743.3605346679688,313.5814208984375,46.0513916015625,143.11680603027344,110.47318267822266,287.2166748046875,125.21649932861328,136.20062255859375,375.8280944824219,368.4985656738281,33.732418060302734,179.65853881835938,154.61065673828125,178.3098602294922,56.50440979003906,773.7821655273438,96.44132995605469,471.9242248535156,499.7521057128906,82.46200561523438,410.9206848144531,52.856666564941406,619.3400268554688,82.23775482177734,94.8137435913086,111.72966003417969,24.13678550720215,153.01820373535156,24.93000030517578,83.37649536132812,158.03224182128906,3.906449317932129,184.5250701904297,235.1751251220703,202.63999938964844,131.03933715820312,473.5620422363281,280.1042175292969,35.85552978515625,53.1480598449707,57.63074493408203,100.51444244384766
2024-03-04,173.85154724121094,567.9400024414062,206.5595703125,205.36000061035156,266.5875244140625,177.5800018310547,55.173709869384766,984.1798095703125,137.3856201171875,200.5399932861328,69.29722595214844,33.913116455078125,3412.190185546875,53.48351287841797,330.81475830078125,753.0215454101562,311.36474609375,46.745967864990234,139.4361114501953,112.19024658203125,290.0330810546875,127.07916259765625,132.43658447265625,379.8468933105469,364.5877990722656,33.559349060058594,184.29795837402344,152.436279296875,179.64749145507812,56.770179748535156,783.8338623046875,96.04732513427734,463.86456298828125,495.6629333496094,85.85660552978516,410.34710693359375,52.62690734863281,615.8300170898438,85.19427490234375,94.73013305664062,112.00460815429688,23.501367568969727,153.70211791992188,24.040000915527344,83.82201385498047,161.39463806152344,3.8782098293304443,186.7664337158203,233.07229614257812,188.13999938964844,135.30618286132812,466.1518249511719,277.5025939941406,35.95363998413086,53.87200927734375,58.160377502441406,99.1089096069336
2024-03-05,168.9070587158203,544.8400268554688,204.4889373779297,205.1300048828125,263.9730529785156,174.1199951171875,54.04973602294922,955.3853759765625,131.55516052246094,201.13999938964844,69.36459350585938,34.144676208496094,3381.48291015625,53.59783172607422,325.8132019042969,753.7853393554688,295.64013671875,46.574710845947266,140.10105895996094,111.38105773925781,285.4857177734375,124.59297943115234,131.76123046875,378.54925537109375,362.7474670410156,33.68915939331055,183.23834228515625,152.56027221679688,181.44705200195312,56.49492263793945,769.3004760742188,94.63047790527344,462.9041748046875,487.7333984375,84.98887634277344,398.21234130859375,53.03857421875,598.5,85.9249496459961,94.85090637207031,108.94083404541016,23.673839569091797,153.47093200683594,23.809999465942383,84.06334686279297,156.443115234375,3.897035598754883,183.47779846191406,237.23019409179688,180.74000549316406,132.0865020751953,457.7163391113281,276.36505126953125,35.989315032958984,54.63457489013672,58.88615798950195,100.32450866699219
2024-03-06,167.91416931152344,543.0900268554688,209.2020721435547,210.6300048828125,263.9158630371094,173.50999450683594,54.47863006591797,989.9879760742188,132.2655029296875,201.0,70.94303131103516,34.17361068725586,3379.294677734375,54.5790901184082,327.8646545410156,766.9674072265625,300.60784912109375,46.784027099609375,138.9209747314453,108.60812377929688,290.18951416015625,125.88737487792969,130.4999237060547,377.25164794921875,363.9431457519531,33.948768615722656,187.2572784423828,151.95945739746094,182.39013671875,56.52338790893555,771.4572143554688,96.4737548828125,466.94390869140625,493.57366943359375,81.68010711669922,397.6584777832031,53.16303253173828,597.6900024414062,88.65970611572266,95.35256958007812,110.24685668945312,24.681432723999023,153.71177673339844,26.15999984741211,84.54598236083984,162.6833953857422,3.953514337539673,186.62939453125,241.25430297851562,176.5399932861328,138.5454864501953,457.18426513671875,277.4036560058594,35.614707946777344,55.126869201660156,59.405967712402344,101.39764404296875
2024-03-07,167.79502868652344,556.0399780273438,209.6359405517578,211.3800048828125,260.3567810058594,176.82000732421875,54.89271926879883,1032.8443603515625,137.85101318359375,203.02999877929688,69.81695556640625,34.37622833251953,3437.091064453125,54.988746643066406,332.348388671875,779.21728515625,299.27197265625,46.52713394165039,139.89501953125,108.7265396118164,294.482666015625,131.41221618652344,133.4595184326172,376.1476745605469,363.0849609375,34.12896728515625,187.62002563476562,151.51123046875,180.7926788330078,56.418983459472656,771.843017578125,97.72259521484375,462.9239807128906,509.59197998046875,82.13780212402344,404.6308288574219,53.85234451293945,608.510009765625,92.62689208984375,96.34561920166016,112.47596740722656,24.318334579467773,154.7232208251953,26.459999084472656,84.93580627441406,170.2705841064453,4.038232803344727,191.41552734375,236.99124145507812,178.64999389648438,146.0124969482422,463.16265869140625,275.2571105957031,35.2579345703125,55.020687103271484,59.20000457763672,101.96745300292969
2024-03-08,169.5126953125,551.6900024414062,202.6845245361328,207.38999938964844,261.2059631347656,175.35000610351562,54.42932891845703,980.5213012695312,128.22109985351562,198.49000549316406,70.78904724121094,34.34728240966797,3444.93798828125,54.78868865966797,331.3422546386719,719.6741943359375,302.1021728515625,47.09801483154297,140.3726806640625,108.86469268798828,291.83392333984375,132.5645294189453,134.4824676513672,374.7531433105469,359.9994201660156,33.73252868652344,187.05679321289062,152.13111877441406,181.12948608398438,56.49492263793945,754.01513671875,93.9967269897461,464.62701416015625,503.3835754394531,82.99598693847656,401.7430114746094,55.34585189819336,604.8200073242188,87.48824310302734,97.09764099121094,110.39415740966797,24.708662033081055,154.463134765625,26.040000915527344,86.0217514038086,165.28028869628906,4.057059288024902,188.8903350830078,232.09735107421875,175.33999633789062,143.24295043945312,462.8421325683594,277.0179138183594,35.24009704589844,55.0882568359375,58.96461486816406,102.9266357421875
2024-03-11,171.518310546875,560.4199829101562,198.55316162109375,198.38999938964844,262.7421875,171.9600067138672,54.16804885864258,949.301025390625,126.69268798828125,192.49000549316406,72.04986572265625,34.6270751953125,3461.77880859375,54.693416595458984,327.21990966796875,708.287353515625,302.81463623046875,47.783077239990234,142.35818481445312,110.82843780517578,287.1350402832031,131.45956420898438,136.7270050048828,373.9494934082031,358.23480224609375,33.4532356262207,183.02830505371094,153.7618865966797,181.19683837890625,57.17832565307617,726.5411987304688,91.49610900878906,464.5279846191406,481.13702392578125,82.900634765625,400.06170654296875,55.403289794921875,600.9299926757812,85.73504638671875,97.73397064208984,112.0733413696289,25.7525634765625,155.6190948486328,25.350000381469727,87.62747955322266,165.813232421875,4.057059288024902,185.79747009277344,225.06234741210938,177.77000427246094,136.0499725341797,475.0597839355469,277.5322570800781,35.7930908203125,55.10756301879883,59.494232177734375,103.53443145751953
2024-03-12,171.99485778808594,579.1400146484375,202.07321166992188,202.75999450683594,263.8681335449219,175.38999938964844,54.522987365722656,970.6207885742188,126.57122802734375,184.24000549316406,73.20481872558594,34.694610595703125,3459.07080078125,54.731529235839844,329.4373474121094,730.9024047851562,303.4281921386719,47.64036178588867,142.2551727294922,110.9764633178711,292.0791931152344,132.16989135742188,137.55128479003906,375.9055480957031,361.1468505859375,34.246089935302734,188.80374145507812,155.2019500732422,182.68844604492188,57.42510986328125,746.9017944335938,93.6259536743164,468.20135498046875,497.2150573730469,83.0055160522461,410.70318603515625,54.71398162841797,611.0800170898438,91.87124633789062,96.19136047363281,125.24169158935547,25.425777435302734,155.98512268066406,24.700000762939453,87.86878967285156,167.7124481201172,4.141777515411377,189.71249389648438,227.44239807128906,177.5399932861328,141.3150177001953,475.2539978027344,280.8560485839844,35.7930908203125,55.6095085144043,60.22982406616211,102.8696517944336
2024-03-13,169.9098663330078,573.5499877929688,197.75448608398438,194.7899932861328,263.34332275390625,176.55999755859375,54.48847961425781,955.326171875,123.23910522460938,182.35000610351562,73.52243041992188,34.810394287109375,3459.07080078125,55.02685546875,333.6183776855469,728.2442016601562,301.9022216796875,47.67841720581055,144.1282958984375,111.01593780517578,294.5316467285156,134.30091857910156,138.8324737548828,379.90496826171875,365.4377136230469,34.22806930541992,187.7727508544922,153.637939453125,184.17047119140625,58.01360321044922,749.760986328125,91.25092315673828,470.914306640625,493.0562438964844,85.19866180419922,410.5250549316406,57.002113342285156,609.4500122070312,90.84671020507812,95.44898223876953,123.25808715820312,25.61640167236328,156.341552734375,25.0,88.47209167480469,164.001220703125,4.17943000793457,188.4205322265625,222.54847717285156,169.47999572753906,139.1033172607422,473.94293212890625,282.0628662109375,35.90903854370117,55.812217712402344,60.10232162475586,104.0187759399414
2024-03-14,171.7665252685547,570.4500122070312,197.9418182373047,187.05999755859375,259.0972900390625,178.75,53.92156219482422,946.451171875,123.67019653320312,181.14999389648438,70.6446762084961,34.434112548828125,3470.49560546875,54.3885612487793,334.0091247558594,726.012451171875,300.5546569824219,47.37394714355469,145.82350158691406,110.58173370361328,294.5806884765625,131.6095428466797,142.11978149414062,376.3219299316406,361.8507385253906,33.813621520996094,184.6511688232422,151.83546447753906,180.888916015625,57.884437561035156,752.6201782226562,91.14949798583984,474.74609375,489.3352355957031,84.96028137207031,420.5335998535156,57.002113342285156,613.010009765625,87.90404510498047,94.61018371582031,123.26792907714844,25.534704208374023,155.5709228515625,24.43000030517578,87.20050811767578,163.2260284423828,4.122951507568359,186.40428161621094,220.7706298828125,162.5,136.6371307373047,474.9140930175781,283.3191833496094,35.47199630737305,55.377845764160156,60.051151275634766,105.86115264892578
2024-03-15,171.38922119140625,492.4599914550781,195.87118530273438,191.05999755859375,256.54962158203125,174.4199981689453,53.88212966918945,927.1529541015625,121.04741668701172,182.52999877929688,70.6639175415039,34.163963317871094,3374.056884765625,54.88395309448242,338.9422607421875,719.7437744140625,291.64654541015625,46.5556755065918,145.68299865722656,110.47318267822266,292.23614501953125,133.29855346679688,140.2129364013672,374.9662170410156,359.8836975097656,34.42628479003906,182.39830017089844,150.85316467285156,183.13111877441406,57.29124069213867,746.130126953125,89.6144027709961,471.13214111328125,481.6444396972656,84.27371215820312,411.83056640625,57.51909255981445,605.8800048828125,87.79708862304688,93.7810287475586,123.2777328491211,25.362234115600586,155.455322265625,23.489999771118164,87.49752044677734,162.01480102539062,4.1606035232543945,184.3097381591797,224.2594451904297,163.57000732421875,134.05355834960938,476.68170166015625,279.9855041503906,35.222259521484375,55.512977600097656,59.71654510498047,105.67121887207031
2024-03-18,172.48138427734375,513.8599853515625,197.92210388183594,190.64999389648438,258.486572265625,174.47999572753906,54.1340446472168,928.2672729492188,121.21788024902344,179.83999633789062,70.76016235351562,34.74285125732422,3410.574462890625,55.85569381713867,343.7582092285156,725.6056518554688,297.7702941894531,46.879173278808594,145.55189514160156,112.34811401367188,293.07000732421875,134.1035919189453,146.6684112548828,372.2160339355469,358.61090087890625,34.6154899597168,182.99012756347656,149.49896240234375,185.40223693847656,57.530433654785156,754.5296020507812,91.110107421875,474.1619567871094,494.4591064453125,83.87323760986328,412.7206115722656,57.605247497558594,618.3900146484375,88.41482543945312,92.47945404052734,125.49701690673828,25.162532806396484,155.2915802001953,24.0,88.48137664794922,161.74349975585938,4.198256015777588,182.80247497558594,228.12103271484375,173.8000030517578,134.2638397216797,473.020263671875,281.97381591796875,35.614707946777344,55.763954162597656,59.89368438720703,106.64939880371094
2024-03-19,174.82455444335938,521.1900024414062,198.52357482910156,181.4199981689453,259.2785339355469,175.89999389648438,54.81572723388672,938.6903686523438,121.2933349609375,181.13999938964844,70.6639175415039,34.762149810791016,3464.980712890625,56.07481002807617,345.7119140625,726.2306518554688,298.70172119140625,46.755489349365234,146.6851348876953,112.9994125366211,297.199951171875,136.90548706054688,146.0228729248047,376.370361328125,365.8426818847656,34.68757247924805,184.56524658203125,148.9744415283203,186.48965454101562,57.62610626220703,764.541748046875,91.67827606201172,479.2214660644531,493.72283935546875,84.31187438964844,416.76556396484375,58.65837478637695,620.739990234375,89.3573989868164,92.8651123046875,126.86197662353516,25.080835342407227,155.88880920410156,23.799999237060547,88.15653228759766,159.01092529296875,4.226495265960693,184.7012481689453,233.53109741210938,171.32000732421875,132.52462768554688,479.10968017578125,284.2490234375,35.650386810302734,55.03034591674805,59.903526306152344,107.3996353149414
2024-03-20,177.39608764648438,519.1400146484375,202.1915283203125,179.72999572753906,260.5380554199219,178.14999389648438,55.37885284423828,957.4364013671875,125.54778289794922,187.77999877929688,71.3953857421875,35.456809997558594,3536.64306640625,57.28471374511719,348.20294189453125,734.711181640625,303.28948974609375,47.14558792114258,144.74642944335938,114.92369842529297,303.9197082519531,137.2764129638672,147.72116088867188,383.93341064453125,370.6639099121094,35.192115783691406,185.1571044921875,148.54525756835938,188.93399047851562,58.123626708984375,764.620849609375,93.4536361694336,483.2215881347656,502.95574951171875,87.10572052001953,420.5434265136719,59.54872512817383,627.6900024414062,90.33094787597656,92.60479736328125,126.91106414794922,25.144378662109375,156.0429229736328,24.56999969482422,88.11888122558594,162.47023010253906,4.2829742431640625,186.33578491210938,235.82513427734375,175.66000366210938,134.37191772460938,479.99346923828125,286.158203125,35.78417205810547,55.310272216796875,60.277496337890625,107.30467987060547
2024-03-21,170.1481475830078,511.25,207.85122680664062,178.67999267578125,264.25933837890625,178.14999389648438,56.51498031616211,977.0304565429688,132.63198852539062,187.6999969482422,71.05853271484375,36.190067291259766,3605.15234375,58.42792892456055,356.1252746582031,736.5363159179688,305.5784606933594,47.45957946777344,145.03677368164062,115.1605224609375,309.5211486816406,139.4153289794922,146.5889892578125,400.6282653808594,381.0680847167969,35.58854293823242,183.1906280517578,148.53575134277344,191.56112670898438,57.855735778808594,762.048583984375,96.75133514404297,483.8157043457031,505.1844482421875,89.06049346923828,424.6378173828125,58.744529724121094,622.7100219726562,91.39346313476562,92.63372039794922,126.6852035522461,25.108068466186523,155.9176788330078,24.489999771118164,86.7637710571289,165.5515899658203,4.29238748550415,190.6716766357422,240.3749237060547,172.82000732421875,137.02496337890625,477.5266418457031,287.2364501953125,36.15877914428711,55.84117126464844,60.47432327270508,107.77951049804688
2024-03-22,171.05165100097656,499.5199890136719,207.30894470214844,179.64999389648438,263.5151062011719,178.8699951171875,56.51991653442383,966.350830078125,133.17019653320312,188.85000610351562,69.4223403930664,35.74625778198242,3582.34228515625,57.94205856323242,349.8244934082031,728.83935546875,304.96405029296875,47.36442565917969,144.84945678710938,114.34147644042969,310.5610046386719,138.23934936523438,149.7372589111328,393.9561767578125,376.3240051269531,35.606563568115234,182.17872619628906,148.039794921875,189.2130584716797,57.8748664855957,762.3948364257812,96.29148864746094,476.9145202636719,506.99517822265625,87.6778564453125,424.0147705078125,59.14662551879883,628.010009765625,94.24616241455078,92.7783432006836,125.48719787597656,24.83574676513672,155.72503662109375,24.18000030517578,85.5216064453125,164.8248748779297,4.395931720733643,191.2001953125,243.5196533203125,170.8300018310547,138.09600830078125,475.9532775878906,280.20318603515625,36.00715637207031,55.146175384521484,59.903526306152344,107.77951049804688
2024-03-25,169.63185119628906,507.2300109863281,205.54397583007812,178.6300048828125,267.9520263671875,179.7100067138672,56.42112350463867,965.335205078125,132.98423767089844,191.41000366210938,68.77749633789062,35.56294631958008,3584.52587890625,58.06591033935547,347.71453857421875,725.030517578125,303.2696533203125,47.26927947998047,146.54461669921875,117.78543853759766,305.95037841796875,136.92913818359375,149.04205322265625,392.1356201171875,369.7961120605469,35.606563568115234,180.22174072265625,148.0302734375,187.48086547851562,57.78875732421875,764.89794921875,95.6573486328125,471.3400573730469,500.4684143066406,86.90548706054688,418.1995544433594,59.94124984741211,627.4600219726562,94.9588394165039,92.29627227783203,123.8080062866211,24.899288177490234,154.30899047851562,24.510000228881836,85.77568817138672,162.3248748779297,4.480650424957275,191.13168334960938,241.2638702392578,172.6300048828125,137.79139709472656,471.8840026855469,278.17523193359375,36.45311737060547,54.76006317138672,59.60829544067383,108.88114929199219
2024-03-26,168.5,507.6000061035156,203.7790069580078,177.8699951171875,268.8584899902344,178.3000030517578,55.98643112182617,957.8111572265625,131.00753784179688,187.5,68.79674530029297,35.784854888916016,3618.26708984375,58.7423095703125,348.1443176269531,725.0502319335938,303.0417785644531,47.14558792114258,145.4207763671875,118.3479232788086,306.1465759277344,136.9765167236328,149.63792419433594,393.33636474609375,366.3440856933594,35.76873779296875,179.94491577148438,148.55479431152344,188.35658264160156,57.922706604003906,766.63916015625,95.24083709716797,472.09259033203125,493.3746643066406,87.03898620605469,417.0028991699219,58.811546325683594,629.239990234375,92.5189437866211,91.85276794433594,124.19097900390625,25.044525146484375,154.65577697753906,24.889999389648438,85.05108642578125,161.88880920410156,4.490062713623047,192.4823760986328,242.51602172851562,177.6699981689453,136.4255828857422,478.1287536621094,277.5718688964844,36.435279846191406,54.7118034362793,59.54924774169922,108.06442260742188
2024-03-27,172.0742950439453,504.3999938964844,205.0904083251953,179.58999633789062,273.1808776855469,179.8300018310547,56.954612731933594,960.4835205078125,129.7520751953125,191.9499969482422,68.9026107788086,36.47951889038086,3630.541748046875,59.78073501586914,356.2131652832031,726.1414184570312,298.63232421875,47.354915618896484,146.43226623535156,119.38407135009766,308.4224548339844,142.1619415283203,149.83656311035156,402.1195983886719,372.09100341796875,35.12904739379883,182.14051818847656,150.6433868408203,192.00381469726562,58.391517639160156,769.8841552734375,95.08722686767578,473.231201171875,491.35491943359375,89.15583801269531,416.78533935546875,61.070953369140625,613.530029296875,90.20899200439453,92.44088745117188,123.0125961303711,25.216997146606445,156.64013671875,24.510000228881836,86.7920150756836,163.88494873046875,4.555955410003662,192.90322875976562,243.76405334472656,179.8300018310547,134.31298828125,478.89599609375,276.0089111328125,37.05071258544922,55.6095085144043,59.75591278076172,109.18504333496094
2024-03-28,170.25733947753906,504.6000061035156,203.3451690673828,180.49000549316406,271.2916259765625,180.3800048828125,56.97930908203125,956.99267578125,130.40931701660156,192.99000549316406,69.64370727539062,36.58564376831055,3585.455078125,60.247554779052734,357.9519958496094,726.6868896484375,298.43414306640625,47.48812484741211,147.73406982421875,120.74586486816406,306.7351989746094,138.5392303466797,149.89614868164062,404.4824523925781,369.88287353515625,35.46240997314453,182.2932891845703,150.86273193359375,192.75440979003906,58.535037994384766,769.66650390625,95.66818237304688,476.8154602050781,483.1169128417969,89.78518676757812,416.08319091796875,61.18583297729492,607.3300170898438,90.31494903564453,93.26040649414062,123.34648132324219,25.18976593017578,156.2933807373047,23.010000228881836,86.21797943115234,164.04966735839844,4.555955410003662,190.88699340820312,243.3096923828125,175.7899932861328,133.68408203125,480.4499206542969,276.0682373046875,37.425315856933594,55.94735336303711,59.21464538574219,110.39114379882812
2024-04-01,168.8177032470703,502.0899963378906,205.77076721191406,183.33999633789062,270.0702819824219,180.97000122070312,56.33715057373047,979.1605224609375,132.8543701171875,189.5,70.61579895019531,36.19971466064453,3527.1357421875,60.45713806152344,355.3242492675781,715.3892822265625,299.50433349609375,47.61181640625,148.98907470703125,119.92681121826172,306.0975341796875,138.40509033203125,154.4249267578125,400.4346008300781,354.86962890625,35.4173583984375,181.2145538330078,150.47171020507812,191.44566345214844,58.05664825439453,752.4420776367188,96.67452239990234,473.6767578125,488.8576354980469,89.1844482421875,419.8907775878906,60.67843246459961,614.3099975585938,90.32194519042969,92.4312515258789,123.21881866455078,25.162532806396484,154.6846923828125,22.860000610351562,86.04859161376953,166.39462280273438,4.5183024406433105,191.86575317382812,234.0966339111328,175.22000122070312,139.02951049804688,475.59393310546875,275.27685546875,37.71073913574219,55.6095085144043,59.04734420776367,111.10340118408203
2024-04-02,167.63616943359375,499.2099914550781,203.2268524169922,178.6999969482422,263.55328369140625,180.69000244140625,55.848114013671875,953.2849731445312,131.7228546142578,188.0399932861328,70.1441879272461,35.98746109008789,3524.387939453125,59.866477966308594,356.3890075683594,705.5299682617188,301.22845458984375,46.96480941772461,149.64466857910156,121.19979858398438,308.7657775878906,134.9614715576172,153.5012969970703,397.18084716796875,350.01947021484375,35.42636489868164,180.3076629638672,150.4240264892578,191.36866760253906,57.54956817626953,755.8157958984375,95.25068664550781,474.6966247558594,494.8471374511719,88.40254974365234,416.79522705078125,60.19974136352539,614.2100219726562,89.41136169433594,91.02362060546875,122.0993423461914,25.008214950561523,154.67507934570312,22.719999313354492,86.40618133544922,165.73570251464844,4.537128925323486,188.038818359375,231.91180419921875,166.6300048828125,137.7815704345703,444.94305419921875,275.4352111816406,37.9426383972168,55.3585319519043,58.22068405151367,113.2781753540039
2024-04-03,168.4403839111328,497.010009765625,204.4790802001953,180.77000427246094,261.8453063964844,182.41000366210938,56.989192962646484,966.6566162109375,134.1285400390625,184.9199981689453,69.72071075439453,36.12253189086914,3589.902587890625,58.77089309692383,367.0954895019531,699.9653930664062,301.9617004394531,46.75377655029297,150.26280212402344,117.41045379638672,314.8381042480469,144.01031494140625,153.85882568359375,400.9091491699219,347.03033447265625,36.15615463256836,182.2360076904297,147.11473083496094,190.8297576904297,57.24340057373047,767.7174682617188,96.33775329589844,472.70648193359375,504.16961669921875,88.6790771484375,415.8161315917969,59.88380432128906,630.0800170898438,88.923583984375,90.98505401611328,123.96512603759766,24.708662033081055,150.41729736328125,22.700000762939453,85.63453674316406,168.5167236328125,4.621846675872803,189.13502502441406,233.73895263671875,168.3800048828125,139.53062438964844,446.4969482421875,273.97113037109375,38.21022033691406,55.146175384521484,58.486392974853516,113.29717254638672
2024-04-04,167.61634826660156,487.1099853515625,200.54489135742188,165.8300018310547,255.8053436279297,180.0,56.85581588745117,940.1695556640625,129.63104248046875,183.2899932861328,69.24909210205078,35.62083053588867,3480.744140625,58.027801513671875,361.2342834472656,699.1620483398438,291.4583435058594,46.149452209472656,150.49696350097656,115.54537963867188,314.0729675292969,145.76075744628906,149.49888610839844,393.4041748046875,344.8897399902344,36.192195892333984,179.41033935546875,145.43626403808594,189.3778533935547,56.73631286621094,759.891845703125,93.70475006103516,465.1319580078125,508.32843017578125,87.99251556396484,413.27447509765625,61.01350402832031,617.1400146484375,85.865966796875,93.41466522216797,121.95205688476562,24.19124984741211,149.74301147460938,22.479999542236328,84.78760528564453,164.49539184570312,4.650086402893066,186.9719696044922,231.20608520507812,171.11000061035156,137.23130798339844,442.2625427246094,271.0430908203125,37.86236572265625,54.7118034362793,58.55527877807617,113.69605255126953
2024-04-05,168.3709259033203,485.1199951171875,204.94252014160156,170.4199981689453,257.58013916015625,185.07000732421875,57.98206329345703,965.9465942382812,131.78875732421875,183.13999938964844,68.9699935913086,35.80414962768555,3559.779296875,58.68514633178711,370.52423095703125,707.9302978515625,299.1575012207031,46.57151794433594,151.3492431640625,116.818359375,324.2261657714844,154.57223510742188,151.4553985595703,395.1666259765625,345.07293701171875,36.6877326965332,180.55589294433594,145.33135986328125,191.12013244628906,56.937232971191406,775.849853515625,95.37376403808594,472.4391174316406,524.6651611328125,88.17369842529297,420.83026123046875,61.4443244934082,636.1799926757812,87.96802520751953,92.35411834716797,122.64926147460938,24.200326919555664,150.36915588378906,22.959999084472656,84.20416259765625,166.21051025390625,4.612433910369873,187.7451934814453,232.73355102539062,164.89999389648438,138.90174865722656,442.6122131347656,274.1492004394531,37.56802749633789,55.40679931640625,58.899723052978516,115.26301574707031
2024-04-08,167.24896240234375,484.2799987792969,206.1158447265625,169.89999389648438,256.8645324707031,185.19000244140625,57.60664749145508,969.0626831054688,131.4611358642578,181.55999755859375,69.01811218261719,36.18042755126953,3559.057861328125,58.808998107910156,364.8291320800781,706.0357055664062,298.97918701171875,46.27415466308594,151.0401611328125,115.80194854736328,319.6253356933594,154.78982543945312,153.78932189941406,397.55853271484375,349.1034851074219,36.94901657104492,181.20501708984375,144.5684051513672,192.11712646484375,56.707611083984375,769.0036010742188,95.24378204345703,474.779052734375,516.6160888671875,88.87931060791016,419.9105224609375,62.095340728759766,628.4099731445312,87.09341430664062,92.05524444580078,122.10918426513672,24.127710342407227,150.31134033203125,23.0,84.99462890625,168.2356719970703,4.68773889541626,187.55923461914062,236.08815002441406,172.97999572753906,140.306884765625,442.86468505859375,274.76251220703125,37.22017288208008,55.78325271606445,58.830833435058594,114.4842758178711
2024-04-09,168.4602813720703,492.54998779296875,207.46670532226562,170.77999877929688,257.9712829589844,185.6699981689453,56.796539306640625,976.0838012695312,131.26239013671875,178.1199951171875,70.25006103515625,36.40232849121094,3539.597900390625,58.7423095703125,363.2954406738281,712.7608642578125,299.61328125,47.97201919555664,151.72386169433594,116.41377258300781,307.90252685546875,152.78224182128906,155.52732849121094,397.72314453125,348.4960632324219,37.084163665771484,180.71815490722656,145.23599243164062,190.82977294921875,57.138160705566406,749.1674194335938,95.84246826171875,468.1459045410156,514.278076171875,89.70889282226562,421.5819091796875,62.593177795410156,618.2000122070312,85.3152084350586,92.37339782714844,121.3998794555664,24.309255599975586,150.90859985351562,22.809999465942383,85.70040893554688,170.12522888183594,4.631260395050049,183.89866638183594,238.7176513671875,176.8800048828125,142.87149047851562,446.4775390625,273.7337341308594,37.0162467956543,55.58054733276367,58.84067916870117,115.08257293701172
2024-04-10,166.583740234375,487.2200012207031,206.3229217529297,167.13999938964844,254.24046325683594,185.9499969482422,56.68787384033203,961.0751342773438,130.11021423339844,174.6300048828125,71.78999328613281,35.3603401184082,3544.193603515625,57.33234405517578,363.4615478515625,716.7184448242188,296.8883972167969,47.204620361328125,152.35134887695312,115.6440658569336,308.39300537109375,154.8788299560547,155.0704803466797,388.0877685546875,338.02435302734375,37.6697998046875,177.5965576171875,143.2427978515625,189.20361328125,56.37274169921875,753.8568115234375,94.69039916992188,465.18133544921875,517.1932373046875,87.39179229736328,418.59515380859375,61.28158187866211,618.5800170898438,86.99945831298828,90.99468994140625,119.94184875488281,23.89169692993164,151.46730041503906,22.420000076293945,84.43000030517578,165.56130981445312,4.584194660186768,180.30662536621094,236.64883422851562,171.75999450683594,143.67724609375,437.0860595703125,271.5179138183594,36.7262077331543,54.962772369384766,59.65749740600586,116.0512466430664
2024-04-11,173.79197692871094,484.2799987792969,210.00076293945312,170.5,257.6278076171875,189.0500030517578,57.241111755371094,978.401123046875,136.0225830078125,173.36000061035156,72.04023742675781,35.070892333984375,3595.32861328125,57.83726501464844,363.3736267089844,726.4091796875,296.42266845703125,47.51158142089844,151.620849609375,115.6045913696289,311.2281188964844,155.93699645996094,158.31808471679688,384.9115295410156,334.94842529296875,36.89495849609375,177.46290588378906,141.89810180664062,189.16490173339844,56.49712371826172,751.4923706054688,96.84092712402344,464.3286437988281,520.5062866210938,82.80528259277344,423.2136535644531,61.21455764770508,628.780029296875,90.5748291015625,90.95612335205078,121.40972900390625,23.90985107421875,150.1186981201172,22.84000015258789,84.1571044921875,169.69886779785156,4.480650424957275,181.72581481933594,238.7756805419922,174.60000610351562,144.64019775390625,428.99603271484375,272.7049560546875,36.39990997314453,54.72145080566406,59.13591766357422,115.6618881225586
2024-04-12,175.2912139892578,474.0899963378906,204.95236206054688,163.27999877929688,255.03244018554688,186.1300048828125,55.9765510559082,948.4826049804688,132.2453155517578,169.5500030517578,68.61388397216797,34.53059768676758,3490.498779296875,56.85600662231445,357.1705322265625,725.3776245117188,291.63671875,46.51396560668945,148.876708984375,112.50601196289062,312.4444885253906,153.1927490234375,156.6495819091797,377.17413330078125,330.6093444824219,36.60664749145508,173.9976806640625,140.6869354248047,176.93011474609375,55.76041030883789,743.6271362304688,94.2374496459961,461.4235534667969,509.3034362792969,82.18547821044922,417.25018310546875,60.39121627807617,622.8300170898438,88.14595031738281,90.16554260253906,119.31135559082031,23.474136352539062,149.62745666503906,22.670000076293945,83.6113052368164,165.9779510498047,4.377105712890625,176.939697265625,234.8893585205078,171.0500030517578,140.0415802001953,426.5486145019531,272.98193359375,36.00110626220703,54.50909423828125,59.185123443603516,114.31333923339844
2024-04-15,171.45872497558594,470.1000061035156,202.80284118652344,160.32000732421875,253.3435516357422,183.6199951171875,55.51715850830078,941.5599975585938,128.9610137939453,167.82000732421875,67.96903228759766,34.68496322631836,3444.86865234375,55.789005279541016,355.4903564453125,712.453369140625,270.4119567871094,46.27415466308594,147.59359741210938,111.45999145507812,309.2857360839844,152.27139282226562,153.79922485351562,388.2040100097656,325.8459777832031,36.55258560180664,173.0239715576172,140.75369262695312,177.0269012451172,55.626468658447266,742.766357421875,93.16709899902344,455.881103515625,497.692626953125,82.94830322265625,409.08123779296875,60.075279235839844,607.1500244140625,85.96192932128906,91.02362060546875,118.09961700439453,23.51952362060547,149.74301147460938,21.899999618530273,83.37603759765625,164.5729217529297,4.367692470550537,176.40138244628906,233.63259887695312,161.47999572753906,137.70297241210938,432.7934265136719,268.3524169921875,36.354591369628906,54.991729736328125,58.978450775146484,113.65805053710938
2024-04-16,168.17234802246094,476.2200012207031,206.54969787597656,163.4600067138672,253.4675750732422,183.32000732421875,55.606075286865234,963.3530883789062,130.76844787597656,170.5500030517578,66.9969482421875,33.45965576171875,3427.2177734375,54.32187271118164,351.5535583496094,710.1620483398438,274.880859375,45.96718978881836,146.36669921875,112.37772369384766,309.3544006347656,155.3029327392578,153.34237670898438,384.31109619140625,322.8568115234375,35.72369384765625,175.41049194335938,137.75914001464844,175.00392150878906,55.5499267578125,738.779296875,94.84696960449219,455.9107971191406,497.2250061035156,84.99840545654297,410.0108337402344,59.070037841796875,617.52001953125,87.37528991699219,89.85701751708984,118.82864379882812,23.319820404052734,150.22463989257812,21.8799991607666,84.22298431396484,163.3520050048828,4.301800727844238,176.72438049316406,228.6538848876953,157.11000061035156,137.36888122558594,455.3833923339844,268.42169189453125,36.04642868041992,54.45117950439453,58.8898811340332,112.71786499023438
2024-04-17,166.8021697998047,474.45001220703125,197.09384155273438,154.02000427246094,251.9695587158203,181.27999877929688,55.07258987426758,895.0055541992188,126.20013427734375,170.2100067138672,66.2365951538086,33.99029541015625,3403.63671875,55.41745376586914,350.0296325683594,709.3883056640625,273.8008117675781,45.842491149902344,146.4790802001953,111.45012664794922,304.28265380859375,154.2230682373047,154.40505981445312,391.13818359375,320.92828369140625,36.02101135253906,174.79000854492188,138.0643310546875,174.30699157714844,55.98046875,742.766357421875,89.82807159423828,456.2479248046875,491.6633605957031,85.89473724365234,407.3010559082031,61.070953369140625,613.6900024414062,83.99681854248047,89.74132537841797,116.9075927734375,23.074729919433594,151.19760131835938,21.309999465942383,85.23929595947266,159.22409057617188,4.386518478393555,176.1175537109375,226.18869018554688,155.4499969482422,136.61227416992188,465.19244384765625,269.7472229003906,36.05548858642578,55.19443893432617,58.70289993286133,112.660888671875
2024-04-18,165.84901428222656,473.17999267578125,191.60177612304688,155.0800018310547,250.70999145507812,179.22000122070312,54.77126693725586,876.6837158203125,123.87415313720703,170.22999572753906,66.29434204101562,34.51130294799805,3390.02783203125,55.560359954833984,349.648681640625,705.4804077148438,269.4409484863281,46.149452209472656,147.5748748779297,110.94686126708984,303.0662841796875,151.51844787597656,154.94134521484375,390.36346435546875,320.9862365722656,36.39040756225586,173.23397827148438,138.98939514160156,175.43948364257812,56.36317443847656,737.997802734375,87.52983093261719,450.8343200683594,499.254638671875,86.06637573242188,399.8144836425781,61.28158187866211,610.5599975585938,84.63253021240234,89.24961853027344,114.2772445678711,23.04749870300293,152.4938201904297,21.1299991607666,85.8227310180664,156.4334259033203,4.4712371826171875,174.8451690673828,224.12953186035156,149.92999267578125,129.9698486328125,478.9737243652344,268.44146728515625,36.37272262573242,56.70026397705078,58.319087982177734,112.5564193725586
2024-04-19,163.8235626220703,465.0199890136719,187.1154327392578,146.63999938964844,256.6068420410156,174.6300048828125,54.42054748535156,847.6031494140625,118.53343963623047,169.82000732421875,66.47721099853516,35.66907501220703,3374.886962890625,56.341556549072266,347.71722412109375,703.75439453125,267.905029296875,46.35088348388672,149.85072326660156,111.12448120117188,297.2588195800781,146.68380737304688,153.03451538085938,391.225341796875,323.3678894042969,36.507537841796875,173.33897399902344,141.0588836669922,179.84361267089844,57.56869888305664,718.5671997070312,85.69143676757812,451.5184631347656,478.62982177734375,86.44779205322266,394.7212219238281,61.5592155456543,555.0399780273438,76.16539001464844,90.97541046142578,113.17387390136719,23.601219177246094,153.31790161132812,20.469999313354492,88.24120330810547,152.74156188964844,4.4712371826171875,172.0361328125,221.11328125,147.0500030517578,125.47930908203125,486.6947021484375,266.8686218261719,36.69901657104492,58.25436019897461,58.584800720214844,113.84797668457031
2024-04-22,164.65757751464844,466.8900146484375,186.8097686767578,148.63999938964844,259.4502868652344,177.22999572753906,55.25535202026367,859.939453125,120.47667694091797,170.47999572753906,68.02677154541016,36.40232849121094,3422.503173828125,58.06591033935547,350.60943603515625,709.6561889648438,271.3136901855469,46.178226470947266,151.64892578125,110.51265716552734,302.232421875,148.79400634765625,155.20948791503906,404.1531982421875,324.0910339355469,37.49861145019531,173.6444549560547,142.2128143310547,183.33787536621094,57.93227005004883,723.5336303710938,85.47677612304688,452.86688232421875,479.2864685058594,87.81134033203125,396.54095458984375,62.52615737915039,554.5999755859375,79.48188018798828,91.7081527709961,112.82908630371094,23.83723258972168,155.6446990966797,20.969999313354492,88.51410675048828,155.21249389648438,4.574781894683838,174.39492797851562,222.6407470703125,142.0500030517578,127.49364471435547,477.0798645019531,269.3910827636719,34.98596954345703,58.97831726074219,59.185123443603516,114.49375915527344
2024-04-23,165.7100067138672,472.8999938964844,190.53688049316406,152.27000427246094,261.0055847167969,179.5399932861328,56.440887451171875,889.0494995117188,122.90990447998047,169.17999267578125,69.78807830810547,37.01980972290039,3492.663330078125,59.70452117919922,356.1390686035156,716.8175659179688,274.1575012207031,46.35088348388672,152.51995849609375,112.20996856689453,306.89215087890625,161.1084747314453,157.1759490966797,410.5929260253906,326.8777160644531,37.74187469482422,173.92129516601562,142.63246154785156,185.98037719726562,58.01838302612305,737.740478515625,87.38212585449219,458.88531494140625,493.58355712890625,89.40377044677734,403.0780944824219,63.37822341918945,577.75,82.38555145263672,93.7906723022461,113.3807601928711,23.89169692993164,156.57545471191406,21.639999389648438,91.90184020996094,156.34620666503906,4.697151184082031,184.01611328125,222.74708557128906,144.67999267578125,131.10964965820312,472.1753234863281,271.15191650390625,35.98297882080078,58.823875427246094,58.15179443359375,114.94010925292969
2024-04-24,167.81492614746094,477.1199951171875,193.3174285888672,151.74000549316406,260.4999084472656,176.58999633789062,57.45351791381836,879.927978515625,123.66063690185547,164.3300018310547,71.8284912109375,36.97156524658203,3476.38623046875,59.51398468017578,356.4037780761719,718.017822265625,273.6719665527344,46.379669189453125,153.19427490234375,112.41719818115234,312.72900390625,157.71035766601562,158.0399932861328,409.6632995605469,321.1019287109375,37.561676025390625,175.74462890625,141.65016174316406,186.89024353027344,58.889041900634766,724.3943481445312,87.13301086425781,458.5679931640625,490.99676513671875,89.48958587646484,404.55169677734375,63.72287368774414,555.1199951171875,79.64080810546875,94.82229614257812,113.62704467773438,23.8463077545166,157.64190673828125,21.59000015258789,93.1816635131836,158.5554962158203,4.753631114959717,184.07485961914062,225.13494873046875,162.1300048828125,130.65765380859375,473.2630615234375,272.0521240234375,35.79264450073242,58.49567794799805,58.919403076171875,114.95912170410156
2024-04-25,168.67868041992188,473.44000244140625,194.73727416992188,153.75999450683594,257.0362243652344,173.6699981689453,58.787235260009766,889.9765014648438,127.36016845703125,166.80999755859375,72.29048156738281,36.57599639892578,3461.521728515625,58.86616516113281,331.38336181640625,717.1535034179688,270.64984130859375,46.139854431152344,154.79579162597656,111.2823715209961,311.0711364746094,159.76112365722656,154.93142700195312,406.767822265625,320.1087341308594,37.6697998046875,161.2440185546875,140.0193634033203,187.17091369628906,59.070831298828125,717.1425170898438,88.7656021118164,458.18133544921875,439.1411437988281,88.25951385498047,394.6421203613281,64.04839324951172,564.7999877929688,82.59446716308594,95.50682830810547,113.1837387084961,22.929492950439453,157.5934295654297,21.709999084472656,90.42442321777344,158.2357635498047,4.7630438804626465,181.15814208984375,217.8650360107422,170.17999267578125,134.2048797607422,479.63409423828125,272.1905517578125,35.54792404174805,57.84894561767578,59.254005432128906,115.22502899169922
2024-04-26,168.09291076660156,477.55999755859375,200.53504943847656,157.39999389648438,257.60870361328125,179.6199951171875,59.51830291748047,908.0924682617188,132.2453155517578,167.22000122070312,72.71395874023438,36.49881362915039,3479.904296875,59.69499588012695,336.6580810546875,724.42578125,271.789306640625,45.90964126586914,155.3671112060547,111.24290466308594,318.13421630859375,160.8409881591797,170.7721710205078,414.0500183105469,323.1075439453125,37.75088882446289,159.5447998046875,139.37086486816406,187.28709411621094,59.070831298828125,725.6903686523438,91.11898803710938,458.48876953125,441.0414733886719,88.51697540283203,401.84185791015625,63.177162170410156,561.22998046875,87.69514465332031,93.94493865966797,115.46927642822266,23.056575775146484,156.371826171875,22.520000457763672,89.4175033569336,160.52255249023438,4.810109615325928,182.22499084472656,219.17013549804688,168.2899932861328,135.89495849609375,481.0812072753906,271.5574645996094,35.9648551940918,57.82963943481445,59.20479965209961,112.02459716796875
2024-04-29,172.26295471191406,473.07000732421875,202.38873291015625,160.1999969482422,263.7154235839844,180.9600067138672,60.32841110229492,899.0012817382812,131.7090606689453,173.49000549316406,73.54168701171875,36.22866439819336,3473.69775390625,59.31391906738281,342.9523620605469,721.5943603515625,273.22607421875,45.8328971862793,155.77919006347656,110.60147857666016,320.30224609375,162.9611053466797,165.0118865966797,417.18756103515625,324.75634765625,38.00315856933594,159.8311767578125,140.0193634033203,187.08383178710938,59.35785675048828,729.341064453125,91.45770263671875,453.2139587402344,430.4255676269531,88.64208221435547,397.81671142578125,64.54622650146484,559.489990234375,87.71713256835938,93.60748291015625,114.75997161865234,23.274431228637695,156.73056030273438,22.829999923706055,89.96331787109375,163.95278930664062,4.8418121337890625,179.86619567871094,220.35923767089844,194.0500030517578,136.0914764404297,474.9432678222656,268.9064025878906,36.33646774291992,57.72346115112305,59.283531188964844,113.62005615234375
2024-04-30,169.11557006835938,462.8299865722656,195.87118530273438,158.3800048828125,261.38726806640625,175.0,59.6566162109375,862.142822265625,127.93574523925781,167.83999633789062,72.04023742675781,35.70766067504883,3411.661865234375,58.42792892456055,328.0205383300781,718.1867065429688,266.488037109375,45.065494537353516,151.0401611328125,109.6343994140625,312.2090759277344,160.31590270996094,161.66497802734375,413.2171936035156,322.26861572265625,39.264530181884766,158.65701293945312,137.89263916015625,185.59320068359375,59.09953308105469,772.77294921875,88.07042694091797,447.36407470703125,427.988037109375,87.41989135742188,385.0390625,64.11540985107422,550.6400146484375,86.36276245117188,93.64604949951172,112.0606689453125,23.25627899169922,158.2235870361328,21.969999313354492,89.34223175048828,160.7066650390625,4.6112494468688965,177.36058044433594,219.75018310546875,183.27999877929688,134.95166015625,469.7668151855469,265.7112731933594,35.79264450073242,57.260128021240234,58.40766143798828,112.3189926147461
2024-05-01,168.09291076660156,469.3900146484375,191.27638244628906,144.27000427246094,264.66009521484375,179.0,58.910728454589844,842.7452392578125,122.28709411621094,171.4600067138672,72.67546844482422,35.649776458740234,3375.697509765625,58.44697952270508,324.5890808105469,717.5111083984375,266.2403564453125,44.93119812011719,149.50421142578125,109.0225830078125,306.0975341796875,158.21559143066406,162.7375946044922,413.44964599609375,320.09906005859375,39.32759475708008,156.96734619140625,144.17739868164062,185.7093505859375,59.25261306762695,768.4694213867188,85.47972106933594,438.3117370605469,436.9621887207031,88.09354400634766,390.5873107910156,65.68549346923828,551.7100219726562,83.0032730102539,94.0027847290039,112.92759704589844,24.672353744506836,158.41751098632812,22.1200008392334,90.38677978515625,159.0206298828125,4.6112494468688965,176.2447967529297,219.28616333007812,179.99000549316406,132.59341430664062,470.1649475097656,264.4352111816406,35.5297966003418,57.45318603515625,57.91559600830078,110.19170379638672
2024-05-02,171.7963104248047,476.57000732421875,195.14157104492188,146.16000366210938,265.63336181640625,184.72000122070312,59.770233154296875,859.9788208007812,121.86498260498047,178.85000610351562,77.31452941894531,35.582237243652344,3432.297607421875,58.627994537353516,328.8735046386719,727.6644897460938,269.6490173339844,44.883243560791016,150.53440856933594,111.13435363769531,309.2759094238281,161.12828063964844,165.47866821289062,418.8919372558594,323.5317687988281,40.10242462158203,157.21554565429688,142.9757537841797,185.51577758789062,59.310020446777344,747.8515014648438,87.01385498046875,437.3499755859375,439.43963623046875,89.16175079345703,393.4552917480469,65.9152603149414,565.1500244140625,85.77801513671875,93.84851837158203,113.25269317626953,25.144378662109375,158.84408569335938,22.549999237060547,91.5724868774414,174.5147247314453,4.678496837615967,176.8026885986328,223.12413024902344,180.00999450683594,133.8609619140625,478.76971435546875,264.7220153808594,35.28507614135742,57.75242233276367,58.76194381713867,110.39114379882812
2024-05-03,182.07252502441406,486.17999267578125,201.235107421875,150.60000610351562,297.0257873535156,186.2100067138672,60.58033752441406,890.9577026367188,125.7553939819336,179.7899932861328,78.27699279785156,35.9392204284668,3535.54541015625,59.11807632446289,330.1578369140625,739.0498657226562,271.1650695800781,45.199790954589844,150.08486938476562,112.16063690185547,315.3467102050781,162.5846405029297,166.0944366455078,424.3244934082031,330.59002685546875,40.048377990722656,158.1892547607422,142.35586547851562,184.4026336669922,59.482234954833984,727.134765625,89.46078491210938,439.8088684082031,449.6674499511719,90.11446380615234,402.1781005859375,67.1502914428711,579.3400268554688,88.74866485595703,93.7810287475586,114.08023071289062,25.244230270385742,159.44517517089844,23.329999923706055,91.65718841552734,174.06900024414062,4.640069484710693,179.552978515625,225.12527465820312,181.19000244140625,139.09828186035156,478.2647705078125,265.592529296875,35.248809814453125,57.85860061645508,58.870201110839844,110.16321563720703
2024-05-06,180.4144287109375,493.5899963378906,205.93838500976562,155.77999877929688,285.7569580078125,188.6999969482422,61.64237594604492,906.0667114257812,128.92361450195312,178.35000610351562,78.48873138427734,36.363739013671875,3556.330078125,60.35771560668945,335.4031677246094,751.5180053710938,273.1170959472656,45.19020462036133,152.00485229492188,114.93356323242188,321.9783020019531,166.4087371826172,166.94854736328125,429.64093017578125,330.0500793457031,40.34569549560547,160.95762634277344,141.6978302001953,185.84486389160156,59.65445327758789,758.5067749023438,91.03724670410156,445.5496520996094,463.31787109375,91.2211685180664,408.9822692871094,68.21296691894531,596.969970703125,92.09813690185547,94.22454071044922,116.58248138427734,25.561939239501953,159.42578125,25.209999084472656,91.7042236328125,176.21046447753906,4.707317352294922,181.4713592529297,227.7644805908203,184.75999450683594,140.34620666503906,480.13916015625,269.72747802734375,35.64762496948242,58.09991455078125,58.919403076171875,110.87547302246094
2024-05-07,181.0994873046875,492.2699890136719,204.41993713378906,154.42999267578125,286.5393981933594,188.75999450683594,61.60779571533203,897.4697265625,128.21519470214844,176.7100067138672,76.39056396484375,36.508460998535156,3563.247802734375,59.57933807373047,338.2463684082031,766.2810668945312,274.6529541015625,45.35326385498047,152.35134887695312,103.99971771240234,322.1652526855469,167.21121215820312,170.07696533203125,429.766845703125,328.5072937011719,40.52589416503906,160.73806762695312,141.8313446044922,185.60287475585938,59.91278076171875,769.478515625,90.08899688720703,449.2082824707031,465.8648986816406,92.18352508544922,404.8285827636719,68.88311767578125,606.0,90.51285552978516,95.51647186279297,116.17858123779297,25.207918167114258,160.70555114746094,21.399999618530273,91.77952575683594,174.5631866455078,4.832205295562744,183.5561065673828,223.56881713867188,177.80999755859375,138.65611267089844,486.52960205078125,273.4765319824219,35.629493713378906,58.167484283447266,59.65749740600586,110.32466888427734
2024-05-08,181.4370880126953,488.1000061035156,204.4593505859375,153.6199951171875,293.2281799316406,188.0,62.54139709472656,900.68115234375,130.40538024902344,180.35000610351562,75.51472473144531,36.383033752441406,3617.19970703125,60.300052642822266,337.7561340332031,758.4326171875,276.4266357421875,46.0439338684082,152.2296142578125,104.049072265625,325.0875244140625,167.2904815673828,168.2197723388672,432.8172607421875,326.7137756347656,40.90430450439453,162.18907165527344,142.05068969726562,189.3778533935547,60.132835388183594,766.7379760742188,89.92851257324219,450.9037170410156,470.2027587890625,92.03916931152344,406.0153503417969,69.7447738647461,609.469970703125,90.37093353271484,96.02745819091797,115.6466064453125,25.661788940429688,160.03659057617188,21.559999465942383,92.45706939697266,174.95077514648438,4.851418972015381,186.2672576904297,224.07151794433594,174.72000122070312,141.10279846191406,488.7148132324219,274.1986083984375,35.783573150634766,59.10380554199219,59.34257888793945,110.30567169189453
2024-05-09,183.2540283203125,482.6499938964844,203.44378662109375,152.38999938964844,298.5238342285156,189.5,63.035369873046875,902.7267456054688,128.46707153320312,181.25,76.47718048095703,36.93297576904297,3735.82568359375,60.847801208496094,344.89361572265625,773.9606323242188,272.6612854003906,45.842491149902344,154.9550018310547,104.4043197631836,327.90155029296875,165.943115234375,168.79580688476562,441.1549987792969,335.0158996582031,40.5684814453125,160.29946899414062,142.90899658203125,191.16854858398438,60.16154098510742,763.3248291015625,89.36329650878906,451.61761474609375,473.0085144042969,94.41616821289062,407.7757568359375,71.4010238647461,612.0900268554688,88.70668029785156,96.6155776977539,114.90774536132812,25.96586036682129,160.9770050048828,21.139999389648438,93.5957260131836,174.94107055664062,4.851418972015381,187.9115753173828,219.68252563476562,171.97000122070312,140.306884765625,492.42474365234375,275.5340881347656,36.06455612182617,59.49213409423828,59.686241149902344,112.48045349121094
2024-05-10,181.99139404296875,482.2900085449219,206.7961883544922,151.9199981689453,295.9380187988281,187.47999572753906,63.01560592651367,919.2785034179688,131.13641357421875,178.50999450683594,77.03541564941406,37.09699630737305,3761.245361328125,61.049598693847656,347.8446960449219,782.0575561523438,274.1476135253906,46.10148620605469,155.3015594482422,104.39444732666016,325.25482177734375,161.86141967773438,167.49476623535156,440.3511962890625,334.0420227050781,40.67109298706055,161.14784240722656,142.9662322998047,192.3978271484375,60.525115966796875,751.8978271484375,90.13922119140625,453.0949401855469,473.78448486328125,94.57977294921875,410.1690673828125,70.64469909667969,610.8699951171875,89.83717346191406,98.43778228759766,114.93729400634766,25.809219360351562,161.76231384277344,20.600000381469727,93.783935546875,176.43331909179688,4.832205295562744,186.01278686523438,211.5038604736328,168.47000122070312,146.6643524169922,498.0382385253906,277.7102966308594,36.6174430847168,60.08433532714844,59.72574234008789,112.02459716796875
2024-05-13,185.2026824951172,483.1099853515625,203.73956298828125,150.55999755859375,294.3159484863281,186.57000732421875,62.813079833984375,906.3829345703125,131.59986877441406,178.44000244140625,81.42424011230469,36.865440368652344,3701.20556640625,60.9246826171875,349.69769287109375,770.0960693359375,274.9898681640625,46.69622039794922,154.0933837890625,104.43392181396484,323.2279357910156,158.01747131347656,167.98141479492188,439.21820068359375,328.76763916015625,41.016239166259766,161.54315185546875,144.21556091308594,192.35911560058594,60.83128356933594,749.6224365234375,88.99404907226562,453.86834716796875,465.63604736328125,94.84922790527344,409.1603088378906,71.4010238647461,616.5900268554688,90.3579330444336,98.59204864501953,114.64176177978516,26.205432891845703,160.8121795654297,20.940000534057617,93.43574523925781,178.4972686767578,4.861025333404541,185.92469787597656,208.4683074951172,171.88999938964844,143.8639373779297,496.9990539550781,276.3748779296875,36.74433517456055,59.47271728515625,59.656620025634766,111.97711944580078
2024-05-14,186.34603881835938,475.95001220703125,206.8849639892578,153.16000366210938,297.1402893066406,187.07000732421875,63.504638671875,904.1991577148438,135.78347778320312,180.75999450683594,76.52531433105469,37.13558578491211,3728.730224609375,61.107261657714844,351.1683349609375,772.828125,274.2763977050781,46.955223083496094,153.23175048828125,103.96025085449219,325.1367492675781,158.51283264160156,169.17318725585938,443.9729309082031,328.3240661621094,41.71585464477539,161.35031127929688,144.36814880371094,195.0499725341797,60.37202835083008,755.8355102539062,89.85563659667969,450.3385925292969,469.4566345214844,95.63835906982422,411.9690246582031,72.20521545410156,613.6599731445312,91.31449890136719,99.60438537597656,119.0749282836914,26.150146484375,160.70555114746094,21.440000534057617,93.95330810546875,183.1096649169922,4.889845848083496,185.6702117919922,209.89907836914062,177.5500030517578,149.30760192871094,499.07745361328125,274.7427062988281,36.69901657104492,60.08433532714844,59.11347579956055,112.65686798095703
2024-05-15,188.62281799316406,485.3500061035156,214.44766235351562,159.6699981689453,304.420654296875,185.99000549316406,65.18412780761719,926.3240356445312,141.30718994140625,176.99000549316406,77.94974517822266,37.540802001953125,3748.1796875,61.73188018798828,352.9919128417969,781.9085083007812,284.9184875488281,47.6458740234375,152.70724487304688,101.4142837524414,332.52593994140625,161.95057678222656,171.32833862304688,451.3520202636719,336.2019348144531,41.76249694824219,162.21798706054688,145.598388671875,195.63072204589844,60.400733947753906,779.9570922851562,93.32267761230469,454.1062927246094,479.097412109375,96.73543548583984,419.1718444824219,73.76573944091797,613.52001953125,94.58700561523438,99.51761627197266,119.82362365722656,26.555574417114258,161.4326629638672,21.670000076293945,94.6402816772461,188.5747528076172,5.024340629577637,188.35202026367188,212.24826049804688,173.99000549316406,152.87448120117188,502.6416931152344,278.4621276855469,36.69901657104492,60.52120590209961,59.08385467529297,113.52809143066406
2024-05-16,188.74212646484375,482.8800048828125,211.0360565185547,162.6199951171875,302.43145751953125,183.6300048828125,65.0606460571289,908.6556396484375,138.9418487548828,182.9600067138672,83.44540405273438,37.839900970458984,3691.33251953125,61.63578414916992,343.8543701171875,787.8992309570312,282.0845642089844,46.37007522583008,152.3950653076172,102.00637817382812,324.87103271484375,159.62242126464844,172.9868927001953,449.8316345214844,330.47430419921875,41.445335388183594,162.9025115966797,147.13380432128906,195.97921752929688,60.582523345947266,764.1997680664062,92.8451156616211,454.9688720703125,470.8296203613281,95.8308334350586,417.10113525390625,73.15302276611328,610.52001953125,94.31613159179688,99.00662994384766,120.34577178955078,26.64771842956543,162.7415008544922,21.649999618530273,94.7249755859375,187.2763214111328,4.93787956237793,188.9615020751953,208.45864868164062,174.83999633789062,149.58273315429688,506.254638671875,277.3323669433594,36.48148727416992,59.27855682373047,63.21172332763672,112.84834289550781
2024-05-17,188.77191162109375,483.42999267578125,209.11334228515625,164.47000122070312,300.2693176269531,184.6999969482422,65.15943908691406,914.0213623046875,137.28494262695312,184.9499969482422,85.21633911132812,37.907432556152344,3664.984375,61.56852340698242,349.29571533203125,790.6212768554688,283.006103515625,46.207000732421875,153.88978576660156,101.88795471191406,324.93011474609375,158.40382385253906,174.85401916503906,452.930419921875,331.9013671875,41.54794692993164,162.9603271484375,147.47714233398438,198.224853515625,60.30506134033203,763.08984375,89.80935668945312,456.3569641113281,469.51629638671875,96.44673156738281,416.328369140625,72.84667205810547,621.0999755859375,92.43698120117188,98.89093017578125,121.66586303710938,26.389719009399414,162.52821350097656,21.760000228881836,93.94391632080078,187.84800720214844,5.043553829193115,191.07241821289062,212.45127868652344,177.4600067138672,149.0422821044922,509.5177917480469,277.5900573730469,36.30927658081055,59.297969818115234,63.8437385559082,114.54293060302734
2024-05-20,189.93516540527344,484.69000244140625,216.8732452392578,166.3300018310547,302.2585144042969,183.5399932861328,65.87568664550781,928.3201293945312,139.12879943847656,186.61000061035156,84.96609497070312,37.45397186279297,3724.5498046875,60.694053649902344,355.6488952636719,787.8296508789062,284.45281982421875,45.20938491821289,152.44235229492188,101.54257202148438,327.8916931152344,157.79953002929688,175.70814514160156,448.3016052246094,325.73992919921875,41.221458435058594,163.81838989257812,145.42938232421875,189.31008911132812,59.86494445800781,776.1514892578125,92.76043701171875,455.7521667480469,466.4618225097656,96.5525894165039,421.4110107421875,72.63604736328125,640.8200073242188,94.73695373535156,99.15123748779297,122.67071533203125,26.288362503051758,162.20828247070312,21.6200008392334,93.71805572509766,191.62704467773438,5.005127429962158,193.55001831054688,213.1666717529297,174.9499969482422,150.87977600097656,502.3309631347656,276.0440368652344,36.36365509033203,58.92906188964844,63.379600524902344,113.61425018310547
2024-05-21,191.23757934570312,481.8500061035156,216.72537231445312,164.66000366210938,302.5564270019531,183.14999389648438,66.88338470458984,914.31787109375,137.66964721679688,184.77999877929688,82.89680480957031,38.2547721862793,3777.641357421875,62.21236038208008,352.0409240722656,795.7079467773438,281.1729431152344,45.02712631225586,151.3355255126953,101.65113067626953,331.31573486328125,159.50352478027344,176.63174438476562,455.5354309082031,324.1296081542969,41.58526611328125,167.24090576171875,145.4005584716797,193.12379455566406,60.190242767333984,795.962158203125,94.92278289794922,455.1969299316406,462.273193359375,97.7074203491211,425.07684326171875,73.66999816894531,650.6099853515625,95.34266662597656,99.15123748779297,122.77908325195312,26.316001892089844,163.216552734375,21.239999771118164,94.32032012939453,194.62124633789062,4.995520114898682,192.9752197265625,212.06459045410156,186.60000610351562,150.9976806640625,508.4689025878906,273.47723388671875,35.910465240478516,59.66687774658203,64.3375015258789,112.82919311523438
2024-05-22,189.7959747314453,483.92999267578125,215.49058532714844,165.52000427246094,297.3288269042969,183.1300048828125,66.47339630126953,911.4126586914062,136.98484802246094,186.27999877929688,79.5763168334961,38.36089324951172,3780.369140625,61.32828140258789,348.9721984863281,796.6318969726562,281.232421875,45.497161865234375,149.06504821777344,101.6609878540039,330.77459716796875,159.31527709960938,175.17181396484375,447.7593078613281,318.7684020996094,41.240116119384766,167.45301818847656,147.5732879638672,191.95257568359375,60.2763557434082,795.7044067382812,95.09706115722656,452.6388854980469,465.4072265625,96.94715881347656,426.54315185546875,73.06685638427734,640.469970703125,94.90687561035156,98.30281066894531,122.74952697753906,27.2742919921875,162.69302368164062,21.170000076293945,95.11080169677734,196.63671875,4.9282732009887695,192.17247009277344,209.42538452148438,180.11000061035156,153.4345703125,506.3322448730469,273.11053466796875,36.06455612182617,59.152339935302734,64.4362564086914,110.56016540527344
2024-05-23,185.79922485351562,483.30999755859375,215.29302978515625,160.42999267578125,294.5324401855469,181.0500030517578,67.37735748291016,923.1915893554688,137.088134765625,172.2100067138672,77.76688385009766,37.79165267944336,3708.7958984375,60.559513092041016,343.83477783203125,791.14794921875,276.03033447265625,44.70098114013672,148.4690704345703,99.3321304321289,332.97857666015625,163.7239227294922,172.36123657226562,443.6630554199219,315.2007751464844,40.85765838623047,164.5414581298828,143.9199981689453,190.60714721679688,59.405696868896484,801.1947631835938,94.34477996826172,447.3740539550781,463.4173583984375,95.1956787109375,423.0556640625,72.10948181152344,635.6699829101562,103.75186157226562,97.4832992553711,122.24710845947266,26.435789108276367,160.44378662109375,20.719999313354492,93.77452087402344,195.50299072265625,4.889845848083496,193.2725372314453,207.5789031982422,173.74000549316406,154.35821533203125,501.9424743652344,271.77264404296875,35.738258361816406,57.938812255859375,64.03135681152344,108.6740951538086
2024-05-24,188.8813018798828,475.42999267578125,218.19717407226562,166.36000061035156,293.8982238769531,180.75,67.29830932617188,944.9014892578125,138.5197296142578,174.52000427246094,78.20962524414062,38.303009033203125,3750.966796875,61.097652435302734,342.0699768066406,804.4505615234375,269.8075256347656,44.528316497802734,149.2353515625,100.41761779785156,335.40887451171875,165.7747039794922,173.79136657714844,446.5972595214844,313.4747619628906,41.39870071411133,164.75357055664062,141.29541015625,194.27565002441406,59.31958770751953,800.1838989257812,95.56970977783203,447.3442687988281,475.7942810058594,95.2437973022461,426.18646240234375,73.34449768066406,646.75,106.42063903808594,96.92410278320312,121.08462524414062,26.610858917236328,160.2886505126953,21.010000228881836,94.03800964355469,203.8363037109375,4.909059524536133,193.62930297851562,209.62838745117188,179.24000549316406,157.2176055908203,493.53192138671875,272.0303039550781,36.01923370361328,58.453346252441406,64.56462860107422,108.58792877197266
2024-05-28,188.89125061035156,478.42999267578125,218.62196350097656,171.61000061035156,288.46881103515625,182.14999389648438,66.18195343017578,980.1097412109375,138.9733123779297,175.0800018310547,77.55514526367188,37.93638229370117,3745.798095703125,60.01177215576172,339.6875915527344,807.8681640625,267.36993408203125,44.394020080566406,150.45571899414062,101.0886459350586,331.9355773925781,166.9932403564453,175.19168090820312,445.27056884765625,316.9460754394531,41.19347381591797,163.56773376464844,138.80538940429688,193.10440063476562,59.14736557006836,800.6100463867188,95.63764953613281,441.29608154296875,477.48565673828125,94.95509338378906,426.3450012207031,74.22528076171875,649.0,113.8492660522461,96.1045913696289,122.64115905761719,26.07642936706543,158.13633728027344,21.049999237060547,94.15093231201172,206.47195434570312,4.918665885925293,190.79493713378906,211.44586181640625,176.75,156.6378631591797,489.1712341308594,268.5517578125,35.67481231689453,57.74464797973633,64.22887420654297,109.96658325195312
2024-05-29,189.1894989013672,477.6000061035156,216.37962341308594,165.13999938964844,284.7980041503906,182.02000427246094,65.73243713378906,946.5418701171875,136.83035278320312,171.64999389648438,76.09219360351562,37.35749053955078,3690.621337890625,59.58894348144531,331.4912109375,801.2615356445312,269.1436462402344,44.20217514038086,148.4312286376953,99.5492172241211,327.5375061035156,162.07936096191406,174.69508361816406,442.7140197753906,314.25579833984375,40.801692962646484,161.0514678955078,138.86309814453125,191.75897216796875,59.03255844116211,804.2471313476562,93.86327362060547,438.70831298828125,471.953857421875,93.60779571533203,425.20562744140625,73.41151428222656,654.6199951171875,114.77283477783203,95.79606628417969,121.90229797363281,25.634143829345703,156.72085571289062,20.940000534057617,93.72747039794922,201.8014373779297,4.822597980499268,188.6641845703125,206.83450317382812,176.19000244140625,151.65602111816406,470.7574157714844,266.45074462890625,35.439151763916016,57.035945892333984,64.11036682128906,108.78898620605469
2024-05-30,190.1837158203125,445.8699951171875,213.9002227783203,166.75,289.2471923828125,179.32000732421875,65.73243713378906,954.6843872070312,134.21414184570312,172.75,76.64080047607422,37.27066421508789,3710.71337890625,59.5120735168457,332.60894775390625,810.0240478515625,216.0224151611328,44.240543365478516,149.71780395507812,100.3583984375,328.826416015625,162.6737823486328,170.9310760498047,438.63201904296875,319.61541748046875,41.33340072631836,159.68243408203125,139.670654296875,192.93988037109375,59.29088592529297,807.7454833984375,93.6131591796875,438.34149169921875,464.680908203125,93.5693130493164,410.83953857421875,74.8571548461914,647.6599731445312,110.44979858398438,97.08799743652344,115.3510513305664,25.984291076660156,157.6225128173828,21.729999542236328,93.54866790771484,199.26202392578125,4.93787956237793,178.63487243652344,207.0471954345703,178.7899932861328,150.30001831054688,467.7758483886719,268.8688659667969,36.55399703979492,57.48252487182617,64.08074951171875,109.13365173339844
2024-05-31,191.13816833496094,444.760009765625,212.45802307128906,166.89999389648438,293.9078063964844,176.44000244140625,65.38665771484375,948.9826049804688,130.71826171875,177.61000061035156,75.39923095703125,38.58280563354492,3732.189208984375,59.87723922729492,331.8931884765625,804.6095581054688,232.3026123046875,44.60506057739258,153.5397491455078,102.53926086425781,327.49810791015625,163.60504150390625,171.31838989257812,444.7599792480469,325.14007568359375,41.65055847167969,160.858642578125,141.00698852539062,196.1340789794922,60.209381103515625,812.9780883789062,91.81514739990234,443.26922607421875,464.4620666503906,94.15633392333984,411.2953186035156,76.6091537475586,641.6199951171875,109.58319854736328,99.43083953857422,115.44957733154297,26.408143997192383,159.52273559570312,21.68000030517578,95.40251159667969,198.53231811523438,5.033947467803955,180.8052520751953,210.27610778808594,178.0800018310547,148.4134063720703,481.1006164550781,270.0184326171875,37.297218322753906,58.171810150146484,64.93989562988281,112.26434326171875
2024-06-03,192.90786743164062,439.0199890136719,211.5986328125,163.5500030517578,295.4165344238281,178.33999633789062,65.09522247314453,954.0518798828125,130.06396484375,184.57000732421875,74.97575378417969,38.4766731262207,3719.62744140625,59.50246047973633,324.8733825683594,810.0736694335938,234.46273803710938,44.74894714355469,148.96099853515625,101.4142837524414,319.2430419921875,159.95925903320312,171.98379516601562,443.2596740722656,318.47943115234375,41.8651123046875,159.34500122070312,142.03570556640625,195.3500518798828,60.209381103515625,823.800048828125,92.12926483154297,439.4222106933594,475.0679626464844,93.74253845214844,409.7001647949219,74.87952423095703,633.7899780273438,114.94776153564453,99.07411193847656,117.50852966308594,27.0070743560791,159.62940979003906,21.31999969482422,96.88936614990234,200.34201049804688,5.043553829193115,182.58912658691406,205.11370849609375,176.2899932861328,152.2554168701172,483.1109924316406,267.9571533203125,37.14313507080078,57.60873031616211,64.99915313720703,109.57403564453125
2024-06-04,193.22601318359375,448.3699951171875,209.6328887939453,159.99000549316406,295.36846923828125,179.33999633789062,64.24065399169922,939.5555419921875,130.94161987304688,188.6199951171875,75.50509643554688,38.283714294433594,3756.90673828125,58.64720916748047,321.1575622558594,821.9954223632812,232.7187957763672,45.48756790161133,147.70278930664062,101.96691131591797,311.08636474609375,159.88002014160156,172.59957885742188,443.57135009765625,318.7221374511719,41.54794692993164,159.85598754882812,142.09336853027344,192.7753448486328,61.175716400146484,825.1181640625,90.85902404785156,440.98876953125,474.57049560546875,92.94377899169922,412.2265930175781,74.33992767333984,631.6199951171875,116.38410949707031,101.15663146972656,118.28680419921875,27.17293357849121,161.91741943359375,22.100000381469727,97.67042541503906,198.8436279296875,4.889845848083496,182.56930541992188,203.38323974609375,174.77000427246094,149.8185577392578,490.9290771484375,269.9788818359375,37.6688346862793,56.98740768432617,65.76941680908203,107.86988067626953
2024-06-05,194.7372283935547,455.79998779296875,220.64694213867188,166.1699981689453,295.3780822753906,181.27999877929688,65.83616638183594,1029.013916015625,139.03631591796875,189.85000610351562,76.83330535888672,38.553855895996094,3786.23974609375,59.358314514160156,323.0007629394531,828.8603515625,234.37356567382812,44.144622802734375,146.61485290527344,100.16104125976562,321.33880615234375,161.0391387939453,174.20846557617188,449.7869873046875,320.6640319824219,41.18415069580078,161.36959838867188,140.33401489257812,190.93621826171875,61.156585693359375,824.295654296875,95.68294525146484,442.8627014160156,492.5488586425781,93.0207748413086,420.09326171875,74.24356079101562,650.27001953125,122.38438415527344,101.58085632324219,120.80878448486328,27.228214263916016,160.98670959472656,22.959999084472656,97.93391418457031,206.17002868652344,4.861025333404541,187.0587158203125,201.40142822265625,175.0,160.0868377685547,488.6273498535156,272.0401611328125,37.478492736816406,56.967987060546875,66.25330352783203,108.30071258544922
2024-06-06,193.3552703857422,458.1300048828125,219.04669189453125,166.77999877929688,293.75408935546875,185.0,64.6407699584961,1040.1505126953125,137.87330627441406,191.4199981689453,77.00654602050781,38.303009033203125,3765.505126953125,59.52167892456055,321.8634948730469,837.1460571289062,240.5467529296875,44.34606170654297,147.51356506347656,99.87487030029297,308.4198913574219,159.12705993652344,175.51942443847656,446.2992858886719,321.47967529296875,41.54794692993164,162.16014099121094,140.7666473388672,190.5974578857422,61.37664031982422,829.77587890625,94.74455261230469,444.86553955078125,491.2554626464844,93.20361328125,420.59857177734375,73.90631103515625,648.52001953125,120.94303894042969,102.32323455810547,121.66586303710938,26.537145614624023,163.33291625976562,23.790000915527344,98.09387969970703,203.7765350341797,4.909059524536133,191.3102569580078,203.05453491210938,177.94000244140625,159.2516326904297,487.4619445800781,274.5574951171875,37.460365295410156,56.04570770263672,66.31256866455078,109.114501953125
2024-06-07,195.75135803222656,465.42999267578125,219.02694702148438,167.8699951171875,293.1102294921875,184.3000030517578,64.53209686279297,1016.2470703125,138.4016876220703,190.24000549316406,75.46660614013672,38.613624572753906,3777.174072265625,59.367923736572266,322.5007629394531,840.06689453125,239.6450653076172,43.971954345703125,147.65550231933594,100.20051574707031,309.76788330078125,160.41497802734375,173.26498413085938,443.1914367675781,317.52789306640625,41.445335388183594,163.9051513671875,141.4011688232422,193.5399932861328,61.14701461791992,842.3619384765625,94.79674530029297,445.966064453125,490.4595031738281,93.4826889038086,419.9347839355469,72.64402770996094,641.469970703125,120.83309173583984,101.55193328857422,124.04991912841797,26.33443260192871,161.96591186523438,23.309999465942383,97.50103759765625,201.03277587890625,4.870632648468018,189.38766479492188,199.49693298339844,177.47999572753906,161.53125,476.555419921875,276.1728515625,37.106876373291016,56.657325744628906,65.05840301513672,107.94647216796875
2024-06-10,192.0031280517578,459.94000244140625,225.37855529785156,160.33999633789062,292.82196044921875,187.05999755859375,66.11278533935547,1029.379638671875,141.7302703857422,190.1199951171875,76.32319641113281,38.50685119628906,3753.033447265625,59.03159713745117,323.1576232910156,842.8088989257812,239.63514709472656,43.98154830932617,148.27987670898438,101.38468170166016,317.786865234375,161.326416015625,174.01068115234375,441.866455078125,322.897216796875,41.519962310791016,164.26187133789062,141.44923400878906,193.2108917236328,60.84084701538086,857.2372436523438,98.76990509033203,445.4306640625,500.05059814453125,92.76094055175781,423.9176025390625,74.16647338867188,644.5,121.73467254638672,101.61942291259766,122.65101623535156,25.864503860473633,162.2470703125,23.1299991607666,97.56690979003906,203.68898010253906,4.832205295562744,188.53536987304688,201.1017303466797,173.7899932861328,165.23570251464844,480.7413024902344,272.5753479003906,36.62649917602539,56.23987579345703,66.12492370605469,108.26241302490234
2024-06-11,205.95199584960938,462.69000244140625,227.16650390625,158.9600067138672,288.95892333984375,187.22999572753906,66.40422058105469,1023.7471923828125,143.75320434570312,185.5,74.97575378417969,37.720603942871094,3753.013671875,56.830997467041016,320.9026794433594,843.7725219726562,238.7929229736328,43.904808044433594,148.04336547851562,99.53936004638672,314.0381164550781,158.86947631835938,175.61148071289062,432.8255310058594,325.96539306640625,40.409908294677734,163.2399444580078,141.093505859375,188.1291961669922,60.802574157714844,858.0499267578125,98.44300079345703,445.22247314453125,504.8959045410156,91.83708190917969,428.6831970214844,70.0905532836914,648.5499877929688,120.86500549316406,100.76134490966797,122.04021453857422,25.827646255493164,162.3730926513672,23.850000381469727,97.69866180419922,202.88143920898438,4.726531028747559,187.04879760742188,198.4818572998047,170.66000366210938,162.82830810546875,481.9261474609375,272.2087097167969,36.635562896728516,55.46321105957031,65.8978042602539,107.39118194580078
2024-06-12,211.8377685546875,459.8699951171875,234.7528533935547,160.24000549316406,289.3240661621094,186.88999938964844,67.86144256591797,1056.2081298828125,147.145751953125,182.6699981689453,75.11048889160156,38.25447463989258,3839.8974609375,57.66703414916992,322.29486083984375,842.2823486328125,233.6502227783203,43.76091766357422,145.89585876464844,99.47027587890625,321.9094543457031,159.5530548095703,176.77481079101562,437.14141845703125,334.1407775878906,40.922950744628906,162.93142700195312,139.79563903808594,185.38992309570312,60.16154098510742,859.5165405273438,102.17294311523438,439.23382568359375,506.2589416503906,92.04879760742188,436.9857482910156,69.6280288696289,650.0599975585938,125.15341186523438,101.76404571533203,138.29519653320312,25.48671531677246,160.14321899414062,23.770000457763672,96.59764099121094,209.56564331054688,4.736137390136719,195.4329833984375,198.81053161621094,177.2899932861328,169.9718780517578,478.8669128417969,267.8976745605469,36.04642868041992,55.62825393676758,65.48303985595703,106.20401000976562
2024-06-13,213.00099182128906,458.739990234375,234.65411376953125,159.89999389648438,286.8448181152344,183.8300018310547,68.1578140258789,1040.2493896484375,165.1986541748047,180.6999969482422,74.42212677001953,38.10887145996094,3819.818359375,57.87844467163086,319.97125244140625,840.4443969726562,226.94195556640625,43.66499328613281,144.59036254882812,98.76963806152344,323.0705261230469,154.24288940429688,174.15985107421875,434.8519592285156,337.7720642089844,40.30729293823242,163.047119140625,139.8341064453125,187.45162963867188,60.266788482666016,875.4027709960938,102.25861358642578,441.2168273925781,501.5429992675781,91.6253662109375,437.5009765625,70.51453399658203,653.260009765625,129.561767578125,102.21717834472656,137.77305603027344,25.47750473022461,161.33572387695312,23.270000457763672,95.9671401977539,211.92019653320312,4.544002532958984,190.69581604003906,192.72007751464844,182.47000122070312,170.4391326904297,482.9750061035156,268.7598571777344,36.05548858642578,55.599124908447266,65.8681640625,105.35193634033203
2024-06-14,211.26112365722656,525.3099975585938,234.1404266357422,159.6300048828125,286.9601135253906,183.66000366210938,67.44650268554688,1015.733154296875,170.7135009765625,177.27000427246094,72.13085174560547,38.08945846557617,3822.750732421875,57.013587951660156,315.177001953125,850.0910034179688,229.82542419433594,43.81847381591797,144.33493041992188,98.65122985839844,313.8905029296875,154.43112182617188,175.78050231933594,434.9591064453125,336.76226806640625,40.31662368774414,163.13389587402344,139.92062377929688,187.5677947998047,60.3101692199707,870.5665283203125,102.01048278808594,440.8499450683594,502.1007385253906,91.9044418334961,438.4818420410156,70.39889526367188,669.3800048828125,131.8309326171875,101.92794036865234,136.0785675048828,25.366931915283203,161.7041473388672,23.56999969482422,96.1741714477539,209.5072784423828,4.457540988922119,186.13705444335938,190.57391357421875,178.00999450683594,170.04483032226562,482.80023193359375,268.23468017578125,35.955787658691406,55.72533416748047,66.18417358398438,104.46154022216797
2024-06-17,215.41693115234375,518.739990234375,239.89935302734375,158.39999389648438,291.43817138671875,184.05999755859375,68.32577514648438,1040.01220703125,179.94558715820312,178.38999938964844,73.3109130859375,38.35154342651367,3915.835693359375,57.715084075927734,316.0887451171875,862.251220703125,228.37872314453125,43.828067779541016,144.92147827148438,100.18077850341797,320.0989990234375,161.71278381347656,176.2279510498047,438.583251953125,339.3450012207031,40.76437759399414,163.41348266601562,140.31478881835938,188.72930908203125,60.377662658691406,877.0676879882812,105.52774047851562,444.3003234863281,504.56060791015625,93.38646697998047,444.2282409667969,69.67621612548828,675.8300170898438,130.93125915527344,101.16627502441406,139.21136474609375,24.860145568847656,162.39248657226562,25.020000457763672,96.03301239013672,216.21096801757812,4.544002532958984,188.3173370361328,188.70809936523438,187.44000244140625,174.70724487304688,477.15313720703125,268.74005126953125,35.76544952392578,56.540828704833984,66.57919311523438,103.74349975585938
2024-06-18,213.0507049560547,522.25,244.80877685546875,154.6300048828125,294.0423278808594,182.80999755859375,68.99864196777344,1048.8167724609375,177.35296630859375,174.99000549316406,73.22240447998047,38.81747055053711,3935.755859375,58.4069709777832,318.7751159667969,865.07275390625,229.6965789794922,44.09666061401367,145.05392456054688,100.16104125976562,322.3227233886719,163.43663024902344,174.09022521972656,445.6465148925781,343.5880432128906,40.78303146362305,164.42576599121094,140.02635192871094,190.6845703125,60.38731002807617,883.4598388671875,107.48894500732422,446.28338623046875,497.4497985839844,93.8965072631836,442.2170104980469,67.87432861328125,685.6699829101562,135.529541015625,101.17591857910156,142.4918975830078,25.25636100769043,163.420166015625,25.81999969482422,95.2707748413086,220.9492645263672,4.553608417510986,186.92987060546875,187.683349609375,184.86000061035156,177.1222381591797,469.175048828125,271.1681213378906,36.32740020751953,57.32719421386719,66.75695037841797,104.72004699707031
2024-06-20,208.46734619140625,522.9500122070312,237.0643310546875,161.77999877929688,297.79010009765625,186.10000610351562,67.72218322753906,1038.302734375,170.66629028320312,176.3000030517578,73.1142349243164,38.81747055053711,3934.66650390625,58.25321578979492,322.68701171875,856.8169555664062,239.5955352783203,44.81609344482422,148.1852569580078,100.49655151367188,318.04266357421875,163.46632385253906,175.2933349609375,446.25054931640625,343.1705322265625,41.324073791503906,167.6747589111328,142.07412719726562,192.30104064941406,59.95342254638672,878.0388793945312,104.7000503540039,448.6629638671875,499.6507568359375,93.77141571044922,441.58294677734375,69.82074737548828,679.030029296875,130.73133850097656,101.94721984863281,140.78759765625,25.5604305267334,162.55731201171875,25.559999465942383,95.23312377929688,209.64349365234375,4.534395217895508,189.75433349609375,188.07003784179688,181.57000732421875,172.8738250732422,472.5594177246094,274.33941650390625,36.47241973876953,57.23981857299805,67.16183471679688,106.97949981689453
2024-06-21,206.2900390625,533.4400024414062,232.54019165039062,161.22999572753906,296.12762451171875,189.0800018310547,68.0091323852539,1024.330078125,163.19540405273438,176.55999755859375,72.4455337524414,38.332130432128906,3951.526123046875,57.6478157043457,321.4222717285156,842.7789916992188,242.82579040527344,45.36286926269531,146.898681640625,100.92088317871094,314.9137878417969,162.71340942382812,178.6043243408203,438.583251953125,345.4619140625,40.57781219482422,166.26719665527344,143.00669860839844,190.00701904296875,60.52229309082031,875.94775390625,103.61883544921875,450.9830627441406,492.759033203125,92.53960418701172,445.6252136230469,70.15799713134766,686.1199951171875,126.52288818359375,101.44587707519531,139.39854431152344,25.5604305267334,163.12930297851562,23.84000015258789,95.25220489501953,206.78298950195312,4.438327312469482,192.4202423095703,187.1419677734375,183.00999450683594,171.47410583496094,470.67706298828125,272.7537536621094,36.47241973876953,56.4049072265625,67.0630874633789,106.04125213623047
2024-06-24,206.93626403808594,524.1699829101562,227.0380859375,160.25,305.7275695800781,185.57000732421875,66.5644302368164,990.1495361328125,157.15765380859375,179.10000610351562,73.54692077636719,38.846588134765625,3943.700439453125,58.94511032104492,323.53997802734375,842.6300048828125,237.7524871826172,45.35326385498047,150.71115112304688,100.63471221923828,316.90130615234375,159.0478057861328,178.19664001464844,450.18646240234375,340.6849060058594,41.109519958496094,168.72560119628906,143.36241149902344,192.50428771972656,61.67932891845703,882.1218872070312,101.06079864501953,453.0751037597656,496.8721618652344,93.44419860839844,443.53472900390625,71.16011047363281,669.02001953125,118.0660400390625,103.11382293701172,137.8124542236328,26.131717681884766,163.31350708007812,24.15999984741211,97.1111068725586,195.40908813476562,4.495967864990234,189.9723663330078,192.36236572265625,182.5800018310547,165.41200256347656,477.8846435546875,273.8240661621094,37.315345764160156,57.28835678100586,68.04073333740234,109.19109344482422
2024-06-25,207.8609161376953,526.8800048828125,231.41407775878906,160.25,306.8422546386719,186.33999633789062,67.24720001220703,1011.2271728515625,156.03045654296875,175.10000610351562,72.56354522705078,38.2253532409668,3976.56787109375,59.17573928833008,320.9908752441406,849.9320678710938,239.55587768554688,45.44919967651367,149.9070281982422,100.851806640625,317.57037353515625,158.24533081054688,182.97918701171875,445.5978088378906,328.4898376464844,40.88564682006836,166.40216064453125,141.50692749023438,191.72027587890625,61.553977966308594,896.4917602539062,103.87039184570312,451.7762451171875,508.514404296875,94.11785888671875,446.784423828125,70.32180786132812,672.4099731445312,126.04307556152344,103.51876068115234,137.10313415527344,25.790790557861328,161.76231384277344,24.559999465942383,97.27316284179688,196.70314025878906,4.447934627532959,193.986083984375,199.36158752441406,187.35000610351562,170.133544921875,472.5398864746094,271.07891845703125,37.23377227783203,55.53116989135742,66.57919311523438,109.4974594116211
2024-06-26,212.01670837402344,528.6599731445312,229.3396759033203,157.5399932861328,300.60565185546875,193.61000061035156,66.45559692382812,1004.5668334960938,157.13693237304688,178.5,72.93722534179688,37.85649490356445,3944.869140625,58.858619689941406,320.33404541015625,851.25341796875,240.93319702148438,44.95038604736328,147.53248596191406,100.83207702636719,310.2007751464844,159.14686584472656,182.83004760742188,444.116943359375,331.8881530761719,40.773704528808594,165.69834899902344,141.1511993408203,191.1007537841797,61.75646209716797,893.171875,104.15254974365234,448.5340576171875,511.0240783691406,93.24211883544922,447.9832763671875,70.6976089477539,677.6900024414062,126.35295867919922,103.2295150756836,136.17710876464844,25.265575408935547,162.34400939941406,24.100000381469727,97.19690704345703,191.99403381347656,4.447934627532959,196.81053161621094,196.4226837158203,196.3699951171875,169.6111297607422,472.0912780761719,271.1482849121094,37.17938995361328,55.34671401977539,67.43833923339844,109.53575897216797
2024-06-27,212.86180114746094,546.760009765625,229.69529724121094,159.47000122070312,301.4416809082031,197.85000610351562,66.7821273803711,1015.841796875,156.60986328125,182.50999450683594,71.16714477539062,38.09916687011719,3971.634765625,59.146907806396484,321.0496826171875,845.0739135742188,250.5447998046875,45.5163459777832,147.88255310058594,100.82219696044922,308.8921813964844,159.00816345214844,184.35130310058594,434.47198486328125,331.5677185058594,40.79236602783203,164.71499633789062,140.1705780029297,192.78497314453125,61.62147521972656,900.8820190429688,104.1594467163086,438.98590087890625,517.437744140625,92.16426849365234,448.6668701171875,71.03485107421875,684.3400268554688,123.94384765625,102.7281723022461,138.09814453125,25.615718841552734,161.539306640625,25.219999313354492,96.82511138916016,189.87294006347656,4.438327312469482,198.95118713378906,197.09942626953125,197.4199981689453,169.1774139404297,474.4320068359375,264.2010803222656,36.998111724853516,55.744747161865234,67.03345489501953,110.00487518310547
2024-06-28,209.40191650390625,555.5399780273438,233.11312866210938,162.2100067138672,300.2501525878906,193.25,66.66339874267578,1010.6242065429688,158.47238159179688,182.00999450683594,70.80329132080078,38.60392379760742,3924.186279296875,60.982330322265625,326.5793151855469,844.447998046875,254.75604248046875,45.57389450073242,147.9771270751953,97.98019409179688,308.5084228515625,157.49240112304688,181.10992431640625,440.66815185546875,334.2378234863281,40.57781219482422,166.7395782470703,140.51666259765625,195.7759246826172,61.37078857421875,897.2548828125,105.0492935180664,437.4094543457031,502.16046142578125,93.53082275390625,442.82135009765625,68.2308349609375,674.8800048828125,123.49402618408203,102.64139556884766,139.10301208496094,25.781572341918945,159.8911590576172,25.329999923706055,96.59632873535156,193.79397583007812,4.447934627532959,199.902587890625,198.15316772460938,197.8800048828125,171.3262481689453,496.688720703125,260.11798095703125,37.3787956237793,57.65727233886719,66.8655776977539,110.21549987792969
2024-07-01,215.49649047851562,560.010009765625,234.5157928466797,157.69000244140625,298.8663635253906,197.1999969482422,66.81181335449219,1021.2569580078125,161.95370483398438,186.6999969482422,70.98030090332031,38.836883544921875,3848.28759765625,60.9535026550293,322.6379699707031,840.15625,253.87413024902344,45.58348846435547,148.0717315673828,96.7466812133789,307.347412109375,157.49240112304688,181.94512939453125,451.716064453125,326.4217529296875,40.86698913574219,168.81239318847656,140.78587341308594,198.86367797851562,61.01403045654297,906.1641845703125,104.63297271728516,433.8896179199219,502.6185607910156,95.42664337158203,452.5110168457031,67.35398864746094,673.6099853515625,124.25375366210938,102.7185287475586,140.9649200439453,26.002716064453125,157.7582244873047,25.8799991607666,96.52006530761719,194.62100219726562,4.563215732574463,197.6331024169922,196.93507385253906,209.86000061035156,169.86741638183594,482.4393615722656,260.881103515625,37.83198165893555,58.822265625,66.63844299316406,110.06232452392578
2024-07-02,218.9961395263672,567.7100219726562,237.92373657226562,164.30999755859375,298.63568115234375,200.0,66.85139465332031,1035.4864501953125,163.60008239746094,185.4199981689453,72.45536804199219,39.72990417480469,3879.32275390625,62.154701232910156,321.3438720703125,853.7569580078125,253.8543243408203,45.35326385498047,148.28932189941406,96.69734191894531,308.2427978515625,159.9493408203125,184.18228149414062,453.61578369140625,325.2371826171875,41.11885452270508,170.93338012695312,140.39170837402344,202.1353302001953,60.88869094848633,898.5728759765625,105.83553314208984,440.8697509765625,507.41888427734375,95.89820861816406,455.0374450683594,67.90324401855469,679.5800170898438,122.62434387207031,102.62211608886719,141.15211486816406,25.643360137939453,158.90223693847656,25.829999923706055,96.89183807373047,194.74749755859375,4.447934627532959,196.80062866210938,199.3519287109375,231.25999450683594,173.18922424316406,485.9407043457031,265.826416015625,37.25190353393555,59.19118118286133,67.2210922241211,109.31554412841797
2024-07-03,220.2687225341797,570.1500244140625,240.34385681152344,163.89999389648438,297.29998779296875,197.58999633789062,67.0789794921875,1058.7281494140625,170.6811065673828,184.30999755859375,74.31395721435547,39.70079040527344,3879.996337890625,61.943294525146484,324.1380615234375,857.0354614257812,258.5709533691406,45.171016693115234,148.25148010253906,97.30916595458984,313.3001403808594,161.48495483398438,184.75897216796875,455.86627197265625,323.94586181640625,40.95094299316406,169.4197540283203,140.06483459472656,201.9998016357422,61.0622444152832,890.0401611328125,106.81415557861328,444.3697204589844,507.87701416015625,96.427490234375,456.5137023925781,69.21369171142578,682.510009765625,128.2322540283203,102.94992065429688,142.23577880859375,25.523576736450195,158.83438110351562,25.850000381469727,96.68212890625,198.29879760742188,4.563215732574463,201.2008514404297,199.39059448242188,246.38999938964844,179.8822021484375,477.7969055175781,266.5795593261719,37.270023345947266,58.890220642089844,67.38896942138672,109.87084197998047
2024-07-05,225.03102111816406,578.3400268554688,239.63265991210938,171.89999389648438,298.741455078125,200.0,67.29667663574219,1061.76171875,168.12368774414062,184.8300018310547,73.28140258789062,39.225154876708984,3893.13134765625,61.53008270263672,321.9223327636719,879.8954467773438,260.79052734375,45.13231658935547,145.98101806640625,96.69734191894531,312.26702880859375,159.00816345214844,189.5116729736328,452.77789306640625,324.8585205078125,40.493858337402344,169.69935607910156,140.8243408203125,199.32322692871094,61.47684860229492,906.3624267578125,107.31333923339844,445.66864013671875,537.7046508789062,95.8404541015625,463.240966796875,69.4642105102539,690.6500244140625,125.78316497802734,104.25149536132812,142.67910766601562,25.846073150634766,160.17234802246094,27.229999542236328,97.34942626953125,200.1863250732422,4.592036247253418,204.0946807861328,199.5839385986328,251.52000427246094,181.36077880859375,475.96331787109375,267.9372863769531,37.40597915649414,57.88056182861328,69.16651916503906,108.5400619506836
2024-07-08,226.50245666503906,575.4000244140625,243.28753662109375,178.69000244140625,299.29876708984375,199.2899932861328,67.27688598632812,1064.6373291015625,172.3235626220703,185.83999633789062,72.27835845947266,39.428993225097656,3947.098388671875,62.21236038208008,322.6183776855469,875.096923828125,255.0235595703125,44.5615119934082,145.9999542236328,96.52881622314453,313.8314514160156,162.010009765625,187.9506378173828,452.84613037109375,329.732666015625,40.41923522949219,171.26116943359375,139.8629150390625,199.69308471679688,60.70549011230469,909.7615966796875,108.67572784423828,442.4462585449219,527.1578979492188,96.80279541015625,461.9331970214844,69.48350524902344,685.739990234375,128.1522674560547,104.18400573730469,142.87611389160156,25.735502243041992,161.44236755371094,27.700000762939453,97.79747772216797,202.26844787597656,4.563215732574463,200.972900390625,198.12417602539062,252.94000244140625,183.9630584716797,477.2604064941406,264.0128173828125,37.64163589477539,57.28835678100586,68.81100463867188,107.4007568359375
2024-07-09,227.35745239257812,566.02001953125,248.40438842773438,177.10000610351562,303.57501220703125,199.33999633789062,67.90028381347656,1047.42333984375,171.0847930908203,183.24000549316406,74.4417953491211,40.20553970336914,3940.015380859375,63.95170211791992,319.6770935058594,881.0677490234375,250.51795959472656,44.30997085571289,144.72280883789062,96.21157836914062,313.58551025390625,161.61373901367188,187.9009246826172,460.6497802734375,327.29559326171875,40.092742919921875,170.142822265625,141.37229919433594,202.08740234375,60.44516372680664,924.1315307617188,109.75497436523438,441.572509765625,527.835205078125,98.74675750732422,455.2950744628906,69.49313354492188,685.739990234375,131.33111572265625,104.34791564941406,138.59071350097656,25.542001724243164,160.60858154296875,27.389999389648438,96.92044830322266,201.519287109375,4.5247883796691895,198.4853973388672,194.96292114257812,262.3299865722656,181.88319396972656,479.9620361328125,263.0614013671875,37.43317413330078,58.13298034667969,69.02826690673828,106.21358489990234
2024-07-10,231.63259887695312,564.5499877929688,251.86170959472656,183.9600067138672,309.1101379394531,199.7899932861328,69.28559875488281,1085.9420166015625,172.20806884765625,183.72999572753906,74.74664306640625,40.51615905761719,3952.467041015625,64.36491394042969,322.04974365234375,878.5443115234375,250.67672729492188,44.76468276977539,146.7567596435547,96.13226318359375,321.8110656738281,164.1598358154297,190.08834838867188,466.5537109375,334.1795654296875,40.2979621887207,171.45399475097656,143.660400390625,202.25286865234375,60.58015441894531,931.34619140625,111.21009063720703,430.5902404785156,532.5060424804688,99.56475067138672,461.9430847167969,70.24472045898438,677.6500244140625,134.85980224609375,105.99657440185547,139.96006774902344,26.122501373291016,161.71385192871094,28.420000076293945,97.95953369140625,203.1538543701172,4.64967679977417,200.4773712158203,199.03289794921875,263.260009765625,188.31988525390625,488.5643615722656,260.64324951171875,37.84311294555664,57.9776496887207,69.53190612792969,107.1518325805664
2024-07-11,226.25390625,557.6300048828125,238.31886291503906,181.94000244140625,312.39654541015625,195.0500030517578,68.80073547363281,1049.9234619140625,168.38429260253906,183.91000366210938,77.21492004394531,40.584110260009766,3899.332275390625,63.14448547363281,324.64788818359375,841.0702514648438,249.21786499023438,45.23873519897461,146.87974548339844,95.76546478271484,323.532958984375,160.68650817871094,184.5104217529297,466.88494873046875,343.5103759765625,40.44721603393555,171.9071044921875,143.9199981689453,201.91221618652344,60.84048080444336,925.7567749023438,104.56491088867188,433.3507080078125,510.6058349609375,100.70032501220703,450.4997863769531,71.97915649414062,652.75,127.35259246826172,106.53649139404297,141.0369110107422,26.408143997192383,160.4922332763672,27.639999389648438,100.09487915039062,194.4458770751953,4.620856285095215,199.92239379882812,196.95440673828125,241.02999877929688,181.8634796142578,491.90966796875,260.1972961425781,38.0457763671875,58.40481185913086,68.92951202392578,108.4251708984375
2024-07-12,229.20672607421875,559.0499877929688,240.43276977539062,181.61000061035156,317.91241455078125,194.49000549316406,69.12728118896484,1072.4141845703125,167.8631134033203,182.30999755859375,78.32614135742188,40.37055587768555,3988.50439453125,62.00094985961914,329.0205078125,837.404296875,252.0463104248047,45.83856964111328,147.1919403076172,96.29087829589844,325.166259765625,157.7986602783203,184.01324462890625,467.5181884765625,349.31658935546875,40.8390007019043,176.2648162841797,144.0930633544922,199.46922302246094,61.41899490356445,939.8887939453125,105.53958129882812,437.0147399902344,496.8323059082031,100.1710205078125,449.3603515625,73.23181915283203,647.5999755859375,129.19192504882812,107.69344329833984,143.0226593017578,26.64771842956543,161.52963256835938,28.06999969482422,101.00050354003906,196.95606994628906,4.668890476226807,203.27210998535156,200.68601989746094,248.22999572753906,184.6727752685547,498.90264892578125,263.35870361328125,38.16553497314453,54.89042663574219,68.37649536132812,108.44432067871094
2024-07-15,233.04440307617188,565.7100219726562,242.55657958984375,179.8300018310547,317.2590026855469,192.72000122070312,68.97884368896484,1051.0400390625,169.19857788085938,179.11000061035156,76.7134017944336,40.66175842285156,4049.494384765625,62.59674835205078,339.00128173828125,843.1962890625,250.9447021484375,45.85791778564453,149.5096893310547,96.03313446044922,321.7716979980469,158.34446716308594,185.4649200439453,479.5500793457031,348.0446472167969,40.344608306884766,176.3130340576172,143.477783203125,204.4427947998047,61.139381408691406,941.9302978515625,105.46955108642578,440.87738037109375,494.13336181640625,101.29698181152344,449.7666015625,68.38501739501953,656.4500122070312,128.3922119140625,106.37258911132812,141.34317016601562,26.813573837280273,159.5615234375,28.670000076293945,100.16160583496094,202.5506134033203,4.601642608642578,201.6864471435547,200.0286407470703,252.63999938964844,182.5731964111328,502.6478576660156,266.04443359375,37.57596206665039,56.04570770263672,68.74188232421875,110.30166625976562
2024-07-16,233.46197509765625,566.5399780273438,242.843017578125,177.5500030517578,320.1322937011719,193.02000427246094,69.6715087890625,1055.546142578125,167.1850128173828,186.0500030517578,77.0772476196289,42.83608627319336,4080.29150390625,64.64356994628906,353.5213623046875,845.2230224609375,254.09068298339844,45.877262115478516,149.25425720214844,97.61931610107422,327.1144104003906,161.6094207763672,182.86981201171875,490.0621032714844,358.3949279785156,40.60579299926758,179.13780212402344,145.1793975830078,207.91749572753906,61.96858215332031,933.1498413085938,106.14826202392578,440.41070556640625,487.7894592285156,102.22083282470703,445.36761474609375,69.2811508178711,656.3200073242188,126.31297302246094,106.56541442871094,140.8887176513672,27.182146072387695,161.8592529296875,28.670000076293945,101.14349365234375,203.97113037109375,4.640069484710693,203.0342559814453,199.7289581298828,256.55999755859375,183.3814697265625,535.3208618164062,266.8372802734375,38.1839599609375,58.482479095458984,69.11713409423828,111.09630584716797
2024-07-17,227.55633544921875,563.0900268554688,217.38717651367188,159.42999267578125,322.5634765625,187.92999267578125,63.54642868041992,921.0274658203125,153.95867919921875,184.83999633789062,75.759521484375,42.69047927856445,3952.060791015625,64.97030639648438,350.7957763671875,840.7622680664062,249.31712341308594,46.94148254394531,152.52748107910156,96.46932983398438,306.4914245605469,155.46658325195312,179.9863739013672,489.2437438964844,361.0844421386719,40.57781219482422,180.71890258789062,150.53436279296875,211.0807342529297,62.87491989135742,897.4630737304688,95.46328735351562,447.9870300292969,460.1029357910156,102.93296813964844,439.42303466796875,68.31757354736328,647.4600219726562,117.94608306884766,107.78986358642578,137.5791473388672,27.670503616333008,164.27334594726562,28.219999313354492,103.25025177001953,186.41896057128906,4.668890476226807,198.21780395507812,197.5924530029297,248.5,168.7535400390625,559.12841796875,270.2563781738281,38.71825408935547,59.13292694091797,70.14417266845703,112.6281509399414
2024-07-18,222.8834991455078,556.8499755859375,214.9967041015625,155.77000427246094,318.0469665527344,183.75,65.1395492553711,913.211181640625,158.43983459472656,180.22999572753906,75.26783752441406,41.74892044067383,3893.53759765625,62.356502532958984,349.0604248046875,833.8973388671875,245.4764404296875,46.47709655761719,153.2275848388672,95.95382690429688,304.1004943847656,157.580322265625,176.67539978027344,473.68511962890625,355.4432678222656,40.13005828857422,178.56900024414062,149.4191436767578,204.37466430664062,62.85564041137695,841.28173828125,93.97563934326172,445.5641784667969,473.9063720703125,100.86392211914062,436.3021240234375,69.05952453613281,643.0399780273438,121.04492950439453,103.37413787841797,136.36399841308594,27.37564468383789,163.30381774902344,28.639999389648438,102.4399642944336,186.28274536132812,4.640069484710693,195.4627227783203,193.2034454345703,249.22999572753906,169.4139862060547,550.4090576171875,266.7381591796875,38.755104064941406,57.511653900146484,69.9367904663086,113.73873901367188
2024-07-19,223.01275634765625,551.0,207.69676208496094,151.5800018310547,318.3545227050781,183.1300048828125,63.67506790161133,884.771728515625,155.3109130859375,179.6699981689453,74.01893615722656,41.642147064208984,3929.882080078125,62.59674835205078,340.82489013671875,832.6654052734375,245.75430297851562,45.780517578125,150.55978393554688,94.91289520263672,306.87518310546875,157.9177703857422,176.64556884765625,472.4380798339844,352.80230712890625,39.98080062866211,176.6697235107422,148.7173309326172,204.18002319335938,62.95206069946289,849.7747802734375,90.47447204589844,440.569580078125,474.8424987792969,98.24632263183594,433.072265625,69.37750244140625,633.3400268554688,117.8861083984375,102.32323455810547,136.88760375976562,27.615217208862305,163.81784057617188,28.579999923706055,102.11585235595703,181.17469787597656,4.6112494468688965,195.4429168701172,190.59324645996094,239.1999969482422,163.40115356445312,551.3745727539062,263.08123779296875,38.34056091308594,57.50193786621094,69.86766052246094,111.12503051757812
2024-07-22,222.664794921875,554.8200073242188,220.7457275390625,155.8699951171875,322.85174560546875,182.5500030517578,65.54524230957031,930.1185913085938,158.9728240966797,178.89999389648438,75.36617279052734,41.05973815917969,3872.5771484375,61.98173141479492,342.4491271972656,841.894775390625,252.15545654296875,45.296783447265625,148.51637268066406,93.31680297851562,315.16961669921875,161.52011108398438,180.63265991210938,474.4937744140625,352.6955261230469,40.54983139038086,177.5373992919922,148.2847137451172,204.6666717529297,62.4506721496582,858.1986083984375,96.3886489868164,444.7896423339844,485.4091796875,98.5831527709961,438.848388671875,70.24472045898438,647.5,123.49402618408203,104.8299789428711,138.47816467285156,27.2742919921875,164.1006622314453,28.459999084472656,102.211181640625,189.6978302001953,4.726531028747559,198.67369079589844,193.4838104248047,251.50999450683594,166.92999267578125,544.7424926757812,265.3110656738281,36.00991439819336,57.41456604003906,69.50227355957031,110.3591079711914
2024-07-23,223.70870971679688,546.010009765625,216.97232055664062,154.0,320.2283020019531,186.41000366210938,65.56502532958984,921.7686157226562,161.64772033691406,186.47999572753906,74.83514404296875,41.16651153564453,3882.2841796875,62.1354866027832,338.80682373046875,846.5542602539062,254.12046813964844,44.85175323486328,145.77288818359375,90.15435791015625,316.7635498046875,170.689697265625,180.75196838378906,479.47210693359375,349.17095947265625,40.32594680786133,177.4892120361328,146.4676971435547,204.71533203125,62.63387680053711,870.407958984375,94.6750717163086,438.6134338378906,486.69390869140625,99.60324096679688,440.7407531738281,69.48350524902344,642.760009765625,122.54436492919922,103.83692169189453,141.3826904296875,27.182146072387695,162.5108642578125,28.809999465942383,104.44186401367188,188.12164306640625,4.745744228363037,212.8356475830078,194.11216735839844,246.3800048828125,167.39328002929688,541.0070190429688,262.417236328125,35.8256721496582,57.92910385131836,69.76891326904297,108.57836151123047
2024-07-24,217.276123046875,531.0399780273438,204.01223754882812,144.6300048828125,322.5057678222656,180.8300018310547,61.33981704711914,862.4194946289062,149.37879943847656,180.07000732421875,74.5401382446289,40.95296096801758,3769.93310546875,61.17452621459961,330.80352783203125,825.4031372070312,247.88804626464844,45.325809478759766,146.70001220703125,89.02421569824219,294.7827453613281,161.0635986328125,171.64427185058594,474.16253662109375,340.1314392089844,39.990135192871094,177.41209411621094,150.24594116210938,203.0217742919922,63.45343780517578,852.1632690429688,89.7602310180664,429.40863037109375,459.3858642578125,98.130859375,424.9381103515625,72.66329956054688,635.989990234375,114.20747375488281,105.36988830566406,137.09506225585938,27.624431610107422,163.85684204101562,26.600000381469727,106.23403930664062,176.1737060546875,4.851418972015381,207.52366638183594,190.64157104492188,215.99000549316406,157.51646423339844,545.9323120117188,251.8923797607422,36.544212341308594,57.705814361572266,69.71952819824219,110.11019134521484
2024-07-25,216.23220825195312,532.1500244140625,199.8535919189453,138.32000732421875,321.2469482421875,179.85000610351562,61.11222839355469,852.4193725585938,147.32574462890625,184.35000610351562,74.14678192138672,40.457916259765625,3625.406982421875,61.856807708740234,338.9347839355469,810.6300048828125,254.57696533203125,45.703125,149.03668212890625,88.43930053710938,288.1708068847656,163.41555786132812,166.3248291015625,479.0434265136719,343.02490234375,39.9621467590332,185.08624267578125,153.47621154785156,203.09963989257812,63.70412826538086,813.8204345703125,87.21996307373047,426.57867431640625,451.5580139160156,99.66098022460938,414.5351257324219,70.76505279541016,634.0900268554688,112.23819732666016,105.98693084716797,136.1565399169922,27.808719635009766,162.78396606445312,26.6299991607666,107.91181945800781,170.64727783203125,4.716923713684082,208.92103576660156,188.7564239501953,220.25,157.98959350585938,545.8640747070312,251.4662628173828,36.80215072631836,57.958229064941406,69.14675903320312,112.42708587646484
2024-07-26,216.69949340820312,542.4400024414062,203.95298767089844,139.99000549316406,321.7754821777344,182.5,63.190208435058594,877.87451171875,149.6650390625,186.88999938964844,75.25799560546875,40.448204040527344,3666.1298828125,62.63518524169922,345.0185241699219,813.4256591796875,260.7200622558594,46.322303771972656,149.32049560546875,89.15309143066406,293.00189208984375,168.5164031982422,166.04641723632812,486.1749267578125,349.0641784667969,40.37258529663086,184.864501953125,154.43760681152344,206.5743408203125,64.64904022216797,797.3991088867188,88.25776672363281,435.09832763671875,463.79779052734375,100.26727294921875,421.34161376953125,71.55518341064453,631.3699951171875,113.0179214477539,106.36294555664062,137.33216857910156,28.75249671936035,164.93946838378906,27.18000030517578,108.06434631347656,175.18128967285156,4.726531028747559,211.53738403320312,186.11721801757812,219.8000030517578,159.62586975097656,555.6561889648438,257.1349792480469,36.931121826171875,58.62809753417969,68.90975952148438,112.33135223388672
2024-07-29,216.97787475585938,536.6099853515625,203.06396484375,139.75,319.52685546875,183.1999969482422,62.72513198852539,861.8394775390625,148.27330017089844,185.42999267578125,77.31326293945312,39.88521194458008,3719.759521484375,61.78954315185547,339.1612243652344,811.3961181640625,256.6313171386719,46.42872619628906,148.1474151611328,91.343994140625,291.8408203125,168.57595825195312,168.5619659423828,480.0274658203125,351.1614074707031,40.3912467956543,184.6234588623047,152.43792724609375,205.22145080566406,64.4369125366211,800.5407104492188,88.03086853027344,438.19635009765625,463.8077392578125,98.62165069580078,422.78814697265625,71.63226318359375,626.9600219726562,111.54846954345703,106.70038604736328,136.640625,28.70577049255371,165.73924255371094,27.079999923706055,109.05575561523438,173.80941772460938,4.668890476226807,207.32546997070312,186.07855224609375,232.10000610351562,157.72344970703125,552.7595825195312,259.25579833984375,36.8758430480957,57.851436614990234,68.75176239013672,111.15374755859375
2024-07-30,217.5346221923828,538.7100219726562,194.3415985107422,138.44000244140625,320.26678466796875,181.7100067138672,61.29034423828125,851.6326293945312,141.66012573242188,186.86000061035156,76.70356750488281,40.069644927978516,3685.941650390625,63.298248291015625,336.39495849609375,805.8943481445312,255.97630310058594,46.5738410949707,150.95712280273438,92.979736328125,282.62152099609375,166.20416259765625,169.31764221191406,492.6438903808594,353.1227111816406,40.60579299926758,184.1799774169922,155.1009521484375,209.4456024169922,65.25647735595703,783.1184692382812,84.33341979980469,444.3031311035156,461.298095703125,99.85345458984375,419.01336669921875,71.57445526123047,622.5800170898438,103.69139862060547,107.91519927978516,134.03250122070312,29.33184242248535,157.71221923828125,26.3700008392334,109.34174346923828,162.42579650878906,4.707317352294922,204.90731811523438,186.68760681152344,222.6199951171875,152.33163452148438,562.1029663085938,260.74237060546875,36.88505935668945,58.25918197631836,68.32711791992188,113.13555908203125
2024-07-31,220.795654296875,551.6500244140625,209.61314392089844,144.47999572753906,319.4884338378906,186.97999572753906,63.58600616455078,927.32763671875,158.59776306152344,190.60000610351562,77.53943634033203,39.12808609008789,3680.017822265625,62.346893310546875,340.8052062988281,817.8031616210938,256.8396911621094,46.873756408691406,151.80853271484375,92.88060760498047,299.8892822265625,168.90341186523438,170.5605010986328,495.91729736328125,357.46282958984375,42.116973876953125,185.24050903320312,151.75531005859375,207.11941528320312,64.35013580322266,797.0523071289062,90.88190460205078,460.44879150390625,472.8904724121094,100.21758270263672,414.4855651855469,73.60760498046875,628.3499755859375,116.97643280029297,107.48133850097656,137.76686096191406,28.53757667541504,156.79537963867188,26.889999389648438,109.78026580810547,176.0569305419922,4.65928316116333,209.70396423339844,187.1129608154297,232.07000732421875,163.4307403564453,561.937255859375,263.2893371582031,37.327239990234375,57.60873031616211,67.78397369384766,113.53767395019531
2024-08-01,217.09716796875,546.4099731445312,193.90696716308594,132.5399932861328,322.4289245605469,184.07000732421875,61.46845626831055,874.8678588867188,145.11477661132812,178.30999755859375,76.68390655517578,38.341835021972656,3629.66650390625,60.809364318847656,326.35394287109375,812.7193603515625,251.14317321777344,45.84823989868164,144.3822479248047,92.24613189697266,293.0904235839844,168.45684814453125,169.7849578857422,487.23681640625,348.1611633300781,39.60767364501953,182.84954833984375,154.55294799804688,202.40859985351562,65.52644348144531,824.9694213867188,81.91349029541016,459.15789794921875,495.7068786621094,98.80962371826172,413.2569885253906,75.53475189208984,624.8499755859375,109.16935729980469,108.07909393310547,135.85028076171875,28.640361785888672,161.60382080078125,26.079999923706055,111.97280883789062,159.56529235839844,4.390294075012207,203.71807861328125,173.1145477294922,216.86000061035156,155.91961669921875,558.6309204101562,263.5470275878906,37.63123321533203,55.22050476074219,68.91963958740234,111.967529296875
2024-08-02,218.58848571777344,526.1699829101562,179.59359741210938,132.5,320.9490661621094,167.89999389648438,58.50981903076172,801.2518310546875,141.95626831054688,169.9499969482422,76.16270446777344,36.47813415527344,3296.78173828125,56.46583557128906,315.8699035644531,817.8827514648438,242.12203979492188,45.141990661621094,140.5319366455078,88.79619598388672,275.75372314453125,159.0590057373047,165.7083740234375,458.5162658691406,345.10272216796875,38.525596618652344,182.3289337158203,157.80245971679688,193.82403564453125,66.84739685058594,797.2405395507812,75.27125549316406,458.7706298828125,486.1461486816406,93.07096862792969,404.7166442871094,76.31524658203125,613.6400146484375,107.23007202148438,108.82147979736328,131.67135620117188,28.43478775024414,165.8855743408203,24.739999771118164,112.31598663330078,155.00210571289062,4.23658561706543,202.88560485839844,167.26576232910156,207.6699981689453,147.718505859375,575.2698364257812,264.191162109375,37.741783142089844,51.70611572265625,67.6062240600586,111.90052795410156
2024-08-05,208.0597381591797,509.32000732421875,179.67262268066406,134.82000732421875,312.521484375,161.02000427246094,57.7775764465332,812.1417236328125,140.23878479003906,167.02999877929688,75.70052337646484,35.57539749145508,3351.561279296875,54.535133361816406,311.86328125,797.7362060546875,237.19960021972656,43.28445816040039,136.85189819335938,87.02165985107422,269.04052734375,157.1536102294922,158.34068298339844,447.1955261230469,339.84014892578125,37.704715728759766,176.72756958007812,155.0240478515625,189.69720458984375,65.66143798828125,768.3026733398438,76.00029754638672,438.89141845703125,473.7868347167969,89.40056610107422,391.49981689453125,73.88704681396484,598.5499877929688,100.41261291503906,105.90980529785156,126.3167495727539,27.790029525756836,163.91537475585938,24.09000015258789,108.25499725341797,153.6788787841797,4.198158264160156,197.24659729003906,162.75106811523438,198.8800048828125,145.83580017089844,555.8902587890625,254.1420440673828,36.663970947265625,50.59938049316406,66.7470703125,109.88040924072266
2024-08-06,206.03152465820312,514.2000122070312,181.0753173828125,130.17999267578125,316.1058349609375,161.92999267578125,59.251949310302734,834.5750122070312,142.054931640625,165.0399932861328,76.60523223876953,35.837486267089844,3384.894287109375,54.87470626831055,321.35308837890625,812.7093505859375,236.61407470703125,43.690792083740234,135.4990692138672,89.19274139404297,274.10504150390625,161.03384399414062,157.3861541748047,458.1070251464844,343.62689208984375,37.900611877441406,180.0922393798828,152.8320770263672,194.99200439453125,65.61323547363281,786.061767578125,75.97859191894531,445.1471252441406,492.07183837890625,90.27447509765625,395.9186706542969,74.16647338867188,609.5700073242188,104.21119689941406,106.11226654052734,126.66255187988281,27.397565841674805,163.94461059570312,26.59000015258789,108.86509704589844,154.4280548095703,4.217371463775635,199.92239379882812,163.95950317382812,200.63999938964844,153.16946411132812,554.3200073242188,255.94573974609375,37.08771896362305,50.83238220214844,66.89520263671875,109.29641723632812
2024-08-07,208.6065673828125,513.6199951171875,176.3338165283203,128.6699981689453,300.29815673828125,162.77000427246094,59.41027069091797,827.9816284179688,134.5041046142578,163.24000549316406,76.53639221191406,36.20634078979492,3274.48388671875,54.438114166259766,320.7230529785156,806.1629028320312,238.22181701660156,43.652095794677734,134.72332763671875,85.2173843383789,274.1346435546875,160.89492797851562,158.03244018554688,460.8251953125,332.4512939453125,38.049861907958984,180.0922393798828,152.76478576660156,195.05039978027344,66.00853729248047,765.2105712890625,73.79641723632812,446.6763000488281,486.9229736328125,89.43941497802734,394.7496032714844,74.73499298095703,611.47998046875,98.8731918334961,107.17282104492188,124.38041687011719,26.958383560180664,165.82704162597656,26.31999969482422,110.3331527709961,151.89834594726562,4.23658561706543,199.7836456298828,161.61996459960938,191.75999450683594,152.824462890625,552.1061401367188,254.22132873535156,37.106143951416016,50.76441955566406,66.07555389404297,110.75165557861328
2024-08-08,212.0763702392578,530.239990234375,188.22705078125,136.32000732421875,312.0121765136719,165.8000030517578,61.71583557128906,867.8784790039062,143.8513641357422,168.8699951171875,78.97517395019531,37.089656829833984,3362.87353515625,56.27179718017578,330.921630859375,835.1442260742188,247.2330322265625,44.33899688720703,136.69107055664062,85.2173843383789,283.8095397949219,164.34840393066406,161.10482788085938,473.2564392089844,338.21868896484375,38.45097351074219,185.69361877441406,154.0338134765625,198.61270141601562,66.26889038085938,837.7239990234375,78.8355484008789,452.3759460449219,507.5483703613281,91.88634490966797,398.9701843261719,74.7157211303711,630.3499755859375,104.9309310913086,107.03783416748047,127.40349578857422,26.874282836914062,166.65606689453125,29.280000686645508,110.85746765136719,160.48959350585938,4.265406131744385,204.43162536621094,163.7371368408203,198.83999633789062,162.19857788085938,552.2620849609375,257.50164794921875,37.327239990234375,51.220703125,66.81620025634766,112.86749267578125
2024-08-09,214.9894256591797,536.2999877929688,188.84934997558594,134.27000427246094,309.8981018066406,166.94000244140625,61.96321105957031,851.9395751953125,146.33871459960938,167.91000366210938,78.66049194335938,37.15761184692383,3410.619384765625,56.1165657043457,332.9889221191406,850.5651245117188,250.6171875,43.99070739746094,137.16407775878906,85.46522521972656,287.9164123535156,165.8568115234375,162.73544311523438,477.63079833984375,338.510009765625,38.76813507080078,186.1896209716797,154.41836547851562,200.30625915527344,66.22065734863281,883.6777954101562,79.70072174072266,453.5675354003906,515.6551513671875,91.97373962402344,402.26947021484375,74.63863372802734,633.9400024414062,104.71101379394531,107.87663269042969,130.46607971191406,26.67805290222168,166.33419799804688,30.010000228881836,110.5905532836914,160.0323028564453,4.342259883880615,206.66146850585938,162.9830780029297,200.0,164.7318572998047,544.9667358398438,257.94854736328125,37.53911590576172,51.612003326416016,67.10257720947266,113.78659057617188
2024-08-12,216.52230834960938,530.9299926757812,190.736083984375,136.77000427246094,307.5053405761719,166.8000030517578,62.388702392578125,844.3264770507812,146.6940460205078,164.1300048828125,79.56520080566406,37.05082702636719,3406.78564453125,56.1165657043457,330.7936706542969,859.1609497070312,249.4064483642578,43.400550842285156,137.19247436523438,85.20746612548828,284.7474060058594,165.5988006591797,161.36329650878906,472.9934387207031,335.76220703125,38.67485427856445,184.2737274169922,153.70697021484375,200.68585205078125,65.72892761230469,876.443359375,79.99569702148438,452.48516845703125,513.8426513671875,92.09025573730469,403.0521240234375,74.75426483154297,633.1400146484375,108.97943115234375,107.4234848022461,130.97979736328125,26.584611892700195,162.69619750976562,29.3799991607666,110.66680908203125,158.4853057861328,4.31343936920166,204.13430786132812,162.38369750976562,197.49000549316406,165.23455810546875,551.3355712890625,258.0776062011719,37.33644485473633,50.92723083496094,67.84323120117188,113.93020629882812
2024-08-13,220.24497985839844,535.219970703125,198.3520965576172,141.1300048828125,310.82061767578125,170.22999572753906,64.1104507446289,860.7900390625,154.13632202148438,168.75999450683594,79.75203704833984,37.33232879638672,3534.154541015625,56.41733169555664,333.5204772949219,860.404541015625,252.67152404785156,43.893959045410156,136.36940002441406,84.8604965209961,291.6185302734375,166.68051147460938,163.22262573242188,479.2674865722656,339.8984375,39.1785774230957,185.74224853515625,152.27447509765625,202.38912963867188,66.00853729248047,899.9008178710938,82.94241333007812,456.1293640136719,526.3811645507812,93.90603637695312,410.1856689453125,75.27458953857422,648.02001953125,116.09677124023438,108.4936752319336,132.63951110839844,26.958383560180664,163.1643524169922,30.389999389648438,112.40179443359375,164.88735961914062,4.361473560333252,209.12916564941406,166.65670776367188,207.8300018310547,169.8772430419922,560.0645751953125,258.3159484863281,37.566749572753906,51.7196044921875,67.28031921386719,112.83877563476562
2024-08-14,220.69290161132812,539.7899780273438,199.17198181152344,140.75,310.12872314453125,170.10000610351562,64.13024139404297,870.7791748046875,155.64651489257812,168.5,78.14913177490234,37.67207336425781,3538.929443359375,57.5136604309082,332.3293762207031,858.3053588867188,253.38607788085938,43.9616813659668,136.86134338378906,85.55445098876953,294.4913635253906,166.67056274414062,159.4542694091797,485.8533935546875,345.3260498046875,39.34648513793945,187.0357208251953,152.36099243164062,204.62774658203125,66.12425231933594,923.3189086914062,83.39325714111328,456.9237060546875,524.6083984375,96.556884765625,413.0093078613281,75.1686019897461,661.6799926757812,118.03605651855469,109.45780181884766,133.96334838867188,26.98641586303711,164.6371307373047,31.0,111.7249526977539,162.63011169433594,4.37108039855957,210.64544677734375,171.12303161621094,201.3800048828125,167.5411376953125,565.3606567382812,259.3189392089844,37.67729568481445,52.4924201965332,67.8037338256836,113.88233184814453
2024-08-15,223.67898559570312,554.1599731445312,209.2476348876953,147.36000061035156,312.68487548828125,177.58999633789062,65.35723876953125,918.9620971679688,163.97714233398438,176.41000366210938,78.21797180175781,37.88561248779297,3600.4345703125,58.716712951660156,340.25390625,872.8705444335938,260.7994689941406,46.95115280151367,138.87640380859375,88.02293395996094,298.5982666015625,168.64540100097656,160.3789520263672,486.1651306152344,349.60791015625,39.95281982421875,188.6209259033203,152.94744873046875,205.9027557373047,66.19174194335938,924.509765625,87.80989074707031,465.4136047363281,535.13525390625,97.72209167480469,417.89263916015625,74.59046173095703,663.219970703125,122.81427764892578,109.24569702148438,135.2772674560547,26.82756233215332,163.77882385253906,31.219999313354492,112.38272094726562,168.65272521972656,4.457540988922119,213.0140380859375,175.74407958984375,214.13999938964844,171.47410583496094,565.3020629882812,264.9394226074219,36.88505935668945,53.38261795043945,72.2673568725586,114.58686065673828
2024-08-16,225.00283813476562,553.4600219726562,205.36553955078125,148.55999755859375,311.0398864746094,177.05999755859375,65.10985565185547,909.4680786132812,163.5724334716797,179.99000549316406,81.79747009277344,38.186527252197266,3584.7734375,59.570491790771484,338.1275634765625,866.1451416015625,260.9185791015625,47.85089874267578,139.32101440429688,88.52853393554688,292.8920593261719,168.12936401367188,162.0294952392578,491.2701721191406,351.5400695800781,40.35866928100586,188.45558166503906,153.23587036132812,208.25816345214844,66.7027587890625,915.1215209960938,85.939453125,465.5823669433594,525.2656860351562,98.4989013671875,415.3517150878906,75.70820617675781,674.0700073242188,124.53363037109375,110.5858383178711,135.81076049804688,26.44444465637207,163.7495574951172,32.08000183105469,112.5447769165039,167.52407836914062,4.505575180053711,214.23301696777344,176.5948028564453,216.1199951171875,172.04580688476562,563.419677734375,265.5154113769531,37.41014862060547,54.12608337402344,72.74073791503906,114.04640197753906
2024-08-19,224.84356689453125,563.1199951171875,208.3684844970703,155.27999877929688,317.35858154296875,178.22000122070312,65.65409088134766,923.8131713867188,165.5366668701172,179.63999938964844,82.51534271240234,38.50685119628906,3667.140625,60.18171691894531,339.2793273925781,867.8960571289062,263.3698425292969,48.35397720336914,140.45938110351562,90.03539276123047,293.25732421875,169.6278839111328,165.7183074951172,491.6793212890625,352.520751953125,41.04767608642578,189.37950134277344,153.46661376953125,209.69863891601562,66.50993347167969,914.81396484375,86.93978881835938,463.6957702636719,527.1181640625,98.79991912841797,418.388916015625,76.45979309082031,688.530029296875,129.9516143798828,111.77172088623047,136.25534057617188,26.91166114807129,164.26649475097656,32.5,112.91656494140625,169.54783630371094,4.5728230476379395,217.07728576660156,177.59054565429688,222.72000122070312,172.9428253173828,564.4925537109375,264.6117248535156,37.529903411865234,55.22171401977539,73.00814056396484,114.39382934570312
2024-08-20,225.460693359375,562.25,203.64675903320312,156.39999389648438,317.9197998046875,178.8800048828125,66.31704711914062,916.912841796875,163.79946899414062,172.10000610351562,79.69303894042969,37.555580139160156,3667.62548828125,59.48316955566406,337.9503479003906,871.7264404296875,259.8566589355469,48.605525970458984,138.41221618652344,88.9647216796875,292.4576721191406,168.69503784179688,166.2253875732422,484.5284118652344,356.59869384765625,40.320919036865234,190.64376831054688,153.9761505126953,208.79348754882812,66.89559936523438,942.7601928710938,85.12261962890625,465.82073974609375,524.5785522460938,97.85803985595703,421.63458251953125,76.10327911376953,698.5399780273438,127.20264434814453,112.92867279052734,137.49024963378906,27.00510597229004,166.20741271972656,32.31999969482422,113.42180633544922,167.4559783935547,4.505575180053711,215.8186798095703,175.3090362548828,221.10000610351562,169.58154296875,566.31640625,266.1708068847656,37.63123321533203,54.92823791503906,73.82022094726562,110.58168029785156
2024-08-21,225.35121154785156,565.7899780273438,206.57066345214844,157.80999755859375,318.5003967285156,180.11000061035156,66.49517822265625,934.16845703125,163.6316680908203,173.42999267578125,82.14165496826172,37.613826751708984,3702.791259765625,58.72641372680664,337.62554931640625,876.9197387695312,259.11236572265625,48.808692932128906,139.014892578125,89.93626403808594,295.8636169433594,169.89581298828125,164.90298461914062,483.67108154296875,359.69598388671875,40.76451873779297,191.79135131835938,155.1970977783203,208.87136840820312,67.07879638671875,944.7449951171875,86.15550994873047,464.7085876464844,532.97412109375,97.7706527709961,420.9795227050781,76.73922729492188,697.1199951171875,128.45216369628906,113.39146423339844,138.5078125,27.1265811920166,165.96356201171875,32.540000915527344,114.39414978027344,169.50892639160156,4.563215732574463,216.9088134765625,177.51321411132812,223.27000427246094,168.9901123046875,563.8001098632812,266.3296813964844,37.81547164916992,54.25325012207031,74.51345825195312,109.87715148925781
2024-08-22,223.4898681640625,557.4400024414062,198.13839721679688,151.6999969482422,314.0299072265625,176.1300048828125,66.05978393554688,898.627685546875,160.23623657226562,172.75999450683594,81.58112335205078,38.08945846557617,3732.597900390625,58.619686126708984,337.0249938964844,873.0794677734375,256.6313171386719,48.58617401123047,139.40708923339844,89.14317321777344,293.88916015625,168.3874053955078,162.86468505859375,484.9278564453125,354.7441711425781,40.61350631713867,190.57571411132812,156.0815887451172,210.84713745117188,66.84739685058594,946.92822265625,82.4452133178711,465.5227966308594,529.7572021484375,97.64442443847656,412.4534606933594,76.04545593261719,688.9600219726562,123.6939468383789,113.53607940673828,136.41339111328125,26.892972946166992,165.9538116455078,31.920000076293945,114.48948669433594,164.43008422851562,4.563215732574463,215.30332946777344,175.46372985839844,210.66000366210938,164.0615692138672,564.4340209960938,266.07147216796875,37.649658203125,54.74237060546875,74.85018157958984,110.72644805908203
2024-08-23,225.7891845703125,558.2999877929688,200.58297729492188,154.97999572753906,318.1617431640625,177.0399932861328,66.64359283447266,898.1821899414062,164.2041473388672,174.9600067138672,83.99040985107422,38.60392379760742,3794.499267578125,60.28843688964844,342.9807434082031,874.7210693359375,262.00030517578125,49.089256286621094,141.215087890625,89.77764129638672,296.169677734375,169.9156494140625,164.67428588867188,496.2972412109375,364.67694091796875,41.19869613647461,190.7118377685547,157.79286193847656,212.4822998046875,67.2909164428711,945.5091552734375,83.5945053100586,463.1595458984375,525.8433227539062,98.93585968017578,413.6842346191406,76.75849914550781,686.72998046875,129.32183837890625,114.30738067626953,137.50999450683594,27.00510597229004,164.99798583984375,31.780000686645508,114.53714752197266,168.8083953857422,4.668890476226807,217.18630981445312,178.934326171875,220.32000732421875,168.8323974609375,570.0811157226562,265.574951171875,37.96286392211914,55.466270446777344,74.96900939941406,112.26095581054688
2024-08-26,226.12757873535156,559.4400024414062,194.20928955078125,149.99000549316406,316.2070617675781,175.5,65.9608383178711,874.4718017578125,157.55149841308594,173.47999572753906,80.40107727050781,38.74951934814453,3762.1171875,59.94887161254883,345.6878662109375,887.9532470703125,263.2706298828125,49.13762664794922,142.0569305419922,90.98710632324219,293.119140625,169.9156494140625,165.21121215820312,494.7871398925781,363.2398986816406,41.24588394165039,192.54017639160156,158.2543182373047,213.31935119628906,68.3033218383789,943.3159790039062,80.78688049316406,465.3441162109375,518.9915161132812,99.36310577392578,410.4088439941406,77.70280456542969,688.4400024414062,126.41293334960938,114.876220703125,137.22349548339844,27.023794174194336,166.14889526367188,30.850000381469727,115.58575439453125,164.90682983398438,4.630463123321533,213.92579650878906,174.5646514892578,213.2100067138672,166.65399169921875,572.636474609375,266.339599609375,38.22080993652344,55.48583984375,75.29582977294922,114.66407012939453
2024-08-27,226.97366333007812,567.8200073242188,193.7540283203125,150.5,316.35223388671875,173.1199951171875,65.82230377197266,880.97607421875,159.29856872558594,173.0500030517578,80.09622192382812,38.50685119628906,3844.89013671875,59.84214782714844,345.6485290527344,904.259521484375,262.1988220214844,49.06022644042969,140.57415771484375,90.11470794677734,292.2503662109375,169.68740844726562,163.7396697998047,494.19287109375,362.3369445800781,41.68948745727539,193.2695770263672,157.84747314453125,214.30239868164062,68.93968963623047,947.2359619140625,80.93781280517578,471.6494445800781,516.9796752929688,99.12034606933594,410.7562255859375,76.71031951904297,695.719970703125,128.25225830078125,115.54146575927734,136.80857849121094,26.930349349975586,165.07601928710938,30.84000015258789,116.69157409667969,169.22677612304688,4.7553510665893555,215.87814331054688,179.5723876953125,209.2100067138672,168.1128387451172,572.8509521484375,268.8320617675781,38.1839599609375,55.03584289550781,75.39485931396484,113.57349395751953
2024-08-28,225.4407958984375,560.5399780273438,190.90370178222656,146.36000061035156,318.82940673828125,170.8000030517578,65.59471893310547,879.2435913085938,156.13015747070312,170.7100067138672,78.29664611816406,38.77864456176758,3861.52197265625,59.7451286315918,342.7740173339844,883.5159912109375,256.9389343261719,48.228214263916016,139.66539001464844,88.71688842773438,289.8514099121094,170.56069946289062,161.92013549804688,490.3641052246094,361.8612060546875,41.48184585571289,193.0070037841797,158.78707885742188,215.38275146484375,69.18073272705078,941.738037109375,79.42549133300781,468.4818115234375,514.6692504882812,99.23686981201172,407.54034423828125,76.5176010131836,683.8400268554688,125.5632553100586,115.67645263671875,136.2158203125,26.86494255065918,164.8907012939453,30.360000610351562,116.8440933227539,167.20303344726562,4.774564266204834,214.98619079589844,181.42852783203125,205.75,166.78213500976562,574.0115966796875,267.312744140625,38.22080993652344,55.82822036743164,75.34534454345703,112.4539794921875
2024-08-29,228.7255096435547,569.6300048828125,190.9927520751953,145.49000549316406,320.30023193359375,172.1199951171875,66.08946990966797,878.827880859375,154.8963623046875,172.25999450683594,79.67337036132812,38.992191314697266,3854.162109375,60.036190032958984,346.160400390625,882.103271484375,255.0632781982422,48.750640869140625,141.02378845214844,89.03411865234375,297.24578857421875,172.2576904296875,160.85621643066406,496.959716796875,358.5594787597656,41.63285827636719,193.43490600585938,159.08737182617188,216.2781982421875,69.4699935913086,933.0643920898438,78.65699768066406,477.4185485839844,516.103271484375,99.6252670288086,410.0415954589844,77.11502075195312,692.47998046875,117.54622650146484,116.10066986083984,137.7372283935547,26.83690643310547,165.8367919921875,31.0,116.82503509521484,164.90682983398438,4.764957904815674,216.8196258544922,181.52520751953125,206.27999877929688,166.7328338623047,576.9669189453125,272.4070129394531,37.999717712402344,56.10212707519531,75.68206024169922,114.00779724121094
2024-08-30,227.9391632080078,574.4099731445312,195.2286834716797,148.55999755859375,323.02899169921875,178.5,66.74254608154297,894.8260498046875,160.7100372314453,173.74000549316406,81.9548110961914,39.55518341064453,3872.408447265625,60.77354049682617,350.5509033203125,887.8238525390625,250.98435974121094,48.89575958251953,141.53077697753906,89.59919738769531,303.01116943359375,173.2897491455078,162.44711303710938,500.0467529296875,359.96612548828125,41.963199615478516,196.576171875,160.66635131835938,218.79905700683594,69.87495422363281,952.7339477539062,80.99404907226562,479.9407043457031,519.1806640625,100.6059799194336,414.03167724609375,78.07999420166016,701.3499755859375,119.32557678222656,116.5538101196289,139.58465576171875,27.107894897460938,167.30953979492188,31.479999542236328,117.53046417236328,170.55972290039062,4.7841715812683105,217.74130249023438,183.48768615722656,214.11000061035156,169.24639892578125,575.6306762695312,274.44268798828125,38.487953186035156,57.19776153564453,76.48423767089844,113.82442474365234
2024-09-03,221.738037109375,571.0399780273438,181.481689453125,136.94000244140625,319.8164367675781,176.25,61.26065444946289,836.9312744140625,150.8100128173828,161.02000427246094,80.90259552001953,39.506649017333984,3777.857666015625,59.62870407104492,334.9380187988281,874.0844116210938,246.18104553222656,48.43137741088867,138.383544921875,88.36000061035156,286.03082275390625,162.95907592773438,156.4614715576172,477.71246337890625,356.2931823730469,40.981605529785156,195.74951171875,161.92564392089844,214.419189453125,70.39561462402344,949.2704467773438,75.53959655761719,478.7292785644531,509.669677734375,96.39181518554688,406.3890380859375,77.51749420166016,675.3200073242188,107.95980072021484,114.2495346069336,137.81625366210938,26.44444465637207,170.21604919433594,30.510000228881836,119.83740234375,158.8258514404297,4.6112494468688965,214.55015563964844,179.95907592773438,210.60000610351562,158.19659423828125,583.9013061523438,276.59759521484375,39.547340393066406,57.09993362426758,76.42481231689453,111.44062042236328
2024-09-04,219.82691955566406,575.25,180.50192260742188,140.8699951171875,319.9422302246094,173.3300018310547,60.65705490112305,803.3604736328125,152.12278747558594,163.22000122070312,81.09927368164062,39.31251525878906,3763.4248046875,59.14360046386719,331.5024108886719,885.4758911132812,245.80392456054688,48.08309555053711,135.90591430664062,88.47895812988281,285.08306884765625,165.09268188476562,155.55665588378906,480.828857421875,356.2248229980469,41.104305267333984,198.5017547607422,162.119384765625,213.47508239746094,69.96172332763672,939.1279907226562,75.41331481933594,479.74212646484375,510.6456298828125,97.24630737304688,405.8530578613281,78.63278198242188,679.6799926757812,106.17046356201172,115.09796905517578,139.05117797851562,26.52854347229004,171.56201171875,30.59000015258789,120.69535827636719,160.85931396484375,4.630463123321533,213.4996337890625,178.5669708251953,219.41000366210938,158.57115173339844,589.2655639648438,278.5339660644531,38.21159362792969,56.85537338256836,76.49413299560547,110.07981872558594
2024-09-05,221.34983825683594,567.9299926757812,178.3839569091797,139.44000244140625,313.8653564453125,177.88999938964844,61.211177825927734,787.6393432617188,150.83961486816406,162.14999389648438,81.0599365234375,38.96307373046875,3746.258056640625,58.82343292236328,328.3621520996094,881.4564819335938,244.25572204589844,47.53163528442383,134.8153533935547,87.88414764404297,282.0719909667969,162.601806640625,156.3421630859375,478.1240539550781,353.47015380859375,41.4724006652832,197.02352905273438,159.82359313964844,211.82046508789062,68.62150573730469,905.82275390625,74.57280731201172,474.0027770996094,514.7488403320312,96.67340850830078,405.34686279296875,77.90542602539062,683.6199951171875,107.17009735107422,112.31163024902344,140.8887176513672,26.640676498413086,171.1426239013672,30.15999984741211,119.33216857910156,160.09649658203125,4.678496837615967,210.69500732421875,176.72048950195312,230.1699981689453,161.36073303222656,580.7901000976562,276.677001953125,38.054988861083984,55.6227912902832,76.21685028076172,109.22087860107422
2024-09-06,219.79705810546875,563.4099731445312,172.9504852294922,134.35000610351562,310.1883239746094,171.38999938964844,59.22226333618164,745.2577514648438,135.22462463378906,157.6199951171875,79.8307113647461,37.86882019042969,3704.775634765625,57.32931900024414,324.2275695800781,872.2039794921875,242.12203979492188,46.9221305847168,132.54818725585938,87.18028259277344,281.3315734863281,160.0017547607422,150.0582275390625,470.0194091796875,351.7117919921875,40.462493896484375,195.224365234375,159.2327117919922,206.78846740722656,68.59257507324219,895.85888671875,72.39359283447266,472.771484375,498.22662353515625,93.78952026367188,398.70672607421875,77.56599426269531,665.77001953125,102.7917251586914,112.46589660644531,140.098388671875,26.687397003173828,171.25965881347656,30.329999923706055,119.93273162841797,154.70779418945312,4.553608417510986,209.43638610839844,171.28738403320312,210.72999572753906,154.5790557861328,582.1458129882812,277.4217529296875,37.907596588134766,52.82501983642578,75.89994049072266,108.7093734741211
2024-09-09,219.88665771484375,569.8800048828125,175.72164916992188,138.14999389648438,315.3749694824219,175.39999389648438,60.09303665161133,742.3174438476562,138.99514770507812,162.91000366210938,80.08639526367188,38.5625,3775.805908203125,57.76591110229492,328.8346862792969,891.912841796875,243.89846801757812,47.115623474121094,134.21270751953125,87.57682037353516,285.685302734375,164.0903778076172,148.0570831298828,478.8002624511719,357.05511474609375,41.28363800048828,197.93768310546875,161.3928680419922,211.0223388671875,69.27714538574219,901.376708984375,72.4409408569336,483.664306640625,502.7281494140625,95.33341979980469,402.6967468261719,78.73947143554688,675.4199829101562,106.43037414550781,112.95760345458984,138.2015380859375,27.481664657592773,171.71807861328125,34.599998474121094,121.4961166381836,157.2310028076172,4.6112494468688965,212.06263732910156,170.22398376464844,216.27000427246094,160.45387268066406,579.4343872070312,283.6182556152344,39.36310577392578,53.402183532714844,76.59317779541016,110.99667358398438
2024-09-10,219.09033203125,574.47998046875,176.2165069580078,142.83999633789062,318.2875061035156,179.5500030517578,60.152408599853516,743.8618774414062,146.2893524169922,160.07000732421875,82.40716552734375,38.376869201660156,3807.5087890625,56.223289489746094,328.9527587890625,889.72412109375,244.29544067382812,47.20269775390625,132.23251342773438,87.63630676269531,284.6190490722656,165.7079315185547,148.0072784423828,457.78900146484375,362.2812194824219,40.63238525390625,199.67852783203125,162.1387481689453,200.0726776123047,68.98789978027344,894.409912109375,72.16964721679688,484.5877685546875,502.7281494140625,93.81866455078125,411.1135559082031,79.81597137451172,673.6199951171875,108.05976104736328,112.79369354248047,154.00843811035156,27.790029525756836,173.40541076660156,34.7599983215332,120.82882690429688,158.12095642089844,4.515182018280029,212.003173828125,168.3871612548828,226.1699981689453,160.10885620117188,584.24267578125,283.3501281738281,40.210609436035156,52.7761116027832,78.04898071289062,106.952880859375
2024-09-11,221.6285400390625,580.3800048828125,184.02523803710938,149.86000061035156,319.3035583496094,184.52000427246094,61.40908432006836,792.1339721679688,156.218994140625,161.3300018310547,83.40037536621094,38.103302001953125,3800.211181640625,55.592655181884766,329.77972412109375,895.802978515625,247.67962646484375,47.51228713989258,131.89772033691406,87.55699920654297,293.34619140625,165.08274841308594,150.49630737304688,461.7481994628906,361.9100341796875,40.60407257080078,204.12295532226562,159.65890502929688,201.6980743408203,68.53473663330078,913.9010009765625,75.65106964111328,484.7466735839844,509.7393493652344,94.21676635742188,419.8876953125,80.91184997558594,681.469970703125,116.86648559570312,111.14503479003906,155.28285217285156,27.715272903442383,169.630859375,34.849998474121094,119.4084243774414,162.89353942871094,4.563215732574463,215.67001342773438,168.88021850585938,228.1300048828125,167.7974090576172,575.1917724609375,281.979736328125,40.348793029785156,52.56089782714844,78.07868957519531,105.89127349853516
2024-09-12,221.738037109375,586.5499877929688,181.32337951660156,150.77000427246094,319.3809814453125,187.0,62.784507751464844,792.1636962890625,162.42745971679688,162.77000427246094,84.06907653808594,37.88835906982422,3843.133056640625,55.621761322021484,334.288330078125,910.3582153320312,251.45082092285156,47.99601745605469,133.17001342773438,88.52853393554688,299.50653076171875,168.40724182128906,154.01080322265625,464.5804138183594,365.7587585449219,40.896663665771484,205.7957000732422,159.4845428466797,201.08489990234375,68.67935943603516,927.9236450195312,73.769775390625,488.6490173339844,523.4530639648438,93.83806610107422,423.81817626953125,80.94094848632812,686.7999877929688,119.10585021972656,111.56925201416016,159.4321746826172,27.248058319091797,169.1919403076172,34.90999984741211,118.82691955566406,161.34832763671875,4.601642608642578,219.02963256835938,170.32064819335938,229.80999755859375,169.6039581298828,573.8945922851562,283.37994384765625,40.40406799316406,50.44789505004883,78.89078521728516,107.34857940673828
2024-09-13,221.4692840576172,536.8699951171875,186.52920532226562,152.30999755859375,321.6936340332031,186.49000549316406,62.91314697265625,808.191650390625,165.51690673828125,156.77000427246094,83.28237915039062,37.761356353759766,3904.582275390625,55.951629638671875,339.9290466308594,911.3232421875,252.64175415039062,48.17983627319336,134.50926208496094,89.76773834228516,301.8955993652344,176.921875,156.76866149902344,469.41180419921875,371.1900329589844,41.18925094604492,208.8883056640625,160.3369903564453,198.86575317382812,69.32494354248047,916.6995239257812,75.9342041015625,489.89019775390625,522.4771728515625,95.4013900756836,427.38140869140625,82.09503936767578,697.0599975585938,119.06585693359375,111.51140594482422,160.07432556152344,27.350847244262695,169.7869110107422,35.59000015258789,119.75161743164062,164.0377655029297,4.6977105140686035,219.29722595214844,169.5569305419922,230.2899932861328,170.6625518798828,579.6489868164062,285.34613037109375,40.92914962768555,51.631561279296875,79.82170104980469,107.27136993408203
2024-09-16,215.3179168701172,521.5,185.6483612060547,152.0800018310547,324.4127502441406,184.88999938964844,62.60639190673828,795.0049438476562,161.8944854736328,155.5500030517578,82.21048736572266,38.20100784301758,3950.66162109375,56.65018081665039,342.5377502441406,903.2348022460938,254.96401977539062,49.36982345581055,135.925048828125,91.0564956665039,302.6360168457031,180.05780029296875,157.3660125732422,475.4584655761719,373.1632385253906,41.22700500488281,211.1931915283203,161.76095581054688,202.311279296875,69.99478912353516,916.53076171875,74.82437896728516,494.2096252441406,531.6084594726562,97.18804168701172,428.1258239746094,82.08533477783203,696.5,116.74652099609375,112.75513458251953,168.274169921875,28.098392486572266,172.86898803710938,36.310001373291016,120.08526611328125,162.94244384765625,4.774564266204834,221.596435546875,170.36898803710938,226.77999877929688,167.27899169921875,576.6343383789062,288.454345703125,41.4542350769043,52.619590759277344,79.7820816040039,108.77693176269531
2024-09-17,215.7857208251953,515.030029296875,186.64794921875,150.82000732421875,322.0323181152344,186.8800048828125,63.484405517578125,797.62841796875,160.3645477294922,156.38999938964844,83.29220581054688,38.640655517578125,4013.639892578125,57.52336120605469,348.178466796875,892.6888427734375,253.2570343017578,48.96348571777344,137.18775939941406,92.05777740478516,307.74993896484375,178.95628356933594,158.6204833984375,475.683837890625,374.36474609375,41.22700500488281,208.24644470214844,161.8384552001953,203.66415405273438,69.70355987548828,899.3025512695312,75.80101776123047,497.4665832519531,534.6388549804688,96.9452896118164,431.90740966796875,82.40538787841797,706.9099731445312,115.5568618774414,111.54996490478516,165.44866943359375,27.874128341674805,171.5425262451172,36.45000076293945,117.47325134277344,164.98641967773438,4.803384780883789,220.0702362060547,167.39141845703125,227.8699951171875,165.56741333007812,565.691650390625,289.5267639160156,40.606727600097656,53.32392120361328,77.84101104736328,110.19562530517578
2024-09-18,219.66766357421875,508.1300048828125,184.2231903076172,148.2899932861328,322.1484680175781,186.42999267578125,62.79985046386719,779.95703125,159.57493591308594,155.11000061035156,83.01686096191406,38.70904541015625,3999.61083984375,58.11518478393555,349.586181640625,887.9631958007812,250.9112548828125,48.92478561401367,137.7139129638672,92.77155303955078,310.63262939453125,182.15174865722656,159.1083221435547,474.8900146484375,375.1169128417969,41.444091796875,209.03419494628906,160.947265625,201.99008178710938,69.6550064086914,898.1016235351562,74.794677734375,491.2803955078125,536.2638549804688,96.42095184326172,427.59979248046875,81.7362060546875,690.469970703125,113.33749389648438,111.81028747558594,162.54415893554688,27.799373626708984,169.630859375,36.380001068115234,115.3093032836914,164.59523010253906,4.832205295562744,219.891845703125,170.83303833007812,227.1999969482422,165.4981689453125,568.3245849609375,286.46826171875,40.422489166259766,53.07936477661133,78.26686096191406,110.58168029785156
2024-09-19,227.8097686767578,526.4400024414062,194.68435668945312,156.74000549316406,325.0804138183594,189.8699951171875,64.77413177490234,819.8735961914062,165.79393005371094,154.58999633789062,87.01921081542969,39.93030548095703,3988.8974609375,61.142215728759766,367.49273681640625,896.1411743164062,264.3896484375,49.766475677490234,138.69921875,92.6426773071289,324.7204284667969,184.74183654785156,161.4281005859375,493.7550964355469,381.3003234863281,42.199161529541016,208.01303100585938,159.65890502929688,204.86131286621094,68.5580062866211,908.0952758789062,78.07988739013672,489.5426940917969,557.3474731445312,97.80949401855469,435.42108154296875,79.80626678466797,704.3200073242188,117.83621215820312,111.81993103027344,165.5672149658203,27.715272903442383,167.30953979492188,36.83000183105469,114.14629364013672,170.0915069580078,4.918665885925293,226.91831970214844,177.36819458007812,243.9199981689453,174.34292602539062,564.8204956054688,283.2508239746094,40.477752685546875,54.585853576660156,77.28642272949219,111.9521255493164
2024-09-20,227.1428680419922,522.2999877929688,190.18121337890625,155.9499969482422,326.4641418457031,191.60000610351562,65.38924407958984,787.3226318359375,169.43820190429688,153.2899932861328,86.82254028320312,39.3441047668457,4035.066162109375,60.28843688964844,363.07269287109375,902.3493041992188,265.1947937011719,50.279239654541016,139.35926818847656,92.9400863647461,326.3789978027344,186.0021514892578,162.87173461914062,488.46307373046875,380.8314514160156,41.68948745727539,211.71835327148438,159.0195770263672,205.45504760742188,69.5482177734375,914.496337890625,76.50852966308594,489.27459716796875,559.5904541015625,99.49903869628906,432.0264892578125,80.2620849609375,701.030029296875,115.96675109863281,111.78136444091797,165.97227478027344,27.491010665893555,169.9234619140625,37.20000076293945,115.14724731445312,165.2015838623047,4.880239009857178,226.75975036621094,177.94825744628906,238.25,172.22572326660156,562.7944946289062,282.7840881347656,40.83702850341797,55.06519317626953,78.29656982421875,111.24759674072266
2024-09-23,225.42086791992188,527.8699951171875,192.04183959960938,156.75,324.7513732910156,193.8800048828125,65.15113067626953,795.46044921875,171.2603302001953,156.3000030517578,88.59261322021484,38.95330047607422,4067.90087890625,60.715328216552734,365.3861083984375,912.3977661132812,262.620361328125,50.49208068847656,141.13856506347656,92.16683197021484,325.5793151855469,187.23272705078125,161.13938903808594,487.4634704589844,382.8828430175781,42.538944244384766,214.44142150878906,158.1090087890625,205.79571533203125,69.6355972290039,911.5488891601562,77.58611297607422,493.6436767578125,562.6408081054688,99.49903869628906,430.2796630859375,82.25990295410156,705.3699951171875,116.22667694091797,112.19593811035156,163.947021484375,27.388221740722656,169.4845428466797,37.95000076293945,115.43323516845703,162.30674743652344,4.7937774658203125,228.37515258789062,179.23402404785156,250.0,172.89849853515625,561.2382202148438,286.6171875,40.772544860839844,53.91087341308594,79.55430603027344,113.26466369628906
2024-09-24,226.3167266845703,524.0700073242188,194.7536163330078,158.32000732421875,320.213134765625,193.9600067138672,65.62733459472656,805.8554077148438,173.14186096191406,155.80999755859375,95.57461547851562,38.5429573059082,4147.80810546875,59.5413818359375,379.9160461425781,896.93701171875,268.81292724609375,50.81134796142578,141.05247497558594,92.88060760498047,323.2099609375,188.21519470214844,161.5774383544922,488.061279296875,391.3813781738281,42.68052291870117,214.89849853515625,157.68280029296875,205.9416961669922,69.24727630615234,917.4140014648438,78.27680206298828,483.9820861816406,561.5642700195312,99.6058578491211,425.9720153808594,81.74590301513672,722.260009765625,120.83535766601562,112.244140625,163.79884338378906,27.565765380859375,168.96763610839844,36.900001525878906,115.5476303100586,163.2749481201172,4.870632648468018,228.86074829101562,177.42620849609375,254.27000427246094,180.0316925048828,562.9804077148438,270.87774658203125,41.14102554321289,52.981536865234375,79.89102935791016,112.96548461914062
2024-09-25,225.32135009765625,517.9000244140625,195.27816772460938,162.02000427246094,302.7374572753906,192.52999877929688,64.84358215332031,809.9934692382812,173.8152618408203,152.22000122070312,93.87336730957031,38.347557067871094,4145.9609375,58.58088302612305,372.3557434082031,903.781982421875,272.44091796875,50.93711471557617,137.7234649658203,93.1086196899414,324.3551330566406,187.8876953125,160.7809600830078,481.31890869140625,387.7377014160156,42.16140365600586,215.15135192871094,155.57107543945312,204.57908630371094,69.36376190185547,917.5430908203125,79.5324935913086,486.0076904296875,566.5286254882812,99.37281036376953,428.89007568359375,82.06594848632812,721.5599975585938,123.47459411621094,112.2537841796875,164.2730255126953,27.033138275146484,168.01177978515625,37.119998931884766,116.00521087646484,164.56590270996094,4.812992095947266,221.28919982910156,178.03526306152344,257.0199890136719,180.4076385498047,564.07666015625,267.7497253417969,41.039695739746094,52.44350814819336,80.61397552490234,110.76504516601562
2024-09-26,226.4660186767578,515.3800048828125,207.45152282714844,167.49000549316406,308.7756042480469,191.16000366210938,65.20073699951172,843.91064453125,176.3603057861328,154.5800018310547,103.32363891601562,38.61135482788086,4238.537109375,59.871253967285156,384.86767578125,896.837646484375,274.10089111328125,51.13060760498047,135.82937622070312,94.3775634765625,328.76806640625,183.45510864257812,162.0155029296875,486.9833068847656,387.5130920410156,43.33177185058594,217.2908935546875,156.33631896972656,204.18002319335938,69.31523895263672,902.418701171875,83.86164093017578,487.8149108886719,566.0601196289062,101.5672836303711,428.0960388183594,80.94094848632812,711.4299926757812,124.00444030761719,111.46319580078125,166.07106018066406,27.070514678955078,168.93836975097656,37.099998474121094,116.49683380126953,168.85923767089844,4.966700077056885,226.06602478027344,183.06231689453125,254.22000122070312,184.8399200439453,562.6085205078125,269.79534912109375,41.10417938232422,55.16301727294922,79.14826202392578,108.8637924194336
2024-09-27,226.7347412109375,515.47998046875,202.80979919433594,164.35000610351562,312.2301025390625,187.97000122070312,64.50625610351562,833.1197509765625,171.01275634765625,156.32000732421875,105.54607391357422,38.49411392211914,4217.84521484375,60.026485443115234,384.9858093261719,881.098388671875,274.9756164550781,51.295082092285156,139.1775360107422,95.1805648803711,324.2564697265625,184.24026489257812,163.23016357421875,488.5414733886719,390.2774963378906,43.05805969238281,214.77206420898438,156.3459930419922,204.88079833984375,69.69385528564453,871.1279907226562,81.8449935913086,490.1682434082031,565.5816040039062,101.09149169921875,424.8305358886719,81.98835754394531,707.3499755859375,121.36520385742188,111.46319580078125,166.70335388183594,27.182647705078125,169.26998901367188,36.84000015258789,116.27511596679688,166.3849639892578,4.93787956237793,225.95701599121094,176.73983764648438,260.4599914550781,176.0742950439453,569.4990234375,273.2510681152344,41.3529052734375,54.68368148803711,79.00961303710938,111.77839660644531
2024-09-30,231.92063903808594,517.780029296875,199.9693603515625,164.0800018310547,311.7849426269531,186.3300018310547,64.6451644897461,824.9127197265625,170.8245849609375,152.0399932861328,104.35618591308594,38.767669677734375,4182.1220703125,60.73473358154297,385.0251770019531,881.9937744140625,272.063232421875,51.48857498168945,140.8802947998047,95.35901641845703,327.208251953125,187.42059326171875,165.121826171875,485.20947265625,395.8161926269531,42.65220642089844,215.00547790527344,156.98533630371094,205.23118591308594,69.76179504394531,879.2161865234375,80.75257110595703,490.3271179199219,570.645751953125,101.21772003173828,427.09356689453125,81.97865295410156,709.27001953125,121.40518951416016,110.89435577392578,168.3433074951172,27.042484283447266,168.92860412597656,37.20000076293945,117.02701568603516,166.3067169189453,4.8994526863098145,227.0471649169922,175.12266540527344,261.6300048828125,171.82009887695312,572.26904296875,273.0326232910156,41.37133026123047,55.26084518432617,79.97024536132812,113.12955474853516
2024-10-01,225.16209411621094,502.79998779296875,195.1693115234375,159.75,309.9561462402344,185.1300048828125,63.11732482910156,814.1217041015625,165.8434600830078,154.22000122070312,110.86615753173828,38.3182487487793,4071.783203125,59.9682731628418,386.275390625,872.9004516601562,269.2403259277344,51.024192810058594,143.20486450195312,93.23750305175781,323.3975524902344,185.15460205078125,166.25682067871094,480.3682556152344,399.5770263671875,42.085899353027344,213.32302856445312,156.91754150390625,201.5131378173828,69.61618041992188,877.7672119140625,78.90218353271484,492.88897705078125,574.6629638671875,101.39250183105469,417.5552062988281,82.69631958007812,706.1300048828125,116.96646118164062,110.44122314453125,165.1424102783203,26.790185928344727,168.77255249023438,36.459999084472656,116.2461929321289,162.13070678710938,4.630463123321533,223.78663635253906,174.62249755859375,258.0199890136719,170.23715209960938,570.918212890625,275.6641540527344,41.64768600463867,54.184776306152344,80.4852294921875,115.74497985839844
2024-10-02,225.7294464111328,505.80999755859375,199.07862854003906,159.77999877929688,309.3852233886719,184.75999450683594,61.649017333984375,823.86328125,169.00245666503906,152.88999938964844,113.33443450927734,38.32801818847656,4095.632080078125,60.18171691894531,387.9095458984375,874.044677734375,277.7985534667969,51.29714584350586,144.40060424804688,93.33663177490234,323.80230712890625,185.29376220703125,165.13177490234375,482.1518249511719,401.7358703613281,42.52006530761719,213.69256591796875,156.1232147216797,201.75645446777344,68.9366226196289,884.3072509765625,80.55565643310547,492.0846862792969,571.0144653320312,101.48959350585938,414.021728515625,82.85149383544922,711.0900268554688,118.81592559814453,110.36408996582031,165.68576049804688,26.734119415283203,167.68016052246094,37.4900016784668,115.29185485839844,164.6147918701172,4.6977105140686035,222.61721801757812,177.01539611816406,249.02000427246094,173.9274139404297,579.7369995117188,275.0683288574219,41.50029373168945,54.096736907958984,79.6533432006836,117.27948760986328
2024-10-03,224.62460327148438,503.79998779296875,197.53469848632812,162.85000610351562,307.2080078125,181.9600067138672,61.57957077026367,824.0809936523438,170.2205352783203,150.52000427246094,110.96449279785156,38.347557067871094,4074.890869140625,59.48316955566406,384.99566650390625,871.1991577148438,279.2198791503906,51.1119270324707,144.68760681152344,92.82112121582031,322.78546142578125,182.75941467285156,165.13177490234375,476.379638671875,402.0484313964844,42.64276885986328,216.6004180908203,155.47418212890625,199.75148010253906,68.46092224121094,878.8291015625,80.2597885131836,491.4888916015625,580.9432983398438,101.53814697265625,413.4361267089844,82.48296356201172,706.7999877929688,122.81478118896484,109.68919372558594,164.84605407714844,26.481822967529297,165.92454528808594,39.2400016784668,114.11580657958984,165.2015838623047,4.6977105140686035,218.49447631835938,172.76898193359375,240.66000366210938,177.56820678710938,580.167724609375,274.9292297363281,41.012062072753906,53.78369903564453,79.6533432006836,118.3025131225586
2024-10-04,225.74937438964844,507.2200012207031,199.8901824951172,170.89999389648438,309.3174743652344,186.50999450683594,61.90696334838867,824.6651611328125,174.9243927001953,155.0,112.62640380859375,39.187782287597656,4157.87548828125,60.77354049682617,390.90216064453125,878.6011352539062,286.01873779296875,51.423885345458984,144.19973754882812,94.32798767089844,328.7976989746094,185.9298095703125,166.3264923095703,485.25848388671875,398.90301513671875,43.284584045410156,219.79031372070312,155.27076721191406,206.8413848876953,68.12113952636719,880.4268188476562,80.6852798461914,494.1997375488281,594.072021484375,104.75218200683594,412.959716796875,81.31918334960938,719.7000122070312,124.88418579101562,109.86273956298828,168.79776000976562,26.706087112426758,164.7151336669922,40.0099983215332,114.80986785888672,165.18203735351562,4.7553510665893555,218.90081787109375,176.54466247558594,250.0800018310547,179.23033142089844,578.650634765625,275.9917907714844,40.698848724365234,55.720611572265625,80.1584243774414,120.47399139404297
2024-10-07,220.6630401611328,487.29998779296875,198.06912231445312,170.97000122070312,307.1789855957031,180.8000030517578,62.35340881347656,809.0726928710938,173.37953186035156,155.91000366210938,115.56670379638672,39.04123306274414,4140.123046875,60.73473358154297,392.0440673828125,869.1298217773438,282.8578796386719,51.18991470336914,144.56324768066406,91.59182739257812,330.3575134277344,184.8166961669922,162.26438903808594,484.7292785644531,398.6099548339844,43.105247497558594,220.8795166015625,154.53456115722656,206.55738830566406,66.99502563476562,891.58154296875,79.76502990722656,487.8446960449219,582.947021484375,104.51914978027344,406.48828125,77.86663818359375,701.9199829101562,127.68338775634766,109.77597045898438,167.9185028076172,27.285436630249023,162.99853515625,38.88999938964844,114.626708984375,163.26519775390625,4.812992095947266,216.1754608154297,173.89678955078125,240.8300018310547,182.5446319580078,571.1727905273438,271.88067626953125,40.38563919067383,55.916263580322266,78.336181640625,120.99516296386719
2024-10-08,224.72413635253906,496.239990234375,198.8114013671875,172.8000030517578,307.4015197753906,182.72000122070312,63.821712493896484,816.0126342773438,178.9746551513672,154.64999389648438,107.85701751708984,39.01192092895508,4203.0322265625,61.35566711425781,381.9144287109375,885.8738403320312,289.8157653808594,51.40438461303711,142.29608154296875,91.71080017089844,331.2953796386719,186.3174285888672,163.65826416015625,486.6402587890625,404.5882263183594,41.45352554321289,222.33831787109375,154.68955993652344,206.38111877441406,67.16004943847656,906.7852783203125,80.16084289550781,493.5641784667969,591.0316162109375,104.37349700927734,411.6197509765625,78.07029724121094,721.760009765625,132.85189819335938,109.68919372558594,172.26539611816406,27.266746520996094,164.01290893554688,41.45000076293945,114.52067565917969,162.67837524414062,4.812992095947266,224.5992889404297,172.3668975830078,244.5,184.0682373046875,569.2348022460938,273.0425109863281,40.542240142822266,56.053218841552734,78.94029235839844,117.78135681152344
2024-10-09,228.4766845703125,494.0799865722656,202.9483642578125,171.02000427246094,311.97845458984375,185.1699981689453,64.42689514160156,837.4361572265625,184.1439666748047,149.3699951171875,106.09676361083984,39.26594543457031,4261.4326171875,62.209442138671875,390.0162048339844,904.45849609375,286.187744140625,52.21352005004883,143.15704345703125,92.7913818359375,333.93133544921875,188.11627197265625,161.14932250976562,495.0780944824219,406.4344787597656,41.68948745727539,227.86224365234375,155.61949157714844,208.9957733154297,67.53865814208984,912.7596435546875,81.99144744873047,497.09393310546875,588.6590576171875,105.87855529785156,414.3492431640625,78.14788055419922,727.4299926757812,132.61195373535156,111.49211883544922,176.1380615234375,28.21052360534668,165.09552001953125,43.130001068115234,115.85095977783203,166.47296142578125,4.774564266204834,226.84893798828125,170.63107299804688,241.0500030517578,185.14662170410156,578.6702270507812,274.998779296875,40.63436508178711,56.287994384765625,79.62362670898438,117.82959747314453
2024-10-10,227.97897338867188,503.57000732421875,201.85971069335938,164.17999267578125,310.6238098144531,186.64999389648438,64.04989624023438,825.6254272460938,183.88648986816406,146.6199951171875,107.46366119384766,39.051002502441406,4257.6796875,61.5885124206543,390.4591979980469,889.0675048828125,288.4241943359375,52.19402313232422,144.08494567871094,92.18665313720703,332.6380615234375,186.96340942382812,161.36837768554688,493.6473083496094,400.4659423828125,41.79330825805664,226.617431640625,155.48387145996094,208.42779541015625,67.22801208496094,903.7783813476562,81.1998291015625,495.1749267578125,582.0,104.9463882446289,412.7413024902344,78.49700927734375,730.2899780273438,134.77134704589844,110.69189453125,173.68251037597656,27.4162540435791,164.78341674804688,43.52000045776367,115.08940887451172,164.81039428710938,4.774564266204834,222.75595092773438,170.984130859375,238.77000427246094,183.80111694335938,585.0126342773438,275.5350341796875,40.18341064453125,56.49342727661133,78.84126281738281,118.84297180175781
2024-10-11,226.4958953857422,495.4200134277344,202.9483642578125,167.88999938964844,317.726318359375,188.82000732421875,65.04199981689453,832.2782592773438,179.7173614501953,151.02000427246094,108.30937194824219,40.985477447509766,4254.21435546875,63.781166076660156,395.7553405761719,884.490966796875,286.36663818359375,52.88616943359375,144.8502197265625,93.31680297851562,337.03125,189.98471069335938,162.5232696533203,505.9757080078125,402.36102294921875,41.859378814697266,226.85081481933594,156.4041290283203,217.681884765625,67.53865814208984,924.986083984375,82.02113342285156,499.3907470703125,588.100830078125,107.25738525390625,413.2177734375,79.38925170898438,722.7899780273438,134.76136779785156,112.05132293701172,174.03897094726562,27.248058319091797,166.87062072753906,43.5099983215332,115.77384948730469,166.2382354736328,4.812992095947266,226.10565185546875,170.69972229003906,217.8000030517578,188.7775115966797,585.3551635742188,275.9024353027344,40.230194091796875,59.662925720214844,79.32652282714844,119.29656982421875
2024-10-14,230.228515625,509.6499938964844,211.6874237060547,165.27000427246094,314.1169738769531,187.5399932861328,66.84761810302734,863.5422973632812,180.539306640625,148.99000549316406,106.01809692382812,40.94639587402344,4267.1123046875,64.04313659667969,387.81109619140625,885.21728515625,289.8853759765625,52.905670166015625,145.19461059570312,94.14955139160156,341.1972961425781,191.44569396972656,164.23573303222656,512.2967529296875,405.7995300292969,41.86882019042969,228.7958526611328,156.5397491455078,216.88868713378906,68.28617858886719,922.4554443359375,84.80168151855469,503.7655944824219,588.5693359375,109.02462005615234,416.0167236328125,80.40755462646484,713.0,138.0304412841797,112.12844848632812,174.38551330566406,27.173301696777344,168.255615234375,43.400001525878906,115.75456237792969,174.12081909179688,4.832205295562744,229.72296142578125,171.7196502685547,219.16000366210938,190.16261291503906,592.5491333007812,278.7226257324219,40.4079475402832,60.807464599609375,79.51469421386719,119.75017547607422
2024-10-15,232.76670837402344,508.0299987792969,189.0529327392578,156.63999938964844,314.57177734375,187.69000244140625,65.18087768554688,723.1215209960938,174.27078247070312,152.35000610351562,100.14732360839844,41.17110824584961,4277.09033203125,60.77354049682617,381.9439392089844,890.0424194335938,286.6151428222656,52.72044372558594,141.32032775878906,93.4060287475586,333.7239990234375,189.39834594726562,164.7335205078125,511.9342041015625,405.955810546875,41.36858367919922,226.55906677246094,158.96144104003906,217.7798309326172,68.28617858886719,906.3883666992188,75.55958557128906,504.3323669433594,584.4323120117188,108.96635437011719,415.61968994140625,80.29118347167969,705.97998046875,131.56228637695312,112.05132293701172,172.37548828125,27.509700775146484,169.28948974609375,42.43000030517578,116.08232116699219,170.25778198242188,4.822597980499268,227.46339416503906,166.27679443359375,219.57000732421875,185.13673400878906,544.481689453125,277.3423767089844,40.92252731323242,61.658538818359375,80.86155700683594,116.15032958984375
2024-10-16,230.70628356933594,502.5400085449219,182.68914794921875,156.1300048828125,311.2237243652344,186.88999938964844,66.47061920166016,676.6808471679688,175.10264587402344,154.89999389648438,100.47183990478516,41.81593322753906,4306.3798828125,62.3355712890625,387.4862365722656,882.8494262695312,289.1100158691406,54.962623596191406,142.2769317626953,95.91416931152344,336.7449035644531,190.99844360351562,164.43484497070312,519.2645874023438,408.9156494140625,41.62342071533203,227.24954223632812,159.1358184814453,219.00392150878906,68.50946044921875,909.46484375,73.36285400390625,511.13330078125,574.9819946289062,116.04499053955078,413.01922607421875,81.84288787841797,702.0,135.68109130859375,112.38876342773438,173.04881286621094,27.724618911743164,168.1288299560547,41.93000030517578,116.53539276123047,167.70523071289062,4.812992095947266,227.3841094970703,168.18914794921875,221.3300018310547,185.4829864501953,559.2122192382812,285.5149230957031,41.081573486328125,62.49982452392578,80.43571472167969,116.44950866699219
2024-10-17,231.07456970214844,496.8299865722656,181.35305786132812,156.25,310.93341064453125,187.52999877929688,67.00635528564453,693.5899658203125,179.76690673828125,155.30999755859375,98.40674591064453,41.62052917480469,4339.6416015625,62.06391143798828,388.3426513671875,880.7700805664062,289.3584899902344,54.982120513916016,144.6397705078125,95.70598602294922,344.0405578613281,191.4357452392578,162.21461486816406,518.4217529296875,405.975341796875,41.87825393676758,226.48126220703125,159.3198699951172,219.7677459716797,67.85903930664062,910.1595458984375,72.37332916259766,510.8250732421875,575.12158203125,115.97702026367188,413.6147766113281,81.25128936767578,687.6500244140625,136.8907470703125,112.33091735839844,173.9498291015625,27.350847244262695,168.03128051757812,42.0,115.8124008178711,167.3336181640625,4.7937774658203125,226.7894744873047,167.89492797851562,220.88999938964844,203.64743041992188,554.014892578125,288.3649597167969,41.02543258666992,62.979164123535156,80.10889434814453,116.15032958984375
2024-10-18,233.91136169433594,494.8999938964844,184.44093322753906,155.97000122070312,311.25274658203125,188.99000549316406,66.92698669433594,716.0233154296875,178.142822265625,155.0,100.7275161743164,41.34696960449219,4319.83349609375,60.9772834777832,387.7225036621094,885.0182495117188,291.1775207519531,55.33306884765625,144.2093048095703,96.43959045410156,343.7344970703125,191.42581176757812,162.70249938964844,517.9317626953125,405.3892822265625,42.20859909057617,225.81993103027344,159.9495086669922,220.6980438232422,68.38326263427734,911.0030517578125,72.07647705078125,513.3903198242188,574.6629638671875,117.550048828125,415.0440368652344,81.83319091796875,763.8900146484375,137.96043395996094,112.97688293457031,172.96958923339844,27.30412483215332,168.03814697265625,42.970001220703125,115.8798828125,167.15756225585938,4.8418121337890625,228.37515258789062,168.21856689453125,220.6999969482422,198.6413116455078,557.5188598632812,288.59332275390625,41.15642547607422,62.95960235595703,80.52484893798828,115.82218933105469
2024-10-21,235.38450622558594,497.7099914550781,182.56048583984375,157.89999389648438,306.4919128417969,189.07000732421875,66.34164428710938,706.954833984375,178.24183654785156,159.82000732421875,99.2327880859375,40.79983901977539,4332.64208984375,59.9876823425293,385.7762451171875,882.2426147460938,289.5374755859375,55.16734313964844,144.3336639404297,95.78529357910156,342.6387023925781,193.03585815429688,163.34963989257812,507.44573974609375,396.9884338378906,41.69892501831055,225.38230895996094,157.73123168945312,218.37718200683594,67.42217254638672,899.2529296875,72.07647705078125,512.0679321289062,573.357177734375,114.85064697265625,415.659423828125,81.49374389648438,772.0700073242188,143.66880798339844,111.57889556884766,172.04873657226562,27.033138275146484,166.3311004638672,42.70000076293945,114.67491149902344,165.28961181640625,4.832205295562744,227.42373657226562,165.9041290283203,218.85000610351562,199.79885864257812,559.33935546875,284.849609375,40.885101318359375,62.626991271972656,80.02967071533203,115.88975524902344
2024-10-22,234.76739501953125,493.1099853515625,181.1155242919922,154.08999633789062,309.3174743652344,189.6999969482422,66.32180786132812,713.6966552734375,177.6377716064453,159.8800048828125,98.7902603149414,41.327430725097656,4346.6015625,61.66613006591797,383.7805480957031,888.9281616210938,286.5952453613281,55.17709732055664,144.37191772460938,95.90425109863281,339.16363525390625,175.57386779785156,164.41493225097656,507.935791015625,392.5437927246094,42.11421585083008,225.86856079101562,158.33180236816406,219.4739532470703,67.42217254638672,902.2500610351562,72.23480224609375,510.0892639160156,580.1856689453125,114.88949584960938,424.3243713378906,81.1737060546875,764.239990234375,143.54885864257812,110.21946716308594,173.58349609375,26.949039459228516,166.48806762695312,42.939998626708984,126.67645263671875,169.36781311035156,4.822597980499268,230.23831176757812,166.64944458007812,217.97000122070312,196.36581420898438,557.7635498046875,282.8039855957031,38.826812744140625,63.399803161621094,81.22798156738281,116.48810577392578
2024-10-23,229.69100952148438,485.0299987792969,180.818603515625,152.91000366210938,304.7114562988281,184.7100067138672,67.92900085449219,701.5297241210938,171.8247833251953,157.05999755859375,96.37114715576172,41.366512298583984,4282.29248046875,61.2198371887207,381.0834655761719,894.5791625976562,282.71875,54.86513900756836,143.9510040283203,95.40857696533203,340.5556640625,180.5729522705078,162.06527709960938,506.8578186035156,390.385009765625,41.69892501831055,226.35482788085938,160.66635131835938,218.7786865234375,66.02422332763672,896.3948364257812,72.09626770019531,510.795166015625,561.923095703125,114.85064697265625,421.4360656738281,82.39566802978516,749.2899780273438,139.51998901367188,109.97843933105469,171.39524841308594,26.967729568481445,166.37033081054688,42.59000015258789,126.67645263671875,162.9326629638672,4.764957904815674,232.4879608154297,168.02243041992188,213.64999389648438,198.72047424316406,552.6543579101562,281.7811584472656,40.099212646484375,63.155242919921875,82.46591186523438,116.07312774658203
2024-10-24,229.50189208984375,482.8699951171875,181.85780334472656,153.44000244140625,305.47589111328125,186.3800048828125,69.24849700927734,703.69775390625,169.68576049804688,155.1999969482422,94.75840759277344,41.66938781738281,4307.82958984375,61.1228141784668,382.3974304199219,888.8585205078125,285.03472900390625,54.553184509277344,143.92230224609375,94.5758285522461,340.8814392089844,178.6349334716797,162.00555419921875,514.0117797851562,393.35455322265625,42.000953674316406,212.38938903808594,158.544921875,220.31613159179688,65.33495330810547,884.5553588867188,75.76737213134766,507.7029724121094,566.0003662109375,115.71485137939453,421.5650939941406,80.3105697631836,754.5499877929688,140.3697509765625,109.07215118408203,172.6626434326172,26.76215362548828,166.40956115722656,43.560001373291016,128.01638793945312,164.39964294433594,4.803384780883789,236.1647186279297,167.13978576660156,260.4800109863281,195.82167053222656,548.9057006835938,281.2449035644531,39.16362380981445,64.00631713867188,82.23814392089844,115.4168472290039
2024-10-25,230.3380126953125,483.7200012207031,184.59927368164062,156.22999572753906,306.72418212890625,187.8300018310547,68.86157989501953,704.578857421875,171.31973266601562,155.00999450683594,95.80078887939453,40.926856994628906,4316.85498046875,59.91975784301758,381.320556640625,886.6697387695312,288.71246337890625,54.338714599609375,144.26669311523438,94.20902252197266,340.0916442871094,177.99888610839844,164.54434204101562,502.3497314453125,389.6719055175781,41.86882019042969,208.77159118652344,155.84228515625,217.70147705078125,64.9660415649414,885.9248657226562,76.8657455444336,504.46160888671875,571.4531860351562,113.49124145507812,424.9595947265625,78.97221374511719,754.6799926757812,141.49942016601562,109.70848083496094,171.8111114501953,26.584611892700195,165.0360870361328,44.86000061035156,125.18228149414062,166.5218963623047,4.726531028747559,235.5601806640625,168.6794891357422,269.19000244140625,201.27301025390625,552.5760498046875,279.76531982421875,38.714542388916016,63.12590026855469,81.71326446533203,115.3203353881836
2024-10-28,232.3187713623047,481.0400085449219,183.43142700195312,159.9199981689453,306.9080505371094,188.38999938964844,68.13734436035156,701.5594482421875,170.34925842285156,150.69000244140625,98.26907348632812,41.640071868896484,4316.62646484375,62.248252868652344,385.9046630859375,886.4110717773438,292.0025329589844,53.89027786254883,144.00840759277344,95.3689193725586,341.0986328125,174.2818603515625,165.9879913330078,513.1101684570312,393.5597229003906,42.63332748413086,207.05996704101562,156.5397491455078,220.8253631591797,64.72334289550781,888.79296875,74.65911865234375,505.3067321777344,576.34765625,115.6760025024414,423.4112243652344,80.36876678466797,749.1199951171875,140.479736328125,111.48247528076172,170.72195434570312,26.967729568481445,166.09564208984375,44.970001220703125,125.7992172241211,168.428955078125,4.803384780883789,238.12696838378906,173.22010803222656,262.510009765625,192.60629272460938,553.2416381835938,282.20819091796875,38.93907928466797,64.18240356445312,81.95093536376953,114.75093078613281
2024-10-29,232.5875244140625,485.3900146484375,188.16220092773438,166.25,305.77587890625,190.8300018310547,68.33575439453125,709.6277465820312,177.49913024902344,152.97999572753906,98.17073059082031,41.55214309692383,4396.0068359375,62.7624626159668,382.8420104980469,882.46142578125,297.09173583984375,54.28022384643555,142.0760498046875,95.29952239990234,341.1380920410156,172.9799346923828,168.9349822998047,513.7962646484375,385.92083740234375,43.832008361816406,204.64808654785156,155.07701110839844,218.2792510986328,63.645751953125,896.7223510742188,77.4891357421875,503.38775634765625,591.42041015625,115.8410873413086,428.7312927246094,77.15867614746094,759.4400024414062,141.20950317382812,106.56541442871094,171.7220001220703,26.59395408630371,164.00595092773438,44.93000030517578,126.8306884765625,172.125732421875,4.668890476226807,240.13877868652344,172.63168334960938,259.5199890136719,194.8422393798828,550.1976928710938,279.9142761230469,38.667762756347656,63.879150390625,80.91107177734375,113.18745422363281
2024-10-30,229.03407287597656,486.67999267578125,183.391845703125,148.60000610351562,305.3307800292969,192.72999572753906,67.81987762451172,678.5591430664062,174.9243927001953,154.2899932861328,97.05950927734375,41.33720016479492,4432.138671875,62.578121185302734,374.6716003417969,874.601806640625,294.61669921875,54.192481994628906,141.62643432617188,94.25859832763672,338.4330749511719,173.5662841796875,173.6940155029297,513.9137573242188,383.42987060546875,43.6338005065918,199.27005004882812,155.5807342529297,219.75794982910156,63.995235443115234,840.4030151367188,75.64863586425781,510.75543212890625,589.9449462890625,114.50109100341797,429.3069763183594,76.70285034179688,753.739990234375,139.300048828125,105.9676513671875,172.8408660888672,26.650020599365234,163.01507568359375,43.689998626708984,127.35122680664062,163.93020629882812,4.688103675842285,235.22323608398438,171.82752990722656,257.54998779296875,192.408447265625,551.0101318359375,288.13653564453125,38.6209831237793,63.986751556396484,80.60406494140625,112.61804962158203
2024-10-31,224.8634796142578,478.0799865722656,179.7101593017578,144.07000732421875,309.80126953125,186.39999389648438,66.49044799804688,667.3660888671875,168.12110900878906,149.30999755859375,96.35148620605469,40.858463287353516,4642.9462890625,62.25794982910156,371.6682434082031,869.7167358398438,289.6169738769531,53.39310073852539,142.36305236816406,95.3689193725586,327.34649658203125,170.723876953125,170.35870361328125,507.4359436035156,384.6313781738281,43.5394172668457,201.04005432128906,154.85423278808594,217.319580078125,63.403045654296875,823.4426879882812,73.5706558227539,496.7359619140625,565.8009033203125,113.77198028564453,403.3220520019531,76.85802459716797,756.030029296875,132.72195434570312,104.5118179321289,166.18704223632812,26.44444465637207,162.05360412597656,41.560001373291016,127.91996765136719,159.1869659423828,4.778562068939209,231.54647827148438,169.6798095703125,249.85000610351562,188.51040649414062,552.517333984375,287.8287048339844,39.41623306274414,63.50741195678711,81.15866088867188,112.70491027832031
2024-11-01,221.8773956298828,482.79998779296875,181.49163818359375,141.86000061035156,308.8917236328125,197.92999267578125,67.3238296508789,669.5291748046875,167.2793731689453,154.58999633789062,95.9581298828125,40.79983901977539,4715.28759765625,61.8116569519043,375.05694580078125,873.9906005859375,292.94683837890625,54.1047477722168,146.42864990234375,94.98228454589844,330.7228088378906,170.6443634033203,170.5379180908203,508.96478271484375,383.49822998046875,43.58660888671875,202.5279998779297,155.11575317382812,218.31842041015625,63.11181640625,812.7147216796875,74.01593017578125,505.177490234375,565.3822631835938,114.35918426513672,407.3121032714844,75.01536560058594,756.0999755859375,135.36119079589844,105.427734375,168.34559631347656,26.248212814331055,161.97512817382812,41.91999816894531,125.9438247680664,161.63194274902344,4.867053985595703,231.02122497558594,169.49346923828125,248.97999572753906,190.8947296142578,555.5123901367188,288.7124938964844,38.695831298828125,63.272640228271484,81.39634704589844,110.93875885009766
2024-11-04,220.98153686523438,481.3500061035156,179.9476776123047,140.7100067138672,306.65643310546875,195.77999877929688,67.68098449707031,665.9867553710938,166.9129638671875,155.07000732421875,96.7645034790039,40.37973403930664,4742.44189453125,61.02861022949219,371.984375,882.7174072265625,296.217041015625,54.426456451416016,147.2895965576172,94.96246337890625,327.82208251953125,170.70399475097656,168.49691772460938,501.2423095703125,386.40924072265625,44.02077865600586,200.6510467529297,153.2849578857422,215.2239227294922,63.208892822265625,800.0219116210938,73.39253997802734,502.6917419433594,558.9224853515625,113.66432189941406,405.41632080078125,76.00458526611328,755.510009765625,136.01100158691406,106.55577087402344,167.9197998046875,25.939851760864258,161.95550537109375,41.40999984741211,125.63534545898438,161.5438995361328,4.896551132202148,230.7437286376953,169.365966796875,242.83999633789062,189.51953125,545.9302368164062,289.8147277832031,38.415157318115234,62.31395721435547,81.6538314819336,114.4710464477539
2024-11-05,222.4148712158203,486.4200134277344,184.5596923828125,141.66000366210938,308.9594421386719,199.5,69.1592025756836,671.2459716796875,172.21099853515625,151.0,97.56103515625,40.917083740234375,4879.9755859375,62.32063674926758,378.7518615722656,886.8018798828125,295.70013427734375,54.7481575012207,146.75389099121094,95.79520416259766,334.108642578125,174.18247985839844,168.9947509765625,516.4225463867188,390.8245544433594,44.61539840698242,201.86669921875,153.39151000976562,216.89849853515625,63.461299896240234,799.9424438476562,75.59916687011719,502.671875,570.6357421875,115.29872131347656,408.3939514160156,76.27613067626953,763.9099731445312,139.86988830566406,105.45665740966797,170.08824157714844,26.15477180480957,162.6226348876953,51.130001068115234,127.42835235595703,162.25784301757812,4.955545902252197,233.7862091064453,171.35678100585938,251.44000244140625,193.67478942871094,554.99365234375,291.2447204589844,38.60226821899414,62.675907135009766,82.87195587158203,114.80883026123047
2024-11-06,221.68826293945312,504.8299865722656,185.5889892578125,145.10000610351562,311.3785705566406,207.08999633789062,71.59976959228516,656.3317260742188,177.8061065673828,147.16000366210938,95.12226104736328,44.36592483520508,4965.57177734375,67.56704711914062,411.85821533203125,895.8475952148438,305.05352783203125,56.415164947509766,150.87689208984375,98.03568267822266,355.59185791015625,179.64866638183594,175.73501586914062,584.0623779296875,379.3759460449219,44.398311614990234,207.7310028076172,152.93624877929688,241.93841552734375,61.84006118774414,770.4876708984375,75.97518157958984,518.1528930664062,570.2568969726562,128.68711853027344,417.0489807128906,72.27078247070312,780.2100219726562,145.56825256347656,102.97884368896484,179.45509338378906,25.56608009338379,158.00177001953125,55.529998779296875,120.79617309570312,169.18199157714844,4.6999030113220215,229.22744750976562,171.7686767578125,288.5299987792969,191.16184997558594,584.0241088867188,305.25628662109375,38.50871276855469,70.89314270019531,82.63427734375,116.77764892578125
2024-11-07,226.42620849609375,500.9200134277344,192.09132385253906,149.82000732421875,311.4946594238281,210.0500030517578,73.3656997680664,671.9901733398438,182.0247344970703,150.97999572753906,98.47557830810547,43.740638732910156,4885.82373046875,66.66654205322266,403.2926330566406,910.4719848632812,308.91015625,56.61989212036133,149.96810913085938,98.07533264160156,356.9580993652344,177.7504119873047,179.95639038085938,570.528564453125,390.1896057128906,44.70034408569336,207.8185272216797,151.82223510742188,231.47982788085938,61.80122756958008,791.3978271484375,78.37971496582031,514.9215087890625,589.8453369140625,125.70213317871094,422.2598571777344,72.36776733398438,796.5399780273438,148.83734130859375,103.2391586303711,184.53456115722656,25.659521102905273,160.31710815429688,55.880001068115234,119.32128143310547,169.103759765625,4.7687296867370605,238.03778076171875,175.00497436523438,296.9100036621094,199.04696655273438,592.59814453125,303.6674499511719,37.95671463012695,68.30078887939453,83.04031372070312,116.92241668701172
2024-11-08,226.15716552734375,494.67999267578125,190.0525360107422,147.9499969482422,314.755615234375,208.17999267578125,73.28634643554688,664.3097534179688,181.85638427734375,151.67999267578125,92.62447357177734,44.09236145019531,4908.064453125,67.1755142211914,388.63140869140625,940.2289428710938,320.01300048828125,56.60039138793945,150.1211700439453,98.16455078125,363.0070495605469,183.67376708984375,177.56692504882812,577.4767456054688,396.4999694824219,42.88790512084961,207.84771728515625,150.60169982910156,232.0673828125,62.05363845825195,825.22900390625,77.38028717041016,521.76220703125,587.4927368164062,126.7688980102539,419.3913879394531,74.64683532714844,795.0399780273438,147.58767700195312,102.63175201416016,187.38619995117188,25.355859756469727,164.53573608398438,58.38999938964844,121.69267272949219,167.1477813720703,4.660572528839111,235.4313507080078,168.7089080810547,321.2200012207031,199.0568389892578,602.7382202148438,305.7229919433594,37.87251281738281,68.91079711914062,84.01085662841797,116.88380432128906
2024-11-11,223.43682861328125,504.4800109863281,186.61827087402344,147.35000610351562,311.39788818359375,206.83999633789062,72.8299789428711,666.1356201171875,177.17233276367188,148.9600067138672,93.83403015136719,45.0205192565918,5029.32421875,68.32072448730469,391.7632141113281,929.350341796875,339.6739807128906,57.156063079833984,149.70982360839844,99.98866271972656,368.23431396484375,183.42532348632812,179.55813598632812,590.2952270507812,398.83465576171875,43.231319427490234,207.70184326171875,150.18515014648438,234.32948303222656,61.509986877441406,826.1221923828125,75.37157440185547,527.0916137695312,581.342041015625,130.67384338378906,414.8951721191406,73.61882781982422,805.4400024414062,145.2183380126953,101.87973022460938,187.26736450195312,24.90036392211914,162.8875274658203,60.2400016784668,120.44913482666016,164.58544921875,4.709734916687012,233.74658203125,170.73895263671875,350.0,191.98301696777344,611.9778442382812,308.7517395019531,37.83509063720703,71.39017486572266,83.39683532714844,116.2661361694336
2024-11-12,223.43682861328125,526.4199829101562,184.6883544921875,143.6300048828125,289.17108154296875,208.91000366210938,71.42118835449219,664.0220336914062,174.50845336914062,145.1699981689453,90.25453186035156,44.805580139160156,4987.146484375,67.5572509765625,388.2757568359375,928.8522338867188,339.09747314453125,57.234046936035156,148.55230712890625,100.11753845214844,365.3038330078125,181.51710510253906,180.82257080078125,580.7402954101562,393.74530029296875,42.56357955932617,206.6824493408203,147.8603057861328,234.59388732910156,61.35465621948242,812.645263671875,74.906494140625,526.1469116210938,582.9868774414062,129.48963928222656,419.87774658203125,72.01863098144531,819.5,148.24746704101562,101.15663146972656,187.71295166015625,24.85291862487793,162.70111083984375,59.849998474121094,119.74543762207031,159.81288146972656,4.581913471221924,232.36903381347656,171.6117706298828,328.489990234375,189.727294921875,601.6223754882812,308.2742004394531,37.79766845703125,71.42951965332031,84.16930389404297,116.15032958984375
2024-11-13,224.32366943359375,532.5,180.90768432617188,139.3000030517578,291.68695068359375,214.10000610351562,71.75850677490234,668.2193603515625,171.8941192626953,139.97000122070312,90.47087097167969,44.815345764160156,4951.91943359375,67.43001556396484,382.40728759765625,930.197021484375,339.6640625,57.69223403930664,151.83351135253906,101.83259582519531,365.9671936035156,182.4314422607422,178.09458923339844,582.3375854492188,400.6906433105469,42.926063537597656,206.7412567138672,148.4415283203125,236.1607208251953,61.16049575805664,805.6487426757812,73.07588958740234,518.8986206054688,578.1820068359375,129.93002319335938,422.0315856933594,71.99923706054688,830.469970703125,146.2280731201172,100.13465881347656,187.76246643066406,25.355859756469727,163.42710876464844,60.70000076293945,120.72869873046875,156.88870239257812,4.562248229980469,227.9390869140625,169.02273559570312,330.239990234375,184.67173767089844,593.0092163085938,307.9060974121094,38.48999786376953,71.5967788696289,84.67437744140625,117.23124694824219
2024-11-14,227.41270446777344,529.8699951171875,184.08462524414062,138.83999633789062,286.355224609375,211.47999572753906,71.97677612304688,687.6187133789062,168.72518920898438,138.13999938964844,89.07447814941406,44.844661712646484,4935.5771484375,66.70569610595703,382.6938171386719,920.3943481445312,329.6546325683594,56.46390914916992,154.7798614501953,108.17730712890625,358.24505615234375,177.30316162109375,174.80909729003906,576.8397827148438,396.32415771484375,42.86882781982422,204.84950256347656,147.1144256591797,236.85598754882812,60.723636627197266,780.262939453125,74.00604248046875,517.4271240234375,575.350830078125,129.6070556640625,423.7090148925781,73.00785064697266,837.260009765625,146.71791076660156,99.691162109375,185.20785522460938,24.69159507751465,163.9176483154297,59.18000030517578,123.58207702636719,160.3605499267578,4.621243000030518,229.3265380859375,170.13092041015625,311.17999267578125,186.4921417236328,580.5592651367188,306.68231201171875,38.237388610839844,71.62630462646484,83.65432739257812,117.30908966064453
2024-11-15,224.20408630371094,503.3699951171875,167.1409454345703,134.89999389648438,274.433837890625,202.61000061035156,69.96280670166016,653.5533447265625,163.23898315429688,140.19000244140625,87.11754608154297,45.675113677978516,4939.7568359375,67.30276489257812,379.4434509277344,903.637939453125,323.3031005859375,56.015472412109375,154.41635131835938,114.0858154296875,355.40374755859375,175.84219360351562,171.73265075683594,581.671142578125,398.7271728515625,43.631961822509766,200.92874145507812,149.17771911621094,240.22470092773438,59.93729019165039,741.76318359375,69.31572723388672,518.9086303710938,552.3432006835938,131.2023162841797,411.9075927734375,74.0455551147461,823.9600219726562,141.9392852783203,99.36334991455078,181.9304656982422,23.53388214111328,166.3311004638672,65.7699966430664,123.95802307128906,156.96693420410156,4.739232540130615,226.2642364501953,169.50326538085938,320.7200012207031,184.0286407470703,579.6587524414062,308.0652770996094,38.96714782714844,73.14147186279297,83.43645477294922,116.0927963256836
2024-11-18,227.21340942382812,499.510009765625,168.9718780517578,138.92999267578125,271.89788818359375,201.6999969482422,69.3278579711914,660.1024780273438,164.06092834472656,143.8699951171875,87.86492156982422,45.645809173583984,4982.04345703125,67.53768157958984,379.8287353515625,916.0308837890625,320.3111572265625,55.86924362182617,155.3537139892578,112.55912017822266,354.25531005859375,176.42860412597656,174.5303192138672,576.232177734375,400.9348449707031,44.30923843383789,203.96731567382812,149.9236297607422,239.95050048828125,60.05378723144531,722.8761596679688,69.83026885986328,518.6500854492188,552.6622314453125,130.92828369140625,412.66192626953125,74.08434295654297,847.0499877929688,140.10980224609375,99.34407043457031,183.90087890625,23.590818405151367,167.5181884765625,61.2599983215332,126.97528076171875,160.87889099121094,4.788394451141357,229.22744750976562,171.40582275390625,338.739990234375,185.4829864501953,577.1334838867188,310.57244873046875,39.52850341796875,72.8955078125,83.26810455322266,117.06582641601562
2024-11-19,227.4724884033203,499.6099853515625,167.56651306152344,139.38999938964844,273.0585632324219,204.61000061035156,70.41917419433594,657.0560913085938,163.74404907226562,145.60000610351562,85.66214752197266,45.342933654785156,4941.5439453125,67.14615631103516,377.72442626953125,926.6306762695312,321.48406982421875,55.5767822265625,154.2327423095703,111.44879150390625,360.05682373046875,176.4683380126953,177.33792114257812,569.75439453125,397.379150390625,44.147071838378906,206.08453369140625,148.2090301513672,238.0507049560547,60.76247024536133,725.3910522460938,69.43446350097656,516.4924926757812,559.331298828125,129.42112731933594,414.67681884765625,74.7535171508789,871.3200073242188,146.9678497314453,99.5658187866211,187.03964233398438,23.818565368652344,167.52798461914062,62.97999954223633,124.87379455566406,161.0842742919922,4.719567775726318,231.11041259765625,172.00404357910156,346.0,187.64967346191406,564.7520141601562,310.2640380859375,39.2291145324707,72.24614715576172,85.76375579833984,115.43112182617188
2024-11-20,228.18994140625,499.5,168.73435974121094,137.60000610351562,280.7835998535156,202.8800048828125,70.32988739013672,653.3548583984375,161.6644287109375,146.0800018310547,85.32779693603516,45.000980377197266,4980.703125,66.83293914794922,376.9043884277344,924.5685424804688,323.7404479980469,56.054466247558594,155.90457153320312,113.27289581298828,356.85906982421875,176.88575744628906,175.2073211669922,570.2933349609375,390.7366638183594,44.09938049316406,210.3483428955078,148.3155975341797,235.78858947753906,61.150794982910156,748.9302978515625,69.31572723388672,509.6119689941406,563.7473754882812,128.8828582763672,412.3939208984375,74.5595474243164,883.8499755859375,145.84817504882812,99.39227294921875,188.87142944335938,23.66673469543457,167.65553283691406,62.119998931884766,125.69319152832031,150.87408447265625,4.680237770080566,232.9141082763672,169.57192993164062,342.0299987792969,186.35362243652344,587.7532348632812,305.8267517089844,39.50043869018555,72.39373016357422,86.33816528320312,117.0755615234375
2024-11-21,227.71163940429688,504.44000244140625,174.3492431640625,137.49000549316406,282.76361083984375,198.3800048828125,72.66131591796875,666.97900390625,162.3477325439453,143.41000366210938,84.15758514404297,45.391780853271484,5173.80810546875,67.48873138427734,384.8969421386719,952.0341796875,333.7597961425781,56.11296081542969,156.19447326660156,113.72892761230469,367.2442932128906,177.60133361816406,166.89401245117188,584.1898193359375,400.9446105957031,44.18523025512695,217.99380493164062,150.6307373046875,239.6860809326172,61.89830780029297,745.4610595703125,72.36343383789062,512.1573486328125,561.3250732421875,132.11251831054688,410.61370849609375,75.02507019042969,897.47998046875,146.62796020507812,100.12501525878906,190.53488159179688,23.84703254699707,169.4803466796875,61.36000061035156,126.4836654663086,152.0378875732422,4.660572528839111,233.91505432128906,170.03285217285156,339.6400146484375,189.2029571533203,584.8070678710938,308.3239440917969,39.76239776611328,73.62358093261719,87.5364761352539,118.64214324951172
2024-11-22,229.05686950683594,512.1500244140625,173.4861602783203,138.35000610351562,287.2796630859375,197.1199951171875,73.7030258178711,667.6934814453125,162.63490295410156,149.2899932861328,81.74829864501953,45.919368743896484,5140.2783203125,68.35987091064453,392.7017517089844,960.362548828125,339.96221923828125,57.07807159423828,156.89991760253906,114.65089416503906,373.6397399902344,180.0362548828125,164.03659057617188,590.7265014648438,410.27349853515625,43.8227424621582,218.55250549316406,150.3110809326172,243.3975372314453,62.05363845825195,743.5624389648438,71.87857818603516,517.8844604492188,557.3873901367188,131.81890869140625,414.7211608886719,74.20008087158203,897.7899780273438,141.9093017578125,100.53958892822266,190.39625549316406,24.340486526489258,172.94351196289062,64.3499984741211,125.3075942993164,153.33859252929688,4.473756790161133,234.13308715820312,171.0331573486328,352.55999755859375,188.0552978515625,578.32763671875,308.3438415527344,40.37052917480469,74.7353515625,89.56668090820312,118.50591278076172
2024-11-25,232.04624938964844,518.72998046875,173.15879821777344,141.1300048828125,286.7626953125,201.4499969482422,72.71092224121094,679.1941528320312,163.2191925048828,153.10000610351562,84.15758514404297,46.40787124633789,5072.4453125,69.25059509277344,400.76348876953125,957.2543334960938,337.0697326660156,57.26329803466797,154.9671630859375,114.99787139892578,372.9170227050781,179.10205078125,166.9138946533203,590.971435546875,418.7427062988281,44.34739303588867,221.64991760253906,150.90199279785156,245.10145568847656,62.50020217895508,750.5108032226562,72.9373550415039,523.5916748046875,563.3385620117188,130.81085205078125,416.5013732910156,74.82492065429688,865.5900268554688,135.9810028076172,99.82613372802734,186.13861083984375,24.833938598632812,174.0325164794922,64.6500015258789,126.00167083740234,155.3239288330078,4.562248229980469,231.71495056152344,172.435546875,338.5899963378906,183.1085662841797,592.9700317382812,311.5971984863281,41.14706039428711,75.66020202636719,88.63574981689453,116.73500061035156
2024-11-26,234.22850036621094,525.2999877929688,171.81954956054688,137.72000122070312,273.1170959472656,207.86000061035156,72.68115997314453,666.79052734375,163.1399688720703,150.75999450683594,83.76422882080078,46.652122497558594,5177.58154296875,68.27178192138672,402.9172058105469,967.8241577148438,341.115234375,58.091922760009766,157.064208984375,114.4526138305664,373.5209655761719,183.46505737304688,168.37744140625,593.3920288085938,419.572998046875,44.18523025512695,224.29641723632812,150.88246154785156,244.7880859375,62.66524124145508,784.6267700195312,71.92806243896484,525.4608764648438,571.7421875,128.48158264160156,425.6510925292969,75.65479278564453,872.5999755859375,136.88075256347656,100.0864486694336,188.4951629638672,24.454360961914062,175.91616821289062,65.73999786376953,127.51509857177734,153.47552490234375,4.532751560211182,232.95375061035156,169.189453125,338.2300109863281,181.8817596435547,593.9096069335938,310.23419189453125,41.51194381713867,76.10294342041016,90.42827606201172,114.78893280029297
2024-11-27,234.09896850585938,513.6799926757812,169.95455932617188,136.24000549316406,273.1756286621094,205.74000549316406,72.16526794433594,665.3119506835938,158.1192169189453,152.39999389648438,85.15078735351562,46.67166519165039,5185.95068359375,68.67310333251953,398.83697509765625,957.9118041992188,328.0245056152344,57.79946517944336,156.6583251953125,116.58403778076172,368.2640075683594,179.4896697998047,168.48695373535156,593.3234252929688,419.49444580078125,44.52863693237305,222.42425537109375,151.74172973632812,244.61181640625,62.548744201660156,783.5035400390625,70.81979370117188,529.338623046875,567.4158325195312,128.4130859375,420.67840576171875,76.660400390625,877.3400268554688,135.3011932373047,101.10843658447266,180.90069580078125,24.51129722595215,175.96524047851562,66.05000305175781,127.07169342041016,152.95718383789062,4.542583465576172,229.9409942626953,166.44351196289062,332.8900146484375,179.25999450683594,595.4659423828125,313.0995178222656,41.52130126953125,75.96520233154297,90.9927749633789,114.48728942871094
2024-11-29,236.490478515625,515.9299926757812,173.31753540039062,137.17999267578125,275.90667724609375,207.88999938964844,72.07598114013672,681.3176879882812,160.50579833984375,155.44000244140625,85.91783142089844,46.417640686035156,5164.93212890625,69.36804962158203,401.2179260253906,968.2026977539062,328.00457763671875,57.72147750854492,156.48439025878906,116.45516967773438,371.6696472167969,181.04006958007812,168.20819091796875,596.4006958007812,421.3995056152344,44.72895812988281,222.90455627441406,151.3609161376953,244.54327392578125,62.6807975769043,790.6209106445312,73.10558319091797,529.8955078125,572.519775390625,128.80455017089844,421.1458435058594,76.80684661865234,886.8099975585938,138.2103729248047,101.97614288330078,183.01962280273438,24.87189483642578,175.86712646484375,67.08000183105469,128.2670135498047,155.04031372070312,4.542583465576172,235.4709930419922,167.3359375,345.1600036621094,182.69302368164062,597.247314453125,313.4775695800781,41.4838752746582,74.94196319580078,91.6067886352539,114.77920532226562
2024-12-02,238.7424774169922,516.2000122070312,181.80931091308594,142.05999755859375,271.2541198730469,210.7100067138672,72.5025863647461,705.9860229492188,164.89276123046875,156.5399932861328,84.52143096923828,45.95844650268555,5187.07275390625,69.87702941894531,397.6613464355469,971.3109741210938,329.01849365234375,57.93594741821289,156.7549591064453,116.1478500366211,368.5015869140625,179.3306427001953,170.737060546875,592.59912109375,419.2685852050781,44.84342575073242,222.88494873046875,151.15586853027344,241.14520263671875,62.260189056396484,795.04443359375,77.68704986572266,528.3245239257812,590.9718017578125,128.23692321777344,428.624755859375,75.24473571777344,897.739990234375,138.5902557373047,101.04094696044922,179.6234130859375,24.501806259155273,176.2987823486328,66.38999938964844,126.30050659179688,159.44125366210938,4.542583465576172,239.42523193359375,172.4159393310547,357.0899963378906,192.32928466796875,595.6029663085938,315.0395812988281,41.02543258666992,74.06632232666016,91.74543762207031,114.67216491699219
2024-12-03,241.79165649414062,516.260009765625,181.70018005371094,141.97999572753906,271.46868896484375,213.44000244140625,72.55218505859375,712.5252075195312,166.516845703125,155.0,84.25592041015625,45.74350357055664,5177.24365234375,69.90638732910156,394.450439453125,978.4338989257812,329.4359436035156,57.98469161987305,156.4747314453125,115.4439697265625,370.0163269042969,179.60890197753906,170.5876922607422,592.9635009765625,421.61553955078125,45.282230377197266,224.46304321289062,148.7733154296875,239.744873046875,62.133026123046875,808.4940185546875,77.5188217163086,523.1741333007812,611.7265625,127.65949249267578,428.8435363769531,74.48320770263672,902.1699829101562,140.2198028564453,100.8095474243164,181.08883666992188,24.25507926940918,172.0998077392578,70.95999908447266,125.01840209960938,159.0011444091797,4.562248229980469,241.71453857421875,172.60226440429688,351.4200134277344,196.77146911621094,592.3828125,311.4181213378906,41.0067253112793,72.94469451904297,92.60704040527344,114.49701690673828
2024-12-04,242.15037536621094,536.489990234375,179.7161102294922,143.99000549316406,271.41015625,218.16000366210938,73.8121566772461,714.370849609375,168.90342712402344,158.27999877929688,83.51838684082031,45.30385208129883,5205.81884765625,69.98470306396484,394.6974792480469,987.1707153320312,365.6567077636719,58.12117004394531,152.99578857421875,115.97931671142578,373.7486572265625,181.5270538330078,173.60440063476562,589.6445922851562,420.2113037109375,45.16775894165039,228.86410522460938,146.92779541015625,238.3542938232422,60.85162353515625,824.9058837890625,77.4396743774414,518.1629028320312,611.8560791015625,127.21910095214844,435.0295715332031,73.94623565673828,911.0599975585938,145.09840393066406,98.1871109008789,186.3366241455078,23.941926956176758,171.79566955566406,69.8499984741211,125.77993774414062,159.7444305419922,4.611410617828369,251.3375244140625,171.40582275390625,357.92999267578125,198.5522918701172,597.8248291015625,308.3239440917969,39.78110885620117,71.8821029663086,93.53795623779297,111.19843292236328
2024-12-05,242.18028259277344,538.219970703125,170.65887451171875,141.36000061035156,267.5768737792969,220.5500030517578,73.80223083496094,706.0158081054688,168.81430053710938,156.6699981689453,82.75135040283203,45.919368743896484,5250.27978515625,70.69922637939453,390.2220153808594,978.5435180664062,359.2057800292969,58.5111198425293,153.97183227539062,115.4935531616211,367.3432312011719,171.84693908691406,171.8820037841797,587.7634887695312,418.8561706542969,45.84503936767578,230.09913635253906,146.0001678466797,240.3911590576172,61.54612350463867,820.7109985351562,74.42163848876953,521.7721557617188,607.0213623046875,127.54205322265625,440.2011413574219,74.39533996582031,917.8699951171875,145.02841186523438,98.84272003173828,184.40585327148438,24.387935638427734,172.69825744628906,71.87000274658203,127.71753692626953,157.67990112304688,4.808059215545654,253.25022888183594,171.0331573486328,369.489990234375,202.12384033203125,566.68017578125,307.50811767578125,39.809173583984375,72.47244262695312,94.3797607421875,111.6849365234375
2024-12-06,241.98098754882812,552.9600219726562,171.6409912109375,138.58999633789062,265.8699645996094,227.02999877929688,73.62364959716797,703.5151977539062,177.78631591796875,153.92999267578125,84.50176239013672,45.92919158935547,5271.3134765625,70.62092590332031,390.27142333984375,988.8543701171875,359.8120422363281,58.38438034057617,150.0193634033203,115.72156524658203,367.5115661621094,174.50051879882812,173.9429168701172,590.5997924804688,423.5991516113281,45.396697998046875,233.32394409179688,145.7950897216797,242.23219299316406,61.164642333984375,821.7944946289062,75.78717041015625,525.5504150390625,621.8148193359375,127.18973541259766,441.1459655761719,73.45807647705078,934.739990234375,142.4089813232422,98.33173370361328,189.80218505859375,24.416400909423828,170.53009033203125,76.33999633789062,125.85706329345703,156.81475830078125,4.788394451141357,251.86277770996094,172.55323791503906,389.2200012207031,200.85748291015625,537.9532470703125,309.42828369140625,39.640769958496094,73.13163757324219,94.77588653564453,110.50757598876953
2024-12-09,245.8771514892578,547.9299926757812,170.49024963378906,130.8699951171875,270.7956848144531,226.08999633789062,73.08792114257812,701.07421875,177.20204162597656,157.0399932861328,90.78555297851562,45.103939056396484,5121.3994140625,70.33706665039062,394.450439453125,984.122314453125,349.45477294921875,57.468013763427734,151.79750061035156,113.619873046875,360.4231262207031,170.26670837402344,174.8001251220703,585.1240234375,421.4486083984375,45.740108489990234,225.4432373046875,146.0782928466797,238.75579833984375,61.23310852050781,798.802001953125,76.63815307617188,519.8333129882812,611.6467895507812,125.83914184570312,443.5825500488281,72.93086242675781,913.6900024414062,138.77975463867188,98.03285217285156,188.5743865966797,24.767513275146484,167.5574188232422,72.45999908447266,124.07371520996094,158.02398681640625,4.778562068939209,250.27711486816406,173.59275817871094,389.7900085449219,197.04847717285156,550.8243408203125,306.7320556640625,39.63142013549805,71.44921112060547,92.92395782470703,109.85563659667969
2024-12-10,246.8935546875,547.0499877929688,166.82965087890625,127.73999786376953,268.9619445800781,225.0399932861328,72.03629302978516,699.8338623046875,170.14129638671875,164.10000610351562,88.33694458007812,44.94675064086914,5156.93359375,70.9635009765625,383.7113952636719,989.641357421875,346.7213134765625,57.24380111694336,151.7201690673828,113.73884582519531,354.90875244140625,170.21701049804688,184.56826782226562,576.1716918945312,414.9773254394531,45.806880950927734,227.12916564941406,145.71697998046875,237.8254852294922,61.53634262084961,794.8257446289062,74.34247589111328,525.9879150390625,617.3787231445312,124.08729553222656,440.9072570800781,72.3841323852539,913.3499755859375,135.04058837890625,96.53844451904297,175.98953247070312,24.264570236206055,169.01922607421875,70.88999938964844,124.33396911621094,153.81629943847656,4.808059215545654,249.0779571533203,172.31787109375,400.989990234375,189.89549255371094,555.314453125,310.79132080078125,39.575279235839844,70.88838958740234,93.63699340820312,109.6318359375
2024-12-11,245.61807250976562,549.9299926757812,169.7660675048828,130.14999389648438,266.6795654296875,230.25999450683594,72.94902801513672,708.9232788085938,181.42066955566406,165.9600067138672,87.5010757446289,45.270957946777344,5264.013671875,70.43495178222656,384.18560791015625,990.9264526367188,352.7150573730469,57.1170654296875,150.9567413330078,113.619873046875,358.2945556640625,167.60317993164062,194.76502990722656,583.5877075195312,413.78912353515625,46.302913665771484,225.5608673095703,143.18795776367188,238.48158264160156,61.272239685058594,791.296875,77.64768981933594,531.3968505859375,630.6968383789062,124.87024688720703,446.5363464355469,72.22792053222656,936.5599975585938,139.27964782714844,95.61288452148438,176.82127380371094,23.941926956176758,167.40045166015625,72.51000213623047,122.25178527832031,157.1293487548828,4.778562068939209,247.29408264160156,174.71075439453125,424.7699890136719,192.52716064453125,524.207763671875,312.19415283203125,39.28525161743164,70.44564819335938,94.04302978515625,108.90206909179688
2024-12-12,247.08290100097656,474.6300048828125,167.73240661621094,130.60000610351562,267.31353759765625,228.97000122070312,73.01847076416016,707.603515625,178.90533447265625,167.75,87.74691772460938,45.270957946777344,5240.07568359375,69.91617584228516,376.1930847167969,984.6502685546875,355.8758850097656,57.37052917480469,149.50718688964844,113.9073715209961,355.0572509765625,163.81661987304688,191.33621215820312,582.6520385742188,406.9544982910156,46.150291442871094,227.658447265625,142.79737854003906,236.52304077148438,62.4460334777832,777.6982421875,75.01741790771484,529.368408203125,628.8128051757812,125.18343353271484,447.1032409667969,71.48592376708984,925.5499877929688,137.31008911132812,95.05368041992188,173.59339904785156,24.074783325195312,167.61630249023438,73.19999694824219,122.42530059814453,155.56622314453125,4.7687296867370605,251.35736083984375,173.48489379882812,418.1000061035156,190.02212524414062,506.7481994628906,312.6319274902344,39.36945343017578,69.6585464477539,93.18142700195312,108.80475616455078
2024-12-13,247.2522735595703,465.69000244140625,168.00025939941406,126.91000366210938,263.9582214355469,227.4600067138672,73.04823303222656,713.041259765625,222.61663818359375,169.64999389648438,86.3603515625,44.8681526184082,5198.9814453125,69.50508117675781,375.92633056640625,985.6066284179688,352.1783142089844,57.14630889892578,148.69541931152344,112.36083984375,352.45355224609375,164.9893341064453,189.2031707763672,576.6148071289062,409.4683837890625,46.36014938354492,226.24700927734375,143.16842651367188,234.9660186767578,61.741756439208984,784.427978515625,75.69235229492188,525.97802734375,618.4054565429688,124.6843032836914,444.8257141113281,71.8764419555664,918.8699951171875,134.22076416015625,94.83193969726562,171.682373046875,24.27406120300293,167.82232666015625,76.06999969482422,122.05899810791016,155.85133361816406,4.827723979949951,251.0303192138672,172.4649658203125,436.2300109863281,199.4805450439453,511.38568115234375,313.1393127441406,39.55656433105469,69.30435943603516,93.54669189453125,107.85118865966797
2024-12-16,250.1519775390625,461.5299987792969,168.05978393554688,126.69000244140625,259.9396667480469,232.92999267578125,74.75464630126953,716.8119506835938,247.57186889648438,173.1699981689453,84.62960052490234,44.67166519165039,5123.9150390625,69.97490692138672,374.35546875,989.1133422851562,355.08074951171875,56.88309860229492,144.3371124267578,111.63394927978516,351.60211181640625,164.77069091796875,196.02093505859375,577.4520263671875,403.3113098144531,46.388771057128906,224.78651428222656,140.46365356445312,234.6134796142578,61.184200286865234,774.3681640625,77.25066375732422,527.280517578125,622.7852783203125,126.27955627441406,449.12213134765625,71.06610107421875,921.0800170898438,131.9712371826172,94.26309967041016,169.5436553955078,23.960908889770508,167.9008026123047,75.75,121.40348815917969,155.22213745117188,4.798226833343506,250.693359375,170.88604736328125,463.0199890136719,200.70130920410156,489.78973388671875,314.28350830078125,38.24674987792969,70.81952667236328,94.16207122802734,105.54510498046875
2024-12-17,252.58334350585938,455.2300109863281,168.98236083984375,125.0199966430664,259.4031982421875,231.14999389648438,73.8349380493164,729.5232543945312,237.8967742919922,173.02999877929688,85.70148468017578,44.25904083251953,5126.7294921875,69.61275482177734,371.2730712890625,978.3641967773438,348.8583984375,57.048828125,143.12913513183594,112.54007720947266,343.61273193359375,164.78065490722656,194.7849578857422,565.9783325195312,401.1116638183594,46.39830780029297,224.4336395263672,142.96337890625,233.4187774658203,62.01564407348633,773.9904174804688,77.23081970214844,527.9765014648438,617.9964599609375,125.01705169677734,451.9764099121094,70.55841064453125,919.1300048828125,130.36160278320312,95.54539489746094,168.0386505126953,25.080665588378906,167.10614013671875,74.38999938964844,121.4998779296875,155.2516326904297,4.591745853424072,248.72119140625,169.93478393554688,479.8599853515625,199.1530303955078,477.0365295410156,316.68121337890625,38.1531867980957,69.66838073730469,94.70796203613281,105.0975112915039
2024-12-18,247.1725616455078,441.30999755859375,164.13133239746094,121.41000366210938,252.4097137451172,220.52000427246094,69.69874572753906,713.9442138671875,221.44810485839844,172.6199951171875,83.58721923828125,42.73625183105469,4916.27880859375,66.67633056640625,359.50653076171875,961.0897827148438,335.5835266113281,56.083709716796875,139.23468017578125,110.8771743774414,331.772216796875,158.9665985107422,187.7877655029297,541.9183349609375,386.7255859375,45.72102737426758,215.80799865722656,141.3424530029297,225.59437561035156,61.4776496887207,760.1631469726562,74.6402359008789,516.9896850585938,595.79833984375,118.45987701416016,434.9997253417969,68.84986114501953,889.5499877929688,128.88192749023438,93.35681915283203,163.781005859375,24.5682315826416,165.87979125976562,71.51000213623047,120.06355285644531,150.46392822265625,4.503253936767578,242.25961303710938,170.26820373535156,440.1300048828125,194.09132385253906,490.9884338378906,308.2045593261719,37.64797592163086,67.65144348144531,92.85192108154297,103.55036926269531
2024-12-19,248.90640258789062,437.3900146484375,160.15328979492188,118.87999725341797,254.76036071777344,223.2899932861328,69.60926818847656,704.785400390625,216.1995849609375,177.0399932861328,82.90868377685547,42.61835861206055,4953.12548828125,66.969970703125,356.0289306640625,951.1873779296875,334.5884094238281,56.18120193481445,136.4031982421875,110.8970947265625,332.28704833984375,163.7867889404297,187.8974151611328,545.6016845703125,378.0841064453125,45.93088912963867,219.4836883544922,140.20001220703125,228.13072204589844,61.086387634277344,753.0357055664062,70.67993927001953,520.2907104492188,594.1820678710938,117.9313735961914,434.6416931152344,68.11761474609375,902.0399780273438,130.65151977539062,93.29896545410156,167.12770080566406,24.454360961914062,165.98773193359375,74.20999908447266,117.76927947998047,147.85870361328125,4.463924407958984,243.48849487304688,170.84683227539062,436.1700134277344,193.17823791503906,480.7013854980469,313.2785949707031,37.39536666870117,67.739990234375,92.70303344726562,102.6649169921875
2024-12-20,253.58978271484375,447.1700134277344,162.28614807128906,119.20999908447266,256.896484375,224.9199981689453,70.1760025024414,700.2406616210938,218.64556884765625,177.35000610351562,80.91242980957031,43.39448547363281,5020.9423828125,67.7236557006836,361.63067626953125,950.4601440429688,341.97216796875,57.048828125,138.04603576660156,111.55428314208984,334.74224853515625,167.33482360839844,190.78799438476562,557.5283203125,385.527587890625,46.04536056518555,218.93479919433594,141.0690460205078,232.67453002929688,61.184200286865234,763.1950073242188,71.25563049316406,525.0135498046875,583.8861083984375,120.8087158203125,434.2140808105469,69.97262573242188,909.0499877929688,134.670654296875,93.62677001953125,167.9891357421875,25.014240264892578,164.8791046142578,80.55000305175781,119.74543762207031,150.30662536621094,4.434427261352539,245.67869567871094,174.73037719726562,421.05999755859375,195.7289276123047,491.3912353515625,316.09423828125,37.35794448852539,69.2059555053711,91.55168914794922,103.01521301269531
2024-12-23,254.36703491210938,446.739990234375,166.1253204345703,124.5999984741211,257.501220703125,225.05999755859375,70.58364868164062,715.4822387695312,230.70980834960938,177.69000244140625,83.72489166259766,43.11940383911133,5035.39306640625,68.2913589477539,360.9884948730469,946.3158569335938,341.2258605957031,57.49726104736328,138.16200256347656,110.92696380615234,334.3363342285156,167.98085021972656,193.99754333496094,562.137451171875,385.3802795410156,46.44599914550781,217.53311157226562,141.8502197265625,233.44815063476562,61.01791763305664,791.54541015625,73.25067138671875,525.9382934570312,598.4520874023438,121.79718017578125,432.8714294433594,70.77320861816406,911.4500122070312,139.6395721435547,94.91870880126953,167.47422790527344,25.34636878967285,164.9281463623047,80.69000244140625,119.32128143310547,155.56622314453125,4.424594402313232,246.63009643554688,176.9663543701172,430.6000061035156,205.80270385742188,497.4927673339844,315.6067199707031,37.36729431152344,69.40274047851562,89.67579650878906,103.43360900878906
2024-12-24,257.2866516113281,447.94000244140625,167.02806091308594,126.29000091552734,257.9791259765625,229.0500030517578,71.24981689453125,714.1625366210938,237.98805236816406,179.33999633789062,84.09857177734375,43.600807189941406,5094.884765625,69.49529266357422,363.1421813964844,955.1921997070312,342.74835205078125,58.34539031982422,139.0027313232422,112.08203125,338.1280822753906,170.43565368652344,195.47271728515625,573.9656372070312,389.0038146972656,46.98019027709961,219.96400451660156,142.41656494140625,237.28689575195312,61.467872619628906,790.93896484375,73.28044128417969,532.6497192382812,606.3336791992188,124.3515396118164,436.9291076660156,71.18326568603516,932.1199951171875,140.18946838378906,94.82229614257812,169.72189331054688,25.37483787536621,165.74244689941406,82.37999725341797,118.48262786865234,156.6673126220703,4.414762020111084,251.3672637939453,177.92742919921875,462.2799987792969,204.7804412841797,497.2569580078125,319.0192565917969,37.2363166809082,70.43579864501953,91.9884033203125,103.53091430664062
2024-12-26,258.1037292480469,450.1600036621094,166.21458435058594,125.05999755859375,256.70135498046875,227.0500030517578,71.15038299560547,710.3421630859375,243.62796020507812,180.3800048828125,84.6492691040039,43.767818450927734,5068.1328125,69.83787536621094,362.6976318359375,952.5222778320312,340.0516052246094,58.47211837768555,139.13804626464844,112.07208251953125,336.7618713378906,171.0915985107422,194.96438598632812,572.42919921875,388.0218200683594,46.98973083496094,220.43447875976562,142.1529083251953,238.09967041015625,61.20376968383789,789.4181518554688,73.43924713134766,533.087158203125,601.9439697265625,125.30086517333984,435.7157897949219,70.65604400634766,924.1400146484375,139.89952087402344,94.8705062866211,169.98922729492188,25.204029083251953,166.93934631347656,82.13999938964844,118.62882995605469,155.85133361816406,4.414762020111084,251.23841857910156,193.54991149902344,454.1300048828125,201.5349884033203,502.2187194824219,319.2779541015625,37.386009216308594,70.60307312011719,92.09758758544922,103.61848449707031
2024-12-27,254.68588256835938,446.4800109863281,165.50033569335938,125.19000244140625,256.1844177246094,223.75,70.3350830078125,708.0897216796875,240.04344177246094,180.72000122070312,83.6462173461914,43.56150436401367,5009.8037109375,69.49529266357422,360.46484375,936.1444702148438,336.797607421875,58.11142349243164,139.15736389160156,111.07633209228516,331.287109375,169.30970764160156,192.1335906982422,567.4556274414062,385.7828674316406,47.01835250854492,218.3662872314453,141.63539123535156,236.17050170898438,61.086387634277344,778.5133056640625,72.85364532470703,529.15966796875,598.4121704101562,124.05793762207031,428.17718505859375,70.40221405029297,907.5499877929688,136.98016357421875,94.8608627319336,167.2960205078125,25.26096534729004,166.32127380371094,79.08000183105469,118.37540435791016,154.5831298828125,4.414762020111084,247.9085235595703,195.668212890625,431.6600036621094,200.11573791503906,501.0789794921875,317.03936767578125,37.34858703613281,69.96355438232422,90.97602844238281,103.60875701904297
2024-12-30,251.30787658691406,445.79998779296875,162.33575439453125,122.44000244140625,252.91690063476562,221.3000030517578,69.10218048095703,690.7841796875,233.9169921875,176.5500030517578,82.73168182373047,43.13905715942383,4963.5380859375,68.89822387695312,358.63714599609375,918.7207641601562,334.1007995605469,57.70198059082031,138.25863647460938,110.32951354980469,329.0595703125,167.33868408203125,190.61856079101562,564.8655395507812,382.4146423339844,47.228206634521484,215.8863983154297,139.9656524658203,234.35887145996094,60.67555618286133,769.2388305664062,71.61294555664062,522.5476684570312,589.8621215820312,123.06947326660156,422.50836181640625,70.06050109863281,900.4299926757812,137.46005249023438,93.83888244628906,165.26622009277344,25.07117462158203,163.92745971679688,77.18000030517578,116.97186279296875,151.9680633544922,4.463924407958984,246.60035705566406,191.8827362060547,417.4100036621094,198.88504028320312,498.92724609375,313.7064208984375,37.049198150634766,69.27484130859375,89.89414978027344,102.90816497802734
